employee_id,recommended_course_1,recommended_course_2,recommended_course_3
1,C++ Object-Oriented Programming,Email Management with Microsoft Outlook,Critical Thinking and Analytical Problem Solving
2,Designing High-Impact PowerPoint Presentations,IBM Notes Collaboration and Email,Critical Thinking and Analytical Problem Solving
4,SQL Querying for Beginners,Email Management with Microsoft Outlook,Speed Reading and Comprehension
5,FileMaker Pro Database Development,Professional Document Creation in Microsoft Word,Performance Monitoring and Quality Assurance
7,FileMaker Pro Database Development,IBM Notes Collaboration and Email,Speed Reading and Comprehension
8,FileMaker Pro Database Development,IBM Notes Collaboration and Email,Effective Communication and Active Listening
10,Designing High-Impact PowerPoint Presentations,Microsoft Office Suite Productivity Boost,Critical Thinking and Analytical Problem Solving
11,FileMaker Pro Database Development,Email Management with Microsoft Outlook,Critical Thinking and Analytical Problem Solving
12,Enterprise Resource Planning with SAP,Microsoft Office Suite Productivity Boost,Critical Thinking and Analytical Problem Solving
13,SQL Querying for Beginners,Email Management with Microsoft Outlook,Critical Thinking and Analytical Problem Solving
14,Enterprise Resource Planning with SAP,Microsoft Office Suite Productivity Boost,Effective Communication and Active Listening
15,FileMaker Pro Database Development,IBM Notes Collaboration and Email,Enterprise Resource Planning with SAP
16,SQL Querying for Beginners,Advanced Microsoft Excel Masterclass,Effective Communication and Active Listening
18,SQL Querying for Beginners,Email Management with Microsoft Outlook,Effective Communication and Active Listening
19,FileMaker Pro Database Development,Microsoft Office Suite Productivity Boost,Effective Communication and Active Listening
20,Enterprise Resource Planning with SAP,Email Management with Microsoft Outlook,Continuous Learning Strategies
21,FileMaker Pro Database Development,Advanced Microsoft Excel Masterclass,Effective Communication and Active Listening
22,FileMaker Pro Database Development,Email Management with Microsoft Outlook,Critical Thinking and Analytical Problem Solving
23,SQL Querying for Beginners,Microsoft Office Suite Productivity Boost,Effective Communication and Active Listening
24,Python Programming for Data Analytics,Microsoft Office Suite Productivity Boost,Critical Thinking and Analytical Problem Solving
26,Enterprise Resource Planning with SAP,IBM Notes Collaboration and Email,Critical Thinking and Analytical Problem Solving
27,Enterprise Resource Planning with SAP,Advanced Microsoft Excel Masterclass,Effective Communication and Active Listening
28,Enterprise Resource Planning with SAP,Email Management with Microsoft Outlook,Effective Communication and Active Listening
30,FileMaker Pro Database Development,Advanced Microsoft Excel Masterclass,Critical Thinking and Analytical Problem Solving
31,SQL Querying for Beginners,IBM Notes Collaboration and Email,Effective Communication and Active Listening
32,Enterprise Resource Planning with SAP,Email Management with Microsoft Outlook,Effective Communication and Active Listening
33,SQL Querying for Beginners,Email Management with Microsoft Outlook,Critical Thinking and Analytical Problem Solving
35,C++ Object-Oriented Programming,Email Management with Microsoft Outlook,Speed Reading and Comprehension
36,SQL Querying for Beginners,Email Management with Microsoft Outlook,Critical Thinking and Analytical Problem Solving
38,FileMaker Pro Database Development,Microsoft Office Suite Productivity Boost,Effective Communication and Active Listening
39,Enterprise Resource Planning with SAP,Email Management with Microsoft Outlook,Critical Thinking and Analytical Problem Solving
40,SQL Querying for Beginners,IBM Notes Collaboration and Email,Critical Thinking and Analytical Problem Solving
41,FileMaker Pro Database Development,Email Management with Microsoft Outlook,Effective Communication and Active Listening
42,Designing High-Impact PowerPoint Presentations,Email Management with Microsoft Outlook,Critical Thinking and Analytical Problem Solving
45,FileMaker Pro Database Development,IBM Notes Collaboration and Email,Performance Monitoring and Quality Assurance
46,Designing High-Impact PowerPoint Presentations,Advanced Microsoft Excel Masterclass,Critical Thinking and Analytical Problem Solving
47,Designing High-Impact PowerPoint Presentations,Professional Document Creation in Microsoft Word,Effective Communication and Active Listening
49,SQL Querying for Beginners,Email Management with Microsoft Outlook,Critical Thinking and Analytical Problem Solving
51,Designing High-Impact PowerPoint Presentations,Professional Document Creation in Microsoft Word,Effective Communication and Active Listening
52,Enterprise Resource Planning with SAP,Email Management with Microsoft Outlook,Performance Monitoring and Quality Assurance
53,FileMaker Pro Database Development,Microsoft Office Suite Productivity Boost,Speed Reading and Comprehension
54,FileMaker Pro Database Development,Email Management with Microsoft Outlook,Continuous Learning Strategies
55,Enterprise Resource Planning with SAP,Email Management with Microsoft Outlook,Effective Communication and Active Listening
56,Enterprise Resource Planning with SAP,Microsoft Office Suite Productivity Boost,Continuous Learning Strategies
57,Enterprise Resource Planning with SAP,IBM Notes Collaboration and Email,Critical Thinking and Analytical Problem Solving
58,Enterprise Resource Planning with SAP,Advanced Microsoft Excel Masterclass,Effective Communication and Active Listening
60,JavaScript Web Development Essentials,Microsoft Office Suite Productivity Boost,Speed Reading and Comprehension
61,FileMaker Pro Database Development,IBM Notes Collaboration and Email,Critical Thinking and Analytical Problem Solving
62,Enterprise Resource Planning with SAP,Microsoft Office Suite Productivity Boost,Continuous Learning Strategies
63,Enterprise Resource Planning with SAP,Email Management with Microsoft Outlook,Critical Thinking and Analytical Problem Solving
64,FileMaker Pro Database Development,Microsoft Office Suite Productivity Boost,Continuous Learning Strategies
65,FileMaker Pro Database Development,Microsoft Office Suite Productivity Boost,Speed Reading and Comprehension
68,C++ Object-Oriented Programming,Microsoft Office Suite Productivity Boost,Effective Communication and Active Listening
70,SQL Querying for Beginners,Professional Document Creation in Microsoft Word,Continuous Learning Strategies
72,Enterprise Resource Planning with SAP,Email Management with Microsoft Outlook,Critical Thinking and Analytical Problem Solving
73,Designing High-Impact PowerPoint Presentations,Microsoft Office Suite Productivity Boost,Effective Communication and Active Listening
74,Enterprise Resource Planning with SAP,Email Management with Microsoft Outlook,Effective Communication and Active Listening
75,FileMaker Pro Database Development,Microsoft Office Suite Productivity Boost,Effective Communication and Active Listening
76,FileMaker Pro Database Development,Advanced Microsoft Excel Masterclass,Critical Thinking and Analytical Problem Solving
77,Designing High-Impact PowerPoint Presentations,Email Management with Microsoft Outlook,Effective Learning and Study Strategies
78,Enterprise Resource Planning with SAP,Microsoft Office Suite Productivity Boost,Effective Communication and Active Listening
79,FileMaker Pro Database Development,Email Management with Microsoft Outlook,Effective Communication and Active Listening
80,Enterprise Resource Planning with SAP,Email Management with Microsoft Outlook,Critical Thinking and Analytical Problem Solving
81,Enterprise Resource Planning with SAP,Email Management with Microsoft Outlook,Effective Communication and Active Listening
83,SQL Querying for Beginners,Email Management with Microsoft Outlook,Effective Communication and Active Listening
84,Enterprise Resource Planning with SAP,Email Management with Microsoft Outlook,Critical Thinking and Analytical Problem Solving
85,FileMaker Pro Database Development,Email Management with Microsoft Outlook,Effective Communication and Active Listening
86,FileMaker Pro Database Development,Professional Document Creation in Microsoft Word,Continuous Learning Strategies
88,Linux System Administration Basics,Microsoft Office Suite Productivity Boost,Effective Communication and Active Listening
90,FileMaker Pro Database Development,Microsoft Office Suite Productivity Boost,Critical Thinking and Analytical Problem Solving
91,C++ Object-Oriented Programming,Professional Document Creation in Microsoft Word,Effective Communication and Active Listening
94,SQL Querying for Beginners,IBM Notes Collaboration and Email,Effective Learning and Study Strategies
95,FileMaker Pro Database Development,IBM Notes Collaboration and Email,Continuous Learning Strategies
96,FileMaker Pro Database Development,Advanced Microsoft Excel Masterclass,Continuous Learning Strategies
97,FileMaker Pro Database Development,Email Management with Microsoft Outlook,Critical Thinking and Analytical Problem Solving
98,Enterprise Resource Planning with SAP,Email Management with Microsoft Outlook,Effective Communication and Active Listening
100,JavaScript Web Development Essentials,Professional Document Creation in Microsoft Word,Continuous Learning Strategies
101,Enterprise Resource Planning with SAP,Advanced Microsoft Excel Masterclass,Effective Communication and Active Listening
102,SQL Querying for Beginners,Microsoft Office Suite Productivity Boost,Critical Thinking and Analytical Problem Solving
103,Enterprise Resource Planning with SAP,IBM Notes Collaboration and Email,Continuous Learning Strategies
104,Enterprise Resource Planning with SAP,Email Management with Microsoft Outlook,Continuous Learning Strategies
105,Enterprise Resource Planning with SAP,Advanced Microsoft Excel Masterclass,Effective Communication and Active Listening
106,JavaScript Web Development Essentials,Microsoft Office Suite Productivity Boost,Effective Communication and Active Listening
107,FileMaker Pro Database Development,Microsoft Office Suite Productivity Boost,Effective Communication and Active Listening
110,Enterprise Resource Planning with SAP,Microsoft Office Suite Productivity Boost,Effective Communication and Active Listening
112,FileMaker Pro Database Development,IBM Notes Collaboration and Email,Critical Thinking and Analytical Problem Solving
113,Designing High-Impact PowerPoint Presentations,Email Management with Microsoft Outlook,Effective Communication and Active Listening
116,Enterprise Resource Planning with SAP,Advanced Microsoft Excel Masterclass,Critical Thinking and Analytical Problem Solving
117,SQL Querying for Beginners,Email Management with Microsoft Outlook,Effective Communication and Active Listening
118,JavaScript Web Development Essentials,Email Management with Microsoft Outlook,Effective Communication and Active Listening
119,Email Management with Microsoft Outlook,Continuous Learning Strategies,Effective Learning and Study Strategies
120,C++ Object-Oriented Programming,Microsoft Office Suite Productivity Boost,Critical Thinking and Analytical Problem Solving
121,Enterprise Resource Planning with SAP,Email Management with Microsoft Outlook,Effective Communication and Active Listening
124,SQL Querying for Beginners,Email Management with Microsoft Outlook,Effective Learning and Study Strategies
125,Enterprise Resource Planning with SAP,Email Management with Microsoft Outlook,Effective Communication and Active Listening
126,Enterprise Resource Planning with SAP,Email Management with Microsoft Outlook,Effective Communication and Active Listening
128,C++ Object-Oriented Programming,Advanced Microsoft Excel Masterclass,Effective Communication and Active Listening
129,C++ Object-Oriented Programming,Email Management with Microsoft Outlook,Effective Communication and Active Listening
131,C++ Object-Oriented Programming,Email Management with Microsoft Outlook,Continuous Learning Strategies
132,FileMaker Pro Database Development,Email Management with Microsoft Outlook,Speed Reading and Comprehension
133,SQL Querying for Beginners,Email Management with Microsoft Outlook,Critical Thinking and Analytical Problem Solving
134,Designing High-Impact PowerPoint Presentations,Microsoft Office Suite Productivity Boost,Speed Reading and Comprehension
137,Enterprise Resource Planning with SAP,Email Management with Microsoft Outlook,Effective Communication and Active Listening
138,FileMaker Pro Database Development,Microsoft Office Suite Productivity Boost,Effective Communication and Active Listening
139,SQL Querying for Beginners,Email Management with Microsoft Outlook,Effective Communication and Active Listening
140,FileMaker Pro Database Development,Email Management with Microsoft Outlook,Effective Communication and Active Listening
141,Enterprise Resource Planning with SAP,Advanced Microsoft Excel Masterclass,Critical Thinking and Analytical Problem Solving
142,C++ Object-Oriented Programming,Email Management with Microsoft Outlook,Critical Thinking and Analytical Problem Solving
143,Microsoft Office Suite Productivity Boost,Speed Reading and Comprehension,Essential Mathematics for Business
144,Enterprise Resource Planning with SAP,Email Management with Microsoft Outlook,Critical Thinking and Analytical Problem Solving
145,Designing High-Impact PowerPoint Presentations,IBM Notes Collaboration and Email,Critical Thinking and Analytical Problem Solving
147,FileMaker Pro Database Development,Email Management with Microsoft Outlook,Effective Communication and Active Listening
148,FileMaker Pro Database Development,Email Management with Microsoft Outlook,Effective Learning and Study Strategies
150,FileMaker Pro Database Development,Email Management with Microsoft Outlook,Critical Thinking and Analytical Problem Solving
151,FileMaker Pro Database Development,IBM Notes Collaboration and Email,Effective Communication and Active Listening
152,Enterprise Resource Planning with SAP,Email Management with Microsoft Outlook,Critical Thinking and Analytical Problem Solving
153,FileMaker Pro Database Development,Professional Document Creation in Microsoft Word,Effective Communication and Active Listening
154,Designing High-Impact PowerPoint Presentations,Advanced Microsoft Excel Masterclass,Effective Communication and Active Listening
155,SQL Querying for Beginners,IBM Notes Collaboration and Email,Critical Thinking and Analytical Problem Solving
158,Enterprise Resource Planning with SAP,Email Management with Microsoft Outlook,Speed Reading and Comprehension
159,Linux System Administration Basics,Microsoft Office Suite Productivity Boost,Critical Thinking and Analytical Problem Solving
160,Enterprise Resource Planning with SAP,Email Management with Microsoft Outlook,Continuous Learning Strategies
161,SQL Querying for Beginners,IBM Notes Collaboration and Email,Effective Communication and Active Listening
162,Designing High-Impact PowerPoint Presentations,Email Management with Microsoft Outlook,Effective Communication and Active Listening
163,Designing High-Impact PowerPoint Presentations,Advanced Microsoft Excel Masterclass,Critical Thinking and Analytical Problem Solving
164,Python Programming for Data Analytics,IBM Notes Collaboration and Email,Effective Communication and Active Listening
165,SQL Querying for Beginners,Email Management with Microsoft Outlook,Effective Communication and Active Listening
167,Designing High-Impact PowerPoint Presentations,Email Management with Microsoft Outlook,Effective Communication and Active Listening
169,FileMaker Pro Database Development,Email Management with Microsoft Outlook,Effective Learning and Study Strategies
170,Enterprise Resource Planning with SAP,IBM Notes Collaboration and Email,Critical Thinking and Analytical Problem Solving
171,SQL Querying for Beginners,Microsoft Office Suite Productivity Boost,Speed Reading and Comprehension
174,Designing High-Impact PowerPoint Presentations,Microsoft Office Suite Productivity Boost,Effective Communication and Active Listening
175,JavaScript Web Development Essentials,Advanced Microsoft Excel Masterclass,Continuous Learning Strategies
176,C++ Object-Oriented Programming,Email Management with Microsoft Outlook,Critical Thinking and Analytical Problem Solving
177,Enterprise Resource Planning with SAP,Advanced Microsoft Excel Masterclass,Critical Thinking and Analytical Problem Solving
178,Enterprise Resource Planning with SAP,Professional Document Creation in Microsoft Word,Effective Learning and Study Strategies
179,JavaScript Web Development Essentials,Microsoft Office Suite Productivity Boost,Speed Reading and Comprehension
182,Enterprise Resource Planning with SAP,Professional Document Creation in Microsoft Word,Effective Communication and Active Listening
183,C++ Object-Oriented Programming,Email Management with Microsoft Outlook,Continuous Learning Strategies
184,Designing High-Impact PowerPoint Presentations,Email Management with Microsoft Outlook,Effective Communication and Active Listening
190,SQL Querying for Beginners,Email Management with Microsoft Outlook,Critical Thinking and Analytical Problem Solving
192,SQL Querying for Beginners,IBM Notes Collaboration and Email,Effective Communication and Active Listening
193,SQL Querying for Beginners,Microsoft Office Suite Productivity Boost,Speed Reading and Comprehension
194,SQL Querying for Beginners,IBM Notes Collaboration and Email,Effective Communication and Active Listening
195,C++ Object-Oriented Programming,Email Management with Microsoft Outlook,Effective Communication and Active Listening
197,Advanced Microsoft Excel Masterclass,Speed Reading and Comprehension,Essential Mathematics for Business
198,FileMaker Pro Database Development,Advanced Microsoft Excel Masterclass,Effective Communication and Active Listening
199,FileMaker Pro Database Development,IBM Notes Collaboration and Email,Continuous Learning Strategies
200,FileMaker Pro Database Development,Email Management with Microsoft Outlook,Business Writing Essentials
201,FileMaker Pro Database Development,Advanced Microsoft Excel Masterclass,Critical Thinking and Analytical Problem Solving
202,Enterprise Resource Planning with SAP,Advanced Microsoft Excel Masterclass,Continuous Learning Strategies
204,C++ Object-Oriented Programming,Advanced Microsoft Excel Masterclass,Effective Communication and Active Listening
205,Email Management with Microsoft Outlook,Effective Communication and Active Listening,Critical Thinking and Analytical Problem Solving
206,Enterprise Resource Planning with SAP,Email Management with Microsoft Outlook,Effective Communication and Active Listening
207,Enterprise Resource Planning with SAP,Advanced Microsoft Excel Masterclass,Effective Communication and Active Listening
208,Enterprise Resource Planning with SAP,Email Management with Microsoft Outlook,Effective Communication and Active Listening
211,SQL Querying for Beginners,Microsoft Office Suite Productivity Boost,Effective Communication and Active Listening
214,SQL Querying for Beginners,Advanced Microsoft Excel Masterclass,Critical Thinking and Analytical Problem Solving
215,Enterprise Resource Planning with SAP,Email Management with Microsoft Outlook,Effective Communication and Active Listening
216,Designing High-Impact PowerPoint Presentations,Microsoft Office Suite Productivity Boost,Effective Communication and Active Listening
217,FileMaker Pro Database Development,Microsoft Office Suite Productivity Boost,Critical Thinking and Analytical Problem Solving
218,FileMaker Pro Database Development,Microsoft Office Suite Productivity Boost,Effective Communication and Active Listening
221,SQL Querying for Beginners,Advanced Microsoft Excel Masterclass,Effective Communication and Active Listening
223,SQL Querying for Beginners,Email Management with Microsoft Outlook,Critical Thinking and Analytical Problem Solving
224,Linux System Administration Basics,Microsoft Office Suite Productivity Boost,Continuous Learning Strategies
226,SQL Querying for Beginners,Email Management with Microsoft Outlook,Critical Thinking and Analytical Problem Solving
227,SQL Querying for Beginners,Email Management with Microsoft Outlook,Speed Reading and Comprehension
228,Enterprise Resource Planning with SAP,Microsoft Office Suite Productivity Boost,Business Writing Essentials
230,Enterprise Resource Planning with SAP,Email Management with Microsoft Outlook,Effective Communication and Active Listening
231,Enterprise Resource Planning with SAP,IBM Notes Collaboration and Email,Critical Thinking and Analytical Problem Solving
233,SQL Querying for Beginners,Microsoft Office Suite Productivity Boost,Effective Communication and Active Listening
235,SQL Querying for Beginners,Email Management with Microsoft Outlook,Critical Thinking and Analytical Problem Solving
238,SQL Querying for Beginners,Email Management with Microsoft Outlook,Effective Communication and Active Listening
239,FileMaker Pro Database Development,IBM Notes Collaboration and Email,Effective Communication and Active Listening
240,Enterprise Resource Planning with SAP,Microsoft Office Suite Productivity Boost,Advanced Microsoft Excel Masterclass
241,SQL Querying for Beginners,Advanced Microsoft Excel Masterclass,Continuous Learning Strategies
242,Designing High-Impact PowerPoint Presentations,Microsoft Office Suite Productivity Boost,Critical Thinking and Analytical Problem Solving
243,Enterprise Resource Planning with SAP,Professional Document Creation in Microsoft Word,Effective Learning and Study Strategies
244,C++ Object-Oriented Programming,Professional Document Creation in Microsoft Word,Critical Thinking and Analytical Problem Solving
245,Email Management with Microsoft Outlook,Effective Communication and Active Listening,Continuous Learning Strategies
246,SQL Querying for Beginners,Microsoft Office Suite Productivity Boost,Continuous Learning Strategies
247,FileMaker Pro Database Development,Microsoft Office Suite Productivity Boost,Continuous Learning Strategies
248,Designing High-Impact PowerPoint Presentations,Email Management with Microsoft Outlook,Speed Reading and Comprehension
249,Enterprise Resource Planning with SAP,IBM Notes Collaboration and Email,Effective Communication and Active Listening
250,FileMaker Pro Database Development,Email Management with Microsoft Outlook,Effective Communication and Active Listening
252,FileMaker Pro Database Development,IBM Notes Collaboration and Email,Business Writing Essentials
253,FileMaker Pro Database Development,Email Management with Microsoft Outlook,Critical Thinking and Analytical Problem Solving
254,Enterprise Resource Planning with SAP,Email Management with Microsoft Outlook,Effective Communication and Active Listening
256,Enterprise Resource Planning with SAP,Email Management with Microsoft Outlook,Critical Thinking and Analytical Problem Solving
258,SQL Querying for Beginners,IBM Notes Collaboration and Email,Effective Communication and Active Listening
259,FileMaker Pro Database Development,Microsoft Office Suite Productivity Boost,Effective Communication and Active Listening
260,SQL Querying for Beginners,Microsoft Office Suite Productivity Boost,Effective Communication and Active Listening
261,FileMaker Pro Database Development,Microsoft Office Suite Productivity Boost,Critical Thinking and Analytical Problem Solving
262,Linux System Administration Basics,Microsoft Office Suite Productivity Boost,Effective Communication and Active Listening
264,SQL Querying for Beginners,Microsoft Office Suite Productivity Boost,Speed Reading and Comprehension
267,SQL Querying for Beginners,IBM Notes Collaboration and Email,Effective Communication and Active Listening
269,FileMaker Pro Database Development,Microsoft Office Suite Productivity Boost,Continuous Learning Strategies
270,SQL Querying for Beginners,Email Management with Microsoft Outlook,Critical Thinking and Analytical Problem Solving
271,FileMaker Pro Database Development,Email Management with Microsoft Outlook,Effective Communication and Active Listening
273,Enterprise Resource Planning with SAP,IBM Notes Collaboration and Email,Effective Communication and Active Listening
274,FileMaker Pro Database Development,Email Management with Microsoft Outlook,Critical Thinking and Analytical Problem Solving
275,FileMaker Pro Database Development,IBM Notes Collaboration and Email,Effective Communication and Active Listening
277,SQL Querying for Beginners,Advanced Microsoft Excel Masterclass,Continuous Learning Strategies
281,Enterprise Resource Planning with SAP,Email Management with Microsoft Outlook,Effective Communication and Active Listening
282,SQL Querying for Beginners,IBM Notes Collaboration and Email,Effective Communication and Active Listening
283,Enterprise Resource Planning with SAP,Email Management with Microsoft Outlook,Continuous Learning Strategies
284,FileMaker Pro Database Development,Microsoft Office Suite Productivity Boost,Effective Communication and Active Listening
286,FileMaker Pro Database Development,Advanced Microsoft Excel Masterclass,Effective Communication and Active Listening
287,Designing High-Impact PowerPoint Presentations,Microsoft Office Suite Productivity Boost,Speed Reading and Comprehension
288,JavaScript Web Development Essentials,Microsoft Office Suite Productivity Boost,Speed Reading and Comprehension
291,JavaScript Web Development Essentials,Email Management with Microsoft Outlook,Critical Thinking and Analytical Problem Solving
292,FileMaker Pro Database Development,Email Management with Microsoft Outlook,Effective Learning and Study Strategies
293,Enterprise Resource Planning with SAP,Email Management with Microsoft Outlook,Critical Thinking and Analytical Problem Solving
296,Enterprise Resource Planning with SAP,Email Management with Microsoft Outlook,Critical Thinking and Analytical Problem Solving
297,FileMaker Pro Database Development,IBM Notes Collaboration and Email,Speed Reading and Comprehension
298,SQL Querying for Beginners,Email Management with Microsoft Outlook,Effective Communication and Active Listening
299,C++ Object-Oriented Programming,Email Management with Microsoft Outlook,Continuous Learning Strategies
300,FileMaker Pro Database Development,Advanced Microsoft Excel Masterclass,Critical Thinking and Analytical Problem Solving
302,C++ Object-Oriented Programming,Email Management with Microsoft Outlook,Business Writing Essentials
303,C++ Object-Oriented Programming,Email Management with Microsoft Outlook,Effective Communication and Active Listening
304,FileMaker Pro Database Development,Microsoft Office Suite Productivity Boost,Critical Thinking and Analytical Problem Solving
305,FileMaker Pro Database Development,Email Management with Microsoft Outlook,Effective Communication and Active Listening
306,Designing High-Impact PowerPoint Presentations,Email Management with Microsoft Outlook,Critical Thinking and Analytical Problem Solving
307,Enterprise Resource Planning with SAP,Advanced Microsoft Excel Masterclass,Effective Communication and Active Listening
308,FileMaker Pro Database Development,Email Management with Microsoft Outlook,Effective Communication and Active Listening
309,Linux System Administration Basics,Microsoft Office Suite Productivity Boost,Critical Thinking and Analytical Problem Solving
311,Microsoft Office Suite Productivity Boost,Critical Thinking and Analytical Problem Solving,Continuous Learning Strategies
312,Enterprise Resource Planning with SAP,Email Management with Microsoft Outlook,Continuous Learning Strategies
314,C++ Object-Oriented Programming,Email Management with Microsoft Outlook,Effective Communication and Active Listening
315,FileMaker Pro Database Development,Microsoft Office Suite Productivity Boost,Continuous Learning Strategies
316,SQL Querying for Beginners,Microsoft Office Suite Productivity Boost,Critical Thinking and Analytical Problem Solving
319,FileMaker Pro Database Development,Microsoft Office Suite Productivity Boost,Continuous Learning Strategies
321,FileMaker Pro Database Development,Email Management with Microsoft Outlook,Effective Communication and Active Listening
323,Enterprise Resource Planning with SAP,IBM Notes Collaboration and Email,Critical Thinking and Analytical Problem Solving
325,Enterprise Resource Planning with SAP,Microsoft Office Suite Productivity Boost,Effective Communication and Active Listening
327,FileMaker Pro Database Development,IBM Notes Collaboration and Email,Performance Monitoring and Quality Assurance
328,IBM Notes Collaboration and Email,Effective Communication and Active Listening,Continuous Learning Strategies
329,SQL Querying for Beginners,Microsoft Office Suite Productivity Boost,Critical Thinking and Analytical Problem Solving
330,Email Management with Microsoft Outlook,Critical Thinking and Analytical Problem Solving,Continuous Learning Strategies
331,Designing High-Impact PowerPoint Presentations,Advanced Microsoft Excel Masterclass,Speed Reading and Comprehension
332,Enterprise Resource Planning with SAP,Email Management with Microsoft Outlook,Effective Communication and Active Listening
333,Enterprise Resource Planning with SAP,Professional Document Creation in Microsoft Word,Effective Communication and Active Listening
334,FileMaker Pro Database Development,Advanced Microsoft Excel Masterclass,Effective Communication and Active Listening
335,SQL Querying for Beginners,Microsoft Office Suite Productivity Boost,Critical Thinking and Analytical Problem Solving
336,FileMaker Pro Database Development,Email Management with Microsoft Outlook,Speed Reading and Comprehension
337,Enterprise Resource Planning with SAP,Microsoft Office Suite Productivity Boost,Effective Communication and Active Listening
338,FileMaker Pro Database Development,IBM Notes Collaboration and Email,Effective Communication and Active Listening
339,Enterprise Resource Planning with SAP,Email Management with Microsoft Outlook,Critical Thinking and Analytical Problem Solving
340,SQL Querying for Beginners,Microsoft Office Suite Productivity Boost,Business Writing Essentials
341,Enterprise Resource Planning with SAP,Email Management with Microsoft Outlook,Effective Communication and Active Listening
342,FileMaker Pro Database Development,Advanced Microsoft Excel Masterclass,Continuous Learning Strategies
343,Designing High-Impact PowerPoint Presentations,Microsoft Office Suite Productivity Boost,Critical Thinking and Analytical Problem Solving
346,FileMaker Pro Database Development,Microsoft Office Suite Productivity Boost,Speed Reading and Comprehension
347,FileMaker Pro Database Development,Microsoft Office Suite Productivity Boost,Critical Thinking and Analytical Problem Solving
349,C++ Object-Oriented Programming,Email Management with Microsoft Outlook,Continuous Learning Strategies
350,Enterprise Resource Planning with SAP,Microsoft Office Suite Productivity Boost,Effective Communication and Active Listening
351,SQL Querying for Beginners,Email Management with Microsoft Outlook,Critical Thinking and Analytical Problem Solving
352,Enterprise Resource Planning with SAP,Microsoft Office Suite Productivity Boost,Continuous Learning Strategies
353,FileMaker Pro Database Development,IBM Notes Collaboration and Email,Effective Communication and Active Listening
355,Email Management with Microsoft Outlook,Effective Communication and Active Listening,Continuous Learning Strategies
359,FileMaker Pro Database Development,Email Management with Microsoft Outlook,Continuous Learning Strategies
361,Enterprise Resource Planning with SAP,Professional Document Creation in Microsoft Word,Continuous Learning Strategies
362,FileMaker Pro Database Development,Email Management with Microsoft Outlook,Speed Reading and Comprehension
363,Enterprise Resource Planning with SAP,Email Management with Microsoft Outlook,Effective Communication and Active Listening
364,FileMaker Pro Database Development,Microsoft Office Suite Productivity Boost,Continuous Learning Strategies
366,C++ Object-Oriented Programming,Email Management with Microsoft Outlook,Effective Communication and Active Listening
367,SQL Querying for Beginners,Microsoft Office Suite Productivity Boost,Critical Thinking and Analytical Problem Solving
369,SQL Querying for Beginners,Email Management with Microsoft Outlook,Critical Thinking and Analytical Problem Solving
372,SQL Querying for Beginners,Email Management with Microsoft Outlook,Effective Communication and Active Listening
373,FileMaker Pro Database Development,Microsoft Office Suite Productivity Boost,Effective Communication and Active Listening
374,FileMaker Pro Database Development,Email Management with Microsoft Outlook,Continuous Learning Strategies
376,Enterprise Resource Planning with SAP,Email Management with Microsoft Outlook,Effective Learning and Study Strategies
377,FileMaker Pro Database Development,Microsoft Office Suite Productivity Boost,Continuous Learning Strategies
378,C++ Object-Oriented Programming,Email Management with Microsoft Outlook,Critical Thinking and Analytical Problem Solving
379,FileMaker Pro Database Development,IBM Notes Collaboration and Email,Effective Communication and Active Listening
380,Enterprise Resource Planning with SAP,Advanced Microsoft Excel Masterclass,Effective Communication and Active Listening
381,FileMaker Pro Database Development,Microsoft Office Suite Productivity Boost,Effective Communication and Active Listening
382,Enterprise Resource Planning with SAP,Email Management with Microsoft Outlook,Effective Communication and Active Listening
384,FileMaker Pro Database Development,IBM Notes Collaboration and Email,Effective Communication and Active Listening
385,Designing High-Impact PowerPoint Presentations,IBM Notes Collaboration and Email,Effective Learning and Study Strategies
386,Designing High-Impact PowerPoint Presentations,Microsoft Office Suite Productivity Boost,Critical Thinking and Analytical Problem Solving
387,Enterprise Resource Planning with SAP,Microsoft Office Suite Productivity Boost,Effective Communication and Active Listening
388,Enterprise Resource Planning with SAP,Microsoft Office Suite Productivity Boost,Critical Thinking and Analytical Problem Solving
389,FileMaker Pro Database Development,Professional Document Creation in Microsoft Word,Public Speaking and Presentation Skills
390,Designing High-Impact PowerPoint Presentations,Email Management with Microsoft Outlook,Effective Communication and Active Listening
391,SQL Querying for Beginners,Advanced Microsoft Excel Masterclass,Effective Communication and Active Listening
392,FileMaker Pro Database Development,Email Management with Microsoft Outlook,Continuous Learning Strategies
393,JavaScript Web Development Essentials,Microsoft Office Suite Productivity Boost,Effective Communication and Active Listening
394,FileMaker Pro Database Development,Email Management with Microsoft Outlook,Effective Communication and Active Listening
395,Enterprise Resource Planning with SAP,Microsoft Office Suite Productivity Boost,Critical Thinking and Analytical Problem Solving
396,Enterprise Resource Planning with SAP,Microsoft Office Suite Productivity Boost,Effective Communication and Active Listening
397,FileMaker Pro Database Development,Professional Document Creation in Microsoft Word,Critical Thinking and Analytical Problem Solving
399,Enterprise Resource Planning with SAP,Email Management with Microsoft Outlook,Effective Communication and Active Listening
401,Designing High-Impact PowerPoint Presentations,Microsoft Office Suite Productivity Boost,Continuous Learning Strategies
403,SQL Querying for Beginners,IBM Notes Collaboration and Email,Effective Communication and Active Listening
404,Enterprise Resource Planning with SAP,Email Management with Microsoft Outlook,Effective Communication and Active Listening
405,SQL Querying for Beginners,Email Management with Microsoft Outlook,Effective Communication and Active Listening
406,C++ Object-Oriented Programming,Email Management with Microsoft Outlook,Effective Communication and Active Listening
407,Designing High-Impact PowerPoint Presentations,IBM Notes Collaboration and Email,Continuous Learning Strategies
408,Enterprise Resource Planning with SAP,Professional Document Creation in Microsoft Word,Effective Communication and Active Listening
410,FileMaker Pro Database Development,Professional Document Creation in Microsoft Word,Critical Thinking and Analytical Problem Solving
411,SQL Querying for Beginners,Email Management with Microsoft Outlook,Effective Communication and Active Listening
412,Designing High-Impact PowerPoint Presentations,Microsoft Office Suite Productivity Boost,Effective Communication and Active Listening
416,C++ Object-Oriented Programming,Email Management with Microsoft Outlook,Continuous Learning Strategies
417,SQL Querying for Beginners,Microsoft Office Suite Productivity Boost,Critical Thinking and Analytical Problem Solving
419,FileMaker Pro Database Development,Email Management with Microsoft Outlook,Critical Thinking and Analytical Problem Solving
420,JavaScript Web Development Essentials,Email Management with Microsoft Outlook,Critical Thinking and Analytical Problem Solving
421,Enterprise Resource Planning with SAP,Email Management with Microsoft Outlook,Effective Communication and Active Listening
422,SQL Querying for Beginners,Microsoft Office Suite Productivity Boost,Effective Communication and Active Listening
423,SQL Querying for Beginners,Microsoft Office Suite Productivity Boost,Effective Communication and Active Listening
424,SQL Querying for Beginners,IBM Notes Collaboration and Email,Effective Communication and Active Listening
425,SQL Querying for Beginners,IBM Notes Collaboration and Email,Continuous Learning Strategies
426,FileMaker Pro Database Development,IBM Notes Collaboration and Email,Effective Communication and Active Listening
428,FileMaker Pro Database Development,Email Management with Microsoft Outlook,Effective Communication and Active Listening
429,FileMaker Pro Database Development,Microsoft Office Suite Productivity Boost,Effective Communication and Active Listening
430,FileMaker Pro Database Development,Email Management with Microsoft Outlook,Speed Reading and Comprehension
431,JavaScript Web Development Essentials,Microsoft Office Suite Productivity Boost,Critical Thinking and Analytical Problem Solving
433,Designing High-Impact PowerPoint Presentations,Microsoft Office Suite Productivity Boost,Effective Communication and Active Listening
434,FileMaker Pro Database Development,Microsoft Office Suite Productivity Boost,Continuous Learning Strategies
436,C++ Object-Oriented Programming,Email Management with Microsoft Outlook,Effective Communication and Active Listening
437,C++ Object-Oriented Programming,Professional Document Creation in Microsoft Word,Critical Thinking and Analytical Problem Solving
438,Enterprise Resource Planning with SAP,Email Management with Microsoft Outlook,Effective Communication and Active Listening
439,SQL Querying for Beginners,IBM Notes Collaboration and Email,Effective Communication and Active Listening
440,Designing High-Impact PowerPoint Presentations,Advanced Microsoft Excel Masterclass,Critical Thinking and Analytical Problem Solving
441,FileMaker Pro Database Development,IBM Notes Collaboration and Email,Effective Communication and Active Listening
442,FileMaker Pro Database Development,IBM Notes Collaboration and Email,Effective Communication and Active Listening
444,Designing High-Impact PowerPoint Presentations,Email Management with Microsoft Outlook,Critical Thinking and Analytical Problem Solving
445,Enterprise Resource Planning with SAP,Advanced Microsoft Excel Masterclass,Effective Learning and Study Strategies
446,JavaScript Web Development Essentials,Professional Document Creation in Microsoft Word,Critical Thinking and Analytical Problem Solving
447,Designing High-Impact PowerPoint Presentations,Microsoft Office Suite Productivity Boost,Continuous Learning Strategies
448,SQL Querying for Beginners,IBM Notes Collaboration and Email,Effective Communication and Active Listening
449,C++ Object-Oriented Programming,Email Management with Microsoft Outlook,Effective Communication and Active Listening
450,FileMaker Pro Database Development,Advanced Microsoft Excel Masterclass,Critical Thinking and Analytical Problem Solving
451,SQL Querying for Beginners,Email Management with Microsoft Outlook,Effective Communication and Active Listening
452,FileMaker Pro Database Development,IBM Notes Collaboration and Email,Effective Communication and Active Listening
453,C++ Object-Oriented Programming,Email Management with Microsoft Outlook,Effective Communication and Active Listening
454,SQL Querying for Beginners,Microsoft Office Suite Productivity Boost,Continuous Learning Strategies
455,SQL Querying for Beginners,IBM Notes Collaboration and Email,Critical Thinking and Analytical Problem Solving
456,Enterprise Resource Planning with SAP,Email Management with Microsoft Outlook,Critical Thinking and Analytical Problem Solving
458,C++ Object-Oriented Programming,Advanced Microsoft Excel Masterclass,Effective Communication and Active Listening
460,FileMaker Pro Database Development,Microsoft Office Suite Productivity Boost,Critical Thinking and Analytical Problem Solving
461,Enterprise Resource Planning with SAP,Email Management with Microsoft Outlook,Speed Reading and Comprehension
462,FileMaker Pro Database Development,IBM Notes Collaboration and Email,Effective Communication and Active Listening
463,Enterprise Resource Planning with SAP,Email Management with Microsoft Outlook,Effective Communication and Active Listening
464,SQL Querying for Beginners,Email Management with Microsoft Outlook,Critical Thinking and Analytical Problem Solving
465,Designing High-Impact PowerPoint Presentations,Advanced Microsoft Excel Masterclass,Critical Thinking and Analytical Problem Solving
466,Enterprise Resource Planning with SAP,Email Management with Microsoft Outlook,Public Speaking and Presentation Skills
467,SQL Querying for Beginners,Email Management with Microsoft Outlook,Continuous Learning Strategies
468,Enterprise Resource Planning with SAP,Effective Communication and Active Listening,Continuous Learning Strategies
469,C++ Object-Oriented Programming,Email Management with Microsoft Outlook,Effective Learning and Study Strategies
470,FileMaker Pro Database Development,Email Management with Microsoft Outlook,Effective Learning and Study Strategies
471,Email Management with Microsoft Outlook,Continuous Learning Strategies,Microsoft Office Suite Productivity Boost
473,FileMaker Pro Database Development,Microsoft Office Suite Productivity Boost,Speed Reading and Comprehension
474,FileMaker Pro Database Development,Microsoft Office Suite Productivity Boost,Effective Communication and Active Listening
475,C++ Object-Oriented Programming,Advanced Microsoft Excel Masterclass,Performance Monitoring and Quality Assurance
476,Enterprise Resource Planning with SAP,Microsoft Office Suite Productivity Boost,Effective Communication and Active Listening
477,SQL Querying for Beginners,Advanced Microsoft Excel Masterclass,Continuous Learning Strategies
478,Enterprise Resource Planning with SAP,Professional Document Creation in Microsoft Word,Effective Communication and Active Listening
479,Python Programming for Data Analytics,Microsoft Office Suite Productivity Boost,Public Speaking and Presentation Skills
481,Enterprise Resource Planning with SAP,Email Management with Microsoft Outlook,Continuous Learning Strategies
482,SQL Querying for Beginners,Email Management with Microsoft Outlook,Effective Communication and Active Listening
483,Enterprise Resource Planning with SAP,Email Management with Microsoft Outlook,Effective Communication and Active Listening
484,Email Management with Microsoft Outlook,Speed Reading and Comprehension,Microsoft Office Suite Productivity Boost
485,Designing High-Impact PowerPoint Presentations,Email Management with Microsoft Outlook,Effective Communication and Active Listening
486,SQL Querying for Beginners,Email Management with Microsoft Outlook,Effective Communication and Active Listening
487,FileMaker Pro Database Development,Microsoft Office Suite Productivity Boost,Effective Communication and Active Listening
488,C++ Object-Oriented Programming,Microsoft Office Suite Productivity Boost,Effective Communication and Active Listening
491,JavaScript Web Development Essentials,IBM Notes Collaboration and Email,Effective Communication and Active Listening
492,JavaScript Web Development Essentials,Advanced Microsoft Excel Masterclass,Effective Communication and Active Listening
493,FileMaker Pro Database Development,Microsoft Office Suite Productivity Boost,Critical Thinking and Analytical Problem Solving
494,Enterprise Resource Planning with SAP,Email Management with Microsoft Outlook,Effective Communication and Active Listening
495,FileMaker Pro Database Development,IBM Notes Collaboration and Email,Speed Reading and Comprehension
496,SQL Querying for Beginners,Professional Document Creation in Microsoft Word,Effective Communication and Active Listening
497,Enterprise Resource Planning with SAP,Email Management with Microsoft Outlook,Continuous Learning Strategies
498,C++ Object-Oriented Programming,Microsoft Office Suite Productivity Boost,Performance Monitoring and Quality Assurance
499,SQL Querying for Beginners,Email Management with Microsoft Outlook,Effective Communication and Active Listening
500,Enterprise Resource Planning with SAP,Email Management with Microsoft Outlook,Effective Communication and Active Listening
501,SQL Querying for Beginners,Effective Communication and Active Listening,Continuous Learning Strategies
502,C++ Object-Oriented Programming,Advanced Microsoft Excel Masterclass,Effective Communication and Active Listening
505,FileMaker Pro Database Development,Microsoft Office Suite Productivity Boost,Continuous Learning Strategies
507,Enterprise Resource Planning with SAP,Email Management with Microsoft Outlook,Continuous Learning Strategies
508,Email Management with Microsoft Outlook,Effective Communication and Active Listening,Critical Thinking and Analytical Problem Solving
510,FileMaker Pro Database Development,Professional Document Creation in Microsoft Word,Effective Communication and Active Listening
511,FileMaker Pro Database Development,Advanced Microsoft Excel Masterclass,Critical Thinking and Analytical Problem Solving
513,JavaScript Web Development Essentials,Email Management with Microsoft Outlook,Effective Communication and Active Listening
514,FileMaker Pro Database Development,Microsoft Office Suite Productivity Boost,Effective Communication and Active Listening
515,FileMaker Pro Database Development,Email Management with Microsoft Outlook,Performance Monitoring and Quality Assurance
516,C++ Object-Oriented Programming,Microsoft Office Suite Productivity Boost,Critical Thinking and Analytical Problem Solving
517,Enterprise Resource Planning with SAP,Professional Document Creation in Microsoft Word,Critical Thinking and Analytical Problem Solving
518,Enterprise Resource Planning with SAP,Advanced Microsoft Excel Masterclass,Speed Reading and Comprehension
520,SQL Querying for Beginners,Email Management with Microsoft Outlook,Speed Reading and Comprehension
521,Designing High-Impact PowerPoint Presentations,Email Management with Microsoft Outlook,Continuous Learning Strategies
522,Enterprise Resource Planning with SAP,Email Management with Microsoft Outlook,Critical Thinking and Analytical Problem Solving
523,C++ Object-Oriented Programming,Email Management with Microsoft Outlook,Speed Reading and Comprehension
524,SQL Querying for Beginners,Email Management with Microsoft Outlook,Critical Thinking and Analytical Problem Solving
525,FileMaker Pro Database Development,Microsoft Office Suite Productivity Boost,Effective Communication and Active Listening
526,SQL Querying for Beginners,IBM Notes Collaboration and Email,Speed Reading and Comprehension
527,JavaScript Web Development Essentials,Email Management with Microsoft Outlook,Effective Learning and Study Strategies
529,SQL Querying for Beginners,Professional Document Creation in Microsoft Word,Effective Communication and Active Listening
530,SQL Querying for Beginners,Email Management with Microsoft Outlook,Continuous Learning Strategies
531,Enterprise Resource Planning with SAP,Email Management with Microsoft Outlook,Effective Communication and Active Listening
532,Enterprise Resource Planning with SAP,Microsoft Office Suite Productivity Boost,Critical Thinking and Analytical Problem Solving
533,Enterprise Resource Planning with SAP,Email Management with Microsoft Outlook,Continuous Learning Strategies
534,C++ Object-Oriented Programming,Email Management with Microsoft Outlook,Critical Thinking and Analytical Problem Solving
536,FileMaker Pro Database Development,Microsoft Office Suite Productivity Boost,Critical Thinking and Analytical Problem Solving
538,Enterprise Resource Planning with SAP,Email Management with Microsoft Outlook,Effective Communication and Active Listening
543,Designing High-Impact PowerPoint Presentations,Email Management with Microsoft Outlook,Speed Reading and Comprehension
544,Designing High-Impact PowerPoint Presentations,Advanced Microsoft Excel Masterclass,Continuous Learning Strategies
546,Enterprise Resource Planning with SAP,IBM Notes Collaboration and Email,Critical Thinking and Analytical Problem Solving
547,FileMaker Pro Database Development,Microsoft Office Suite Productivity Boost,Critical Thinking and Analytical Problem Solving
548,Enterprise Resource Planning with SAP,IBM Notes Collaboration and Email,Critical Thinking and Analytical Problem Solving
549,Enterprise Resource Planning with SAP,Microsoft Office Suite Productivity Boost,Continuous Learning Strategies
550,Enterprise Resource Planning with SAP,Microsoft Office Suite Productivity Boost,Business Writing Essentials
551,Designing High-Impact PowerPoint Presentations,Microsoft Office Suite Productivity Boost,Critical Thinking and Analytical Problem Solving
554,Designing High-Impact PowerPoint Presentations,Email Management with Microsoft Outlook,Continuous Learning Strategies
555,Designing High-Impact PowerPoint Presentations,Email Management with Microsoft Outlook,Effective Communication and Active Listening
556,Enterprise Resource Planning with SAP,Microsoft Office Suite Productivity Boost,Critical Thinking and Analytical Problem Solving
558,Designing High-Impact PowerPoint Presentations,IBM Notes Collaboration and Email,Effective Communication and Active Listening
560,SQL Querying for Beginners,Advanced Microsoft Excel Masterclass,Effective Communication and Active Listening
562,FileMaker Pro Database Development,Microsoft Office Suite Productivity Boost,Critical Thinking and Analytical Problem Solving
564,Enterprise Resource Planning with SAP,Advanced Microsoft Excel Masterclass,Effective Communication and Active Listening
565,SQL Querying for Beginners,Advanced Microsoft Excel Masterclass,Critical Thinking and Analytical Problem Solving
566,SQL Querying for Beginners,Email Management with Microsoft Outlook,Effective Communication and Active Listening
567,Enterprise Resource Planning with SAP,Microsoft Office Suite Productivity Boost,Speed Reading and Comprehension
568,Enterprise Resource Planning with SAP,Microsoft Office Suite Productivity Boost,Critical Thinking and Analytical Problem Solving
569,Enterprise Resource Planning with SAP,Microsoft Office Suite Productivity Boost,Continuous Learning Strategies
571,FileMaker Pro Database Development,Email Management with Microsoft Outlook,Effective Communication and Active Listening
573,Enterprise Resource Planning with SAP,Advanced Microsoft Excel Masterclass,Effective Communication and Active Listening
574,JavaScript Web Development Essentials,IBM Notes Collaboration and Email,Critical Thinking and Analytical Problem Solving
575,Enterprise Resource Planning with SAP,Microsoft Office Suite Productivity Boost,Effective Communication and Active Listening
577,FileMaker Pro Database Development,IBM Notes Collaboration and Email,Effective Learning and Study Strategies
578,SQL Querying for Beginners,Email Management with Microsoft Outlook,Critical Thinking and Analytical Problem Solving
579,FileMaker Pro Database Development,IBM Notes Collaboration and Email,Effective Communication and Active Listening
580,Enterprise Resource Planning with SAP,Email Management with Microsoft Outlook,Effective Communication and Active Listening
581,FileMaker Pro Database Development,Email Management with Microsoft Outlook,Performance Monitoring and Quality Assurance
582,SQL Querying for Beginners,Microsoft Office Suite Productivity Boost,Continuous Learning Strategies
584,SQL Querying for Beginners,Advanced Microsoft Excel Masterclass,Effective Communication and Active Listening
585,SQL Querying for Beginners,Email Management with Microsoft Outlook,Effective Communication and Active Listening
586,SQL Querying for Beginners,Effective Communication and Active Listening,Critical Thinking and Analytical Problem Solving
587,Designing High-Impact PowerPoint Presentations,Advanced Microsoft Excel Masterclass,Critical Thinking and Analytical Problem Solving
590,FileMaker Pro Database Development,Email Management with Microsoft Outlook,Effective Communication and Active Listening
591,SQL Querying for Beginners,Microsoft Office Suite Productivity Boost,Critical Thinking and Analytical Problem Solving
592,C++ Object-Oriented Programming,Email Management with Microsoft Outlook,Critical Thinking and Analytical Problem Solving
593,IBM Notes Collaboration and Email,Continuous Learning Strategies,Statistical Quality Control and Analysis
595,Enterprise Resource Planning with SAP,Advanced Microsoft Excel Masterclass,Continuous Learning Strategies
597,SQL Querying for Beginners,Microsoft Office Suite Productivity Boost,Effective Communication and Active Listening
599,JavaScript Web Development Essentials,Email Management with Microsoft Outlook,Speed Reading and Comprehension
600,Enterprise Resource Planning with SAP,Microsoft Office Suite Productivity Boost,Public Speaking and Presentation Skills
601,FileMaker Pro Database Development,Microsoft Office Suite Productivity Boost,Effective Communication and Active Listening
602,SQL Querying for Beginners,Email Management with Microsoft Outlook,Effective Communication and Active Listening
604,C++ Object-Oriented Programming,Advanced Microsoft Excel Masterclass,Continuous Learning Strategies
605,FileMaker Pro Database Development,Email Management with Microsoft Outlook,Effective Communication and Active Listening
606,JavaScript Web Development Essentials,Email Management with Microsoft Outlook,Effective Communication and Active Listening
608,FileMaker Pro Database Development,Microsoft Office Suite Productivity Boost,Effective Communication and Active Listening
611,FileMaker Pro Database Development,IBM Notes Collaboration and Email,Critical Thinking and Analytical Problem Solving
612,Enterprise Resource Planning with SAP,Professional Document Creation in Microsoft Word,Effective Communication and Active Listening
613,SQL Querying for Beginners,Email Management with Microsoft Outlook,Effective Learning and Study Strategies
614,Enterprise Resource Planning with SAP,Microsoft Office Suite Productivity Boost,Effective Communication and Active Listening
615,JavaScript Web Development Essentials,Microsoft Office Suite Productivity Boost,Effective Communication and Active Listening
616,SQL Querying for Beginners,Microsoft Office Suite Productivity Boost,Effective Communication and Active Listening
618,Designing High-Impact PowerPoint Presentations,Advanced Microsoft Excel Masterclass,Effective Communication and Active Listening
620,C++ Object-Oriented Programming,Email Management with Microsoft Outlook,Continuous Learning Strategies
621,Designing High-Impact PowerPoint Presentations,Email Management with Microsoft Outlook,Effective Communication and Active Listening
622,FileMaker Pro Database Development,Professional Document Creation in Microsoft Word,Continuous Learning Strategies
623,FileMaker Pro Database Development,Microsoft Office Suite Productivity Boost,Effective Communication and Active Listening
624,JavaScript Web Development Essentials,Microsoft Office Suite Productivity Boost,Critical Thinking and Analytical Problem Solving
625,SQL Querying for Beginners,Microsoft Office Suite Productivity Boost,Effective Communication and Active Listening
626,C++ Object-Oriented Programming,Advanced Microsoft Excel Masterclass,Critical Thinking and Analytical Problem Solving
630,Designing High-Impact PowerPoint Presentations,IBM Notes Collaboration and Email,Critical Thinking and Analytical Problem Solving
631,JavaScript Web Development Essentials,Advanced Microsoft Excel Masterclass,Critical Thinking and Analytical Problem Solving
632,Email Management with Microsoft Outlook,Public Speaking and Presentation Skills,Advanced Microsoft Excel Masterclass
634,SQL Querying for Beginners,Email Management with Microsoft Outlook,Critical Thinking and Analytical Problem Solving
635,FileMaker Pro Database Development,Email Management with Microsoft Outlook,Effective Communication and Active Listening
638,JavaScript Web Development Essentials,Professional Document Creation in Microsoft Word,Critical Thinking and Analytical Problem Solving
639,FileMaker Pro Database Development,Professional Document Creation in Microsoft Word,Business Writing Essentials
641,C++ Object-Oriented Programming,Microsoft Office Suite Productivity Boost,Continuous Learning Strategies
643,FileMaker Pro Database Development,Email Management with Microsoft Outlook,Continuous Learning Strategies
644,FileMaker Pro Database Development,Email Management with Microsoft Outlook,Effective Communication and Active Listening
645,Enterprise Resource Planning with SAP,Microsoft Office Suite Productivity Boost,Effective Communication and Active Listening
647,Enterprise Resource Planning with SAP,Professional Document Creation in Microsoft Word,Public Speaking and Presentation Skills
648,SQL Querying for Beginners,Critical Thinking and Analytical Problem Solving,Speed Reading and Comprehension
649,SQL Querying for Beginners,Microsoft Office Suite Productivity Boost,Effective Communication and Active Listening
650,C++ Object-Oriented Programming,Microsoft Office Suite Productivity Boost,Effective Communication and Active Listening
652,FileMaker Pro Database Development,Microsoft Office Suite Productivity Boost,Effective Communication and Active Listening
653,Enterprise Resource Planning with SAP,Email Management with Microsoft Outlook,Effective Communication and Active Listening
655,Linux System Administration Basics,Microsoft Office Suite Productivity Boost,Continuous Learning Strategies
656,Linux System Administration Basics,Microsoft Office Suite Productivity Boost,Speed Reading and Comprehension
657,SQL Querying for Beginners,Microsoft Office Suite Productivity Boost,Critical Thinking and Analytical Problem Solving
659,IBM Notes Collaboration and Email,Continuous Learning Strategies,Effective Learning and Study Strategies
661,Designing High-Impact PowerPoint Presentations,Microsoft Office Suite Productivity Boost,Continuous Learning Strategies
662,FileMaker Pro Database Development,Professional Document Creation in Microsoft Word,Continuous Learning Strategies
663,FileMaker Pro Database Development,Advanced Microsoft Excel Masterclass,Business Writing Essentials
664,Enterprise Resource Planning with SAP,Email Management with Microsoft Outlook,Effective Learning and Study Strategies
665,SQL Querying for Beginners,Microsoft Office Suite Productivity Boost,Speed Reading and Comprehension
666,Designing High-Impact PowerPoint Presentations,Microsoft Office Suite Productivity Boost,Effective Communication and Active Listening
667,Email Management with Microsoft Outlook,Effective Communication and Active Listening,Critical Thinking and Analytical Problem Solving
669,Designing High-Impact PowerPoint Presentations,Professional Document Creation in Microsoft Word,Effective Communication and Active Listening
671,FileMaker Pro Database Development,Advanced Microsoft Excel Masterclass,Effective Communication and Active Listening
675,SQL Querying for Beginners,IBM Notes Collaboration and Email,Critical Thinking and Analytical Problem Solving
677,C++ Object-Oriented Programming,Email Management with Microsoft Outlook,Effective Communication and Active Listening
679,FileMaker Pro Database Development,IBM Notes Collaboration and Email,Continuous Learning Strategies
680,SQL Querying for Beginners,Advanced Microsoft Excel Masterclass,Effective Communication and Active Listening
682,C++ Object-Oriented Programming,Email Management with Microsoft Outlook,Speed Reading and Comprehension
683,FileMaker Pro Database Development,Microsoft Office Suite Productivity Boost,Effective Communication and Active Listening
684,C++ Object-Oriented Programming,Microsoft Office Suite Productivity Boost,Effective Communication and Active Listening
686,SQL Querying for Beginners,Microsoft Office Suite Productivity Boost,Effective Communication and Active Listening
689,FileMaker Pro Database Development,Professional Document Creation in Microsoft Word,Effective Communication and Active Listening
690,C++ Object-Oriented Programming,Professional Document Creation in Microsoft Word,Continuous Learning Strategies
691,FileMaker Pro Database Development,IBM Notes Collaboration and Email,Effective Communication and Active Listening
692,SQL Querying for Beginners,IBM Notes Collaboration and Email,Critical Thinking and Analytical Problem Solving
698,Designing High-Impact PowerPoint Presentations,Email Management with Microsoft Outlook,Effective Communication and Active Listening
699,FileMaker Pro Database Development,Professional Document Creation in Microsoft Word,Effective Communication and Active Listening
700,FileMaker Pro Database Development,Microsoft Office Suite Productivity Boost,Effective Communication and Active Listening
701,Designing High-Impact PowerPoint Presentations,Microsoft Office Suite Productivity Boost,Speed Reading and Comprehension
702,FileMaker Pro Database Development,Microsoft Office Suite Productivity Boost,Public Speaking and Presentation Skills
704,FileMaker Pro Database Development,Email Management with Microsoft Outlook,Effective Communication and Active Listening
705,Enterprise Resource Planning with SAP,Advanced Microsoft Excel Masterclass,Effective Communication and Active Listening
707,C++ Object-Oriented Programming,Microsoft Office Suite Productivity Boost,Effective Communication and Active Listening
709,Enterprise Resource Planning with SAP,Microsoft Office Suite Productivity Boost,Speed Reading and Comprehension
710,FileMaker Pro Database Development,Microsoft Office Suite Productivity Boost,Critical Thinking and Analytical Problem Solving
712,Enterprise Resource Planning with SAP,Microsoft Office Suite Productivity Boost,Critical Thinking and Analytical Problem Solving
714,C++ Object-Oriented Programming,Professional Document Creation in Microsoft Word,Business Writing Essentials
715,SQL Querying for Beginners,Advanced Microsoft Excel Masterclass,Continuous Learning Strategies
716,FileMaker Pro Database Development,Email Management with Microsoft Outlook,Effective Communication and Active Listening
717,Email Management with Microsoft Outlook,Critical Thinking and Analytical Problem Solving,Continuous Learning Strategies
720,Linux System Administration Basics,Advanced Microsoft Excel Masterclass,Speed Reading and Comprehension
721,SQL Querying for Beginners,Email Management with Microsoft Outlook,Effective Communication and Active Listening
722,Enterprise Resource Planning with SAP,Email Management with Microsoft Outlook,Critical Thinking and Analytical Problem Solving
723,C++ Object-Oriented Programming,Microsoft Office Suite Productivity Boost,Critical Thinking and Analytical Problem Solving
724,Designing High-Impact PowerPoint Presentations,Email Management with Microsoft Outlook,Effective Learning and Study Strategies
725,Enterprise Resource Planning with SAP,Microsoft Office Suite Productivity Boost,Effective Learning and Study Strategies
727,Enterprise Resource Planning with SAP,Microsoft Office Suite Productivity Boost,Effective Communication and Active Listening
728,Enterprise Resource Planning with SAP,Email Management with Microsoft Outlook,Effective Communication and Active Listening
729,Enterprise Resource Planning with SAP,Professional Document Creation in Microsoft Word,Continuous Learning Strategies
730,Designing High-Impact PowerPoint Presentations,Professional Document Creation in Microsoft Word,Effective Communication and Active Listening
731,SQL Querying for Beginners,Professional Document Creation in Microsoft Word,Continuous Learning Strategies
732,Enterprise Resource Planning with SAP,Microsoft Office Suite Productivity Boost,Effective Communication and Active Listening
733,FileMaker Pro Database Development,Email Management with Microsoft Outlook,Effective Communication and Active Listening
734,Enterprise Resource Planning with SAP,Email Management with Microsoft Outlook,Critical Thinking and Analytical Problem Solving
738,Email Management with Microsoft Outlook,Effective Communication and Active Listening,Critical Thinking and Analytical Problem Solving
741,Python Programming for Data Analytics,IBM Notes Collaboration and Email,Continuous Learning Strategies
742,Enterprise Resource Planning with SAP,Email Management with Microsoft Outlook,Effective Communication and Active Listening
743,FileMaker Pro Database Development,IBM Notes Collaboration and Email,Effective Communication and Active Listening
744,Enterprise Resource Planning with SAP,Email Management with Microsoft Outlook,Effective Communication and Active Listening
746,Designing High-Impact PowerPoint Presentations,Advanced Microsoft Excel Masterclass,Effective Communication and Active Listening
747,C++ Object-Oriented Programming,Microsoft Office Suite Productivity Boost,Critical Thinking and Analytical Problem Solving
749,Designing High-Impact PowerPoint Presentations,Email Management with Microsoft Outlook,Continuous Learning Strategies
752,FileMaker Pro Database Development,IBM Notes Collaboration and Email,Critical Thinking and Analytical Problem Solving
754,C++ Object-Oriented Programming,Microsoft Office Suite Productivity Boost,Effective Communication and Active Listening
757,SQL Querying for Beginners,Microsoft Office Suite Productivity Boost,Critical Thinking and Analytical Problem Solving
758,SQL Querying for Beginners,Email Management with Microsoft Outlook,Effective Communication and Active Listening
760,SQL Querying for Beginners,Email Management with Microsoft Outlook,Effective Communication and Active Listening
762,Designing High-Impact PowerPoint Presentations,Email Management with Microsoft Outlook,Effective Learning and Study Strategies
763,FileMaker Pro Database Development,Microsoft Office Suite Productivity Boost,Effective Communication and Active Listening
764,Designing High-Impact PowerPoint Presentations,Microsoft Office Suite Productivity Boost,Effective Communication and Active Listening
766,Designing High-Impact PowerPoint Presentations,Email Management with Microsoft Outlook,Effective Communication and Active Listening
769,FileMaker Pro Database Development,Email Management with Microsoft Outlook,Effective Communication and Active Listening
771,SQL Querying for Beginners,Microsoft Office Suite Productivity Boost,Continuous Learning Strategies
772,FileMaker Pro Database Development,Email Management with Microsoft Outlook,Effective Communication and Active Listening
773,FileMaker Pro Database Development,Microsoft Office Suite Productivity Boost,Effective Communication and Active Listening
775,SQL Querying for Beginners,IBM Notes Collaboration and Email,Effective Communication and Active Listening
776,FileMaker Pro Database Development,Microsoft Office Suite Productivity Boost,Effective Communication and Active Listening
780,FileMaker Pro Database Development,IBM Notes Collaboration and Email,Speed Reading and Comprehension
781,Enterprise Resource Planning with SAP,Email Management with Microsoft Outlook,Effective Communication and Active Listening
783,Designing High-Impact PowerPoint Presentations,Microsoft Office Suite Productivity Boost,Continuous Learning Strategies
784,FileMaker Pro Database Development,Email Management with Microsoft Outlook,Critical Thinking and Analytical Problem Solving
785,Enterprise Resource Planning with SAP,Email Management with Microsoft Outlook,Effective Communication and Active Listening
786,C++ Object-Oriented Programming,Email Management with Microsoft Outlook,Speed Reading and Comprehension
787,FileMaker Pro Database Development,IBM Notes Collaboration and Email,Continuous Learning Strategies
789,C++ Object-Oriented Programming,Email Management with Microsoft Outlook,Effective Communication and Active Listening
791,Linux System Administration Basics,Microsoft Office Suite Productivity Boost,Critical Thinking and Analytical Problem Solving
792,Enterprise Resource Planning with SAP,IBM Notes Collaboration and Email,Speed Reading and Comprehension
793,SQL Querying for Beginners,Microsoft Office Suite Productivity Boost,Continuous Learning Strategies
796,Enterprise Resource Planning with SAP,Email Management with Microsoft Outlook,Speed Reading and Comprehension
797,Linux System Administration Basics,IBM Notes Collaboration and Email,Business Writing Essentials
799,FileMaker Pro Database Development,Email Management with Microsoft Outlook,Continuous Learning Strategies
800,C++ Object-Oriented Programming,Email Management with Microsoft Outlook,Business Writing Essentials
802,FileMaker Pro Database Development,Microsoft Office Suite Productivity Boost,Effective Communication and Active Listening
803,SQL Querying for Beginners,Email Management with Microsoft Outlook,Critical Thinking and Analytical Problem Solving
804,Linux System Administration Basics,Professional Document Creation in Microsoft Word,Critical Thinking and Analytical Problem Solving
805,SQL Querying for Beginners,Microsoft Office Suite Productivity Boost,Critical Thinking and Analytical Problem Solving
806,Enterprise Resource Planning with SAP,Advanced Microsoft Excel Masterclass,Performance Monitoring and Quality Assurance
807,SQL Querying for Beginners,Email Management with Microsoft Outlook,Effective Communication and Active Listening
808,Enterprise Resource Planning with SAP,Email Management with Microsoft Outlook,Continuous Learning Strategies
809,Enterprise Resource Planning with SAP,IBM Notes Collaboration and Email,Effective Communication and Active Listening
811,SQL Querying for Beginners,IBM Notes Collaboration and Email,Effective Communication and Active Listening
812,Email Management with Microsoft Outlook,Effective Communication and Active Listening,Critical Thinking and Analytical Problem Solving
813,SQL Querying for Beginners,Email Management with Microsoft Outlook,Public Speaking and Presentation Skills
815,SQL Querying for Beginners,Professional Document Creation in Microsoft Word,Speed Reading and Comprehension
816,FileMaker Pro Database Development,Email Management with Microsoft Outlook,Effective Communication and Active Listening
817,Enterprise Resource Planning with SAP,Microsoft Office Suite Productivity Boost,Continuous Learning Strategies
819,C++ Object-Oriented Programming,Microsoft Office Suite Productivity Boost,Effective Communication and Active Listening
820,SQL Querying for Beginners,Email Management with Microsoft Outlook,Critical Thinking and Analytical Problem Solving
823,FileMaker Pro Database Development,IBM Notes Collaboration and Email,Effective Communication and Active Listening
824,Linux System Administration Basics,Microsoft Office Suite Productivity Boost,Effective Communication and Active Listening
825,Enterprise Resource Planning with SAP,Advanced Microsoft Excel Masterclass,Effective Communication and Active Listening
826,Linux System Administration Basics,Microsoft Office Suite Productivity Boost,Effective Communication and Active Listening
827,FileMaker Pro Database Development,IBM Notes Collaboration and Email,Critical Thinking and Analytical Problem Solving
828,SQL Querying for Beginners,Microsoft Office Suite Productivity Boost,Effective Communication and Active Listening
829,SQL Querying for Beginners,Email Management with Microsoft Outlook,Effective Communication and Active Listening
830,FileMaker Pro Database Development,Email Management with Microsoft Outlook,Effective Communication and Active Listening
832,Enterprise Resource Planning with SAP,Professional Document Creation in Microsoft Word,Effective Communication and Active Listening
833,FileMaker Pro Database Development,Microsoft Office Suite Productivity Boost,Effective Communication and Active Listening
834,Designing High-Impact PowerPoint Presentations,Advanced Microsoft Excel Masterclass,Critical Thinking and Analytical Problem Solving
836,FileMaker Pro Database Development,Microsoft Office Suite Productivity Boost,Speed Reading and Comprehension
837,Microsoft Office Suite Productivity Boost,Effective Communication and Active Listening,Critical Thinking and Analytical Problem Solving
838,FileMaker Pro Database Development,Email Management with Microsoft Outlook,Effective Communication and Active Listening
840,C++ Object-Oriented Programming,Microsoft Office Suite Productivity Boost,Effective Communication and Active Listening
842,Enterprise Resource Planning with SAP,Professional Document Creation in Microsoft Word,Speed Reading and Comprehension
843,Enterprise Resource Planning with SAP,Email Management with Microsoft Outlook,Speed Reading and Comprehension
844,SQL Querying for Beginners,Microsoft Office Suite Productivity Boost,Effective Communication and Active Listening
845,FileMaker Pro Database Development,IBM Notes Collaboration and Email,Continuous Learning Strategies
846,JavaScript Web Development Essentials,Email Management with Microsoft Outlook,Continuous Learning Strategies
847,FileMaker Pro Database Development,Microsoft Office Suite Productivity Boost,Effective Communication and Active Listening
848,Email Management with Microsoft Outlook,Speed Reading and Comprehension,Essential Mathematics for Business
850,FileMaker Pro Database Development,Professional Document Creation in Microsoft Word,Effective Communication and Active Listening
851,FileMaker Pro Database Development,IBM Notes Collaboration and Email,Continuous Learning Strategies
852,SQL Querying for Beginners,Microsoft Office Suite Productivity Boost,Effective Communication and Active Listening
854,Designing High-Impact PowerPoint Presentations,Microsoft Office Suite Productivity Boost,Critical Thinking and Analytical Problem Solving
855,C++ Object-Oriented Programming,Microsoft Office Suite Productivity Boost,Critical Thinking and Analytical Problem Solving
856,SQL Querying for Beginners,Microsoft Office Suite Productivity Boost,Effective Communication and Active Listening
857,C++ Object-Oriented Programming,IBM Notes Collaboration and Email,Continuous Learning Strategies
859,Enterprise Resource Planning with SAP,Email Management with Microsoft Outlook,Effective Communication and Active Listening
861,FileMaker Pro Database Development,Microsoft Office Suite Productivity Boost,Speed Reading and Comprehension
862,C++ Object-Oriented Programming,Email Management with Microsoft Outlook,Critical Thinking and Analytical Problem Solving
864,C++ Object-Oriented Programming,Email Management with Microsoft Outlook,Effective Communication and Active Listening
865,Linux System Administration Basics,Advanced Microsoft Excel Masterclass,Critical Thinking and Analytical Problem Solving
867,Enterprise Resource Planning with SAP,Professional Document Creation in Microsoft Word,Critical Thinking and Analytical Problem Solving
868,C++ Object-Oriented Programming,Email Management with Microsoft Outlook,Critical Thinking and Analytical Problem Solving
869,FileMaker Pro Database Development,Microsoft Office Suite Productivity Boost,Effective Communication and Active Listening
872,FileMaker Pro Database Development,IBM Notes Collaboration and Email,Critical Thinking and Analytical Problem Solving
874,SQL Querying for Beginners,Email Management with Microsoft Outlook,Continuous Learning Strategies
875,SQL Querying for Beginners,Microsoft Office Suite Productivity Boost,Effective Communication and Active Listening
878,Enterprise Resource Planning with SAP,Email Management with Microsoft Outlook,Effective Communication and Active Listening
879,Enterprise Resource Planning with SAP,Email Management with Microsoft Outlook,Speed Reading and Comprehension
880,Enterprise Resource Planning with SAP,Microsoft Office Suite Productivity Boost,Critical Thinking and Analytical Problem Solving
881,Designing High-Impact PowerPoint Presentations,IBM Notes Collaboration and Email,Critical Thinking and Analytical Problem Solving
882,SQL Querying for Beginners,IBM Notes Collaboration and Email,Effective Communication and Active Listening
885,C++ Object-Oriented Programming,Microsoft Office Suite Productivity Boost,Effective Communication and Active Listening
887,Designing High-Impact PowerPoint Presentations,Microsoft Office Suite Productivity Boost,Effective Communication and Active Listening
888,FileMaker Pro Database Development,Email Management with Microsoft Outlook,Effective Communication and Active Listening
889,Designing High-Impact PowerPoint Presentations,Advanced Microsoft Excel Masterclass,Critical Thinking and Analytical Problem Solving
893,Email Management with Microsoft Outlook,Speed Reading and Comprehension,Microsoft Office Suite Productivity Boost
894,FileMaker Pro Database Development,Microsoft Office Suite Productivity Boost,Effective Communication and Active Listening
895,SQL Querying for Beginners,Microsoft Office Suite Productivity Boost,Continuous Learning Strategies
896,Designing High-Impact PowerPoint Presentations,Microsoft Office Suite Productivity Boost,Effective Communication and Active Listening
897,Enterprise Resource Planning with SAP,Email Management with Microsoft Outlook,Critical Thinking and Analytical Problem Solving
899,Designing High-Impact PowerPoint Presentations,Email Management with Microsoft Outlook,Continuous Learning Strategies
900,Designing High-Impact PowerPoint Presentations,Microsoft Office Suite Productivity Boost,Speed Reading and Comprehension
901,Designing High-Impact PowerPoint Presentations,Email Management with Microsoft Outlook,Effective Communication and Active Listening
902,SQL Querying for Beginners,Microsoft Office Suite Productivity Boost,Continuous Learning Strategies
903,Enterprise Resource Planning with SAP,Microsoft Office Suite Productivity Boost,Effective Communication and Active Listening
904,Enterprise Resource Planning with SAP,Microsoft Office Suite Productivity Boost,Continuous Learning Strategies
905,FileMaker Pro Database Development,Email Management with Microsoft Outlook,Effective Communication and Active Listening
909,SQL Querying for Beginners,Email Management with Microsoft Outlook,Critical Thinking and Analytical Problem Solving
910,Designing High-Impact PowerPoint Presentations,Microsoft Office Suite Productivity Boost,Critical Thinking and Analytical Problem Solving
911,FileMaker Pro Database Development,Email Management with Microsoft Outlook,Continuous Learning Strategies
912,SQL Querying for Beginners,Email Management with Microsoft Outlook,Critical Thinking and Analytical Problem Solving
913,Linux System Administration Basics,Advanced Microsoft Excel Masterclass,Critical Thinking and Analytical Problem Solving
916,Enterprise Resource Planning with SAP,Email Management with Microsoft Outlook,Critical Thinking and Analytical Problem Solving
918,FileMaker Pro Database Development,Advanced Microsoft Excel Masterclass,Critical Thinking and Analytical Problem Solving
920,FileMaker Pro Database Development,Email Management with Microsoft Outlook,Continuous Learning Strategies
922,SQL Querying for Beginners,Email Management with Microsoft Outlook,Effective Communication and Active Listening
923,Linux System Administration Basics,Professional Document Creation in Microsoft Word,Continuous Learning Strategies
924,SQL Querying for Beginners,Microsoft Office Suite Productivity Boost,Effective Communication and Active Listening
925,SQL Querying for Beginners,Advanced Microsoft Excel Masterclass,Foundations of Modern Science
926,Enterprise Resource Planning with SAP,Email Management with Microsoft Outlook,Effective Communication and Active Listening
927,FileMaker Pro Database Development,Microsoft Office Suite Productivity Boost,Speed Reading and Comprehension
930,SQL Querying for Beginners,Microsoft Office Suite Productivity Boost,Effective Communication and Active Listening
932,SQL Querying for Beginners,IBM Notes Collaboration and Email,Effective Learning and Study Strategies
933,FileMaker Pro Database Development,IBM Notes Collaboration and Email,Critical Thinking and Analytical Problem Solving
934,SQL Querying for Beginners,Email Management with Microsoft Outlook,Critical Thinking and Analytical Problem Solving
936,Linux System Administration Basics,Microsoft Office Suite Productivity Boost,Effective Communication and Active Listening
939,Designing High-Impact PowerPoint Presentations,IBM Notes Collaboration and Email,Effective Learning and Study Strategies
940,SQL Querying for Beginners,Email Management with Microsoft Outlook,Effective Learning and Study Strategies
941,Enterprise Resource Planning with SAP,Professional Document Creation in Microsoft Word,Critical Thinking and Analytical Problem Solving
942,Designing High-Impact PowerPoint Presentations,Email Management with Microsoft Outlook,Effective Communication and Active Listening
944,FileMaker Pro Database Development,Email Management with Microsoft Outlook,Critical Thinking and Analytical Problem Solving
945,Designing High-Impact PowerPoint Presentations,Microsoft Office Suite Productivity Boost,Effective Communication and Active Listening
947,Enterprise Resource Planning with SAP,Email Management with Microsoft Outlook,Continuous Learning Strategies
949,Designing High-Impact PowerPoint Presentations,Microsoft Office Suite Productivity Boost,Continuous Learning Strategies
950,Enterprise Resource Planning with SAP,Microsoft Office Suite Productivity Boost,Continuous Learning Strategies
951,SQL Querying for Beginners,Email Management with Microsoft Outlook,Statistical Quality Control and Analysis
952,Enterprise Resource Planning with SAP,Email Management with Microsoft Outlook,Continuous Learning Strategies
954,Enterprise Resource Planning with SAP,Email Management with Microsoft Outlook,Effective Communication and Active Listening
956,C++ Object-Oriented Programming,Email Management with Microsoft Outlook,Critical Thinking and Analytical Problem Solving
957,Designing High-Impact PowerPoint Presentations,Advanced Microsoft Excel Masterclass,Speed Reading and Comprehension
958,Enterprise Resource Planning with SAP,Microsoft Office Suite Productivity Boost,Effective Communication and Active Listening
959,SQL Querying for Beginners,Email Management with Microsoft Outlook,Effective Communication and Active Listening
960,FileMaker Pro Database Development,Microsoft Office Suite Productivity Boost,Effective Communication and Active Listening
961,SQL Querying for Beginners,Email Management with Microsoft Outlook,Critical Thinking and Analytical Problem Solving
964,Designing High-Impact PowerPoint Presentations,Advanced Microsoft Excel Masterclass,Critical Thinking and Analytical Problem Solving
966,Designing High-Impact PowerPoint Presentations,Email Management with Microsoft Outlook,Effective Communication and Active Listening
967,Enterprise Resource Planning with SAP,Email Management with Microsoft Outlook,Effective Communication and Active Listening
969,Designing High-Impact PowerPoint Presentations,Email Management with Microsoft Outlook,Effective Communication and Active Listening
970,Enterprise Resource Planning with SAP,Email Management with Microsoft Outlook,Effective Communication and Active Listening
972,Designing High-Impact PowerPoint Presentations,IBM Notes Collaboration and Email,Effective Communication and Active Listening
974,SQL Querying for Beginners,Microsoft Office Suite Productivity Boost,Continuous Learning Strategies
975,C++ Object-Oriented Programming,Email Management with Microsoft Outlook,Enterprise Resource Planning with SAP
976,Enterprise Resource Planning with SAP,IBM Notes Collaboration and Email,Effective Learning and Study Strategies
977,Linux System Administration Basics,Email Management with Microsoft Outlook,Effective Communication and Active Listening
981,SQL Querying for Beginners,IBM Notes Collaboration and Email,Effective Communication and Active Listening
982,C++ Object-Oriented Programming,Email Management with Microsoft Outlook,Speed Reading and Comprehension
983,Enterprise Resource Planning with SAP,IBM Notes Collaboration and Email,Performance Monitoring and Quality Assurance
984,Enterprise Resource Planning with SAP,Email Management with Microsoft Outlook,Continuous Learning Strategies
985,JavaScript Web Development Essentials,Advanced Microsoft Excel Masterclass,Critical Thinking and Analytical Problem Solving
986,JavaScript Web Development Essentials,Email Management with Microsoft Outlook,Continuous Learning Strategies
987,SQL Querying for Beginners,IBM Notes Collaboration and Email,Effective Communication and Active Listening
990,Enterprise Resource Planning with SAP,Email Management with Microsoft Outlook,Business Writing Essentials
991,FileMaker Pro Database Development,Microsoft Office Suite Productivity Boost,Critical Thinking and Analytical Problem Solving
992,FileMaker Pro Database Development,Microsoft Office Suite Productivity Boost,Effective Communication and Active Listening
994,Designing High-Impact PowerPoint Presentations,Microsoft Office Suite Productivity Boost,Effective Communication and Active Listening
995,SQL Querying for Beginners,Microsoft Office Suite Productivity Boost,Effective Communication and Active Listening
996,Enterprise Resource Planning with SAP,Email Management with Microsoft Outlook,Performance Monitoring and Quality Assurance
997,SQL Querying for Beginners,Microsoft Office Suite Productivity Boost,Effective Communication and Active Listening
998,Designing High-Impact PowerPoint Presentations,Email Management with Microsoft Outlook,Critical Thinking and Analytical Problem Solving
999,Designing High-Impact PowerPoint Presentations,Email Management with Microsoft Outlook,Speed Reading and Comprehension
1001,SQL Querying for Beginners,Professional Document Creation in Microsoft Word,Continuous Learning Strategies
1002,SQL Querying for Beginners,IBM Notes Collaboration and Email,Critical Thinking and Analytical Problem Solving
1003,C++ Object-Oriented Programming,Microsoft Office Suite Productivity Boost,Effective Communication and Active Listening
1004,FileMaker Pro Database Development,Microsoft Office Suite Productivity Boost,Effective Communication and Active Listening
1005,FileMaker Pro Database Development,Email Management with Microsoft Outlook,Effective Communication and Active Listening
1006,SQL Querying for Beginners,IBM Notes Collaboration and Email,Critical Thinking and Analytical Problem Solving
1007,FileMaker Pro Database Development,IBM Notes Collaboration and Email,Critical Thinking and Analytical Problem Solving
1009,Enterprise Resource Planning with SAP,Email Management with Microsoft Outlook,Effective Communication and Active Listening
1010,SQL Querying for Beginners,IBM Notes Collaboration and Email,Effective Communication and Active Listening
1011,Enterprise Resource Planning with SAP,Email Management with Microsoft Outlook,Critical Thinking and Analytical Problem Solving
1012,Linux System Administration Basics,Advanced Microsoft Excel Masterclass,Critical Thinking and Analytical Problem Solving
1013,Enterprise Resource Planning with SAP,IBM Notes Collaboration and Email,Effective Communication and Active Listening
1014,Designing High-Impact PowerPoint Presentations,Microsoft Office Suite Productivity Boost,Effective Communication and Active Listening
1015,Enterprise Resource Planning with SAP,Email Management with Microsoft Outlook,Effective Communication and Active Listening
1016,FileMaker Pro Database Development,Advanced Microsoft Excel Masterclass,Effective Communication and Active Listening
1017,Microsoft Office Suite Productivity Boost,Effective Communication and Active Listening,Continuous Learning Strategies
1018,FileMaker Pro Database Development,Microsoft Office Suite Productivity Boost,Effective Communication and Active Listening
1019,FileMaker Pro Database Development,Email Management with Microsoft Outlook,Effective Communication and Active Listening
1022,SQL Querying for Beginners,Microsoft Office Suite Productivity Boost,Effective Communication and Active Listening
1024,JavaScript Web Development Essentials,Email Management with Microsoft Outlook,Continuous Learning Strategies
1025,FileMaker Pro Database Development,IBM Notes Collaboration and Email,Effective Communication and Active Listening
1026,FileMaker Pro Database Development,Email Management with Microsoft Outlook,Effective Communication and Active Listening
1027,Enterprise Resource Planning with SAP,IBM Notes Collaboration and Email,Effective Communication and Active Listening
1028,Enterprise Resource Planning with SAP,IBM Notes Collaboration and Email,Continuous Learning Strategies
1029,FileMaker Pro Database Development,IBM Notes Collaboration and Email,Effective Communication and Active Listening
1030,FileMaker Pro Database Development,Email Management with Microsoft Outlook,Continuous Learning Strategies
1032,FileMaker Pro Database Development,Email Management with Microsoft Outlook,Critical Thinking and Analytical Problem Solving
1033,SQL Querying for Beginners,Professional Document Creation in Microsoft Word,Continuous Learning Strategies
1034,SQL Querying for Beginners,Microsoft Office Suite Productivity Boost,Speed Reading and Comprehension
1035,Enterprise Resource Planning with SAP,Microsoft Office Suite Productivity Boost,Effective Communication and Active Listening
1036,Enterprise Resource Planning with SAP,Advanced Microsoft Excel Masterclass,Critical Thinking and Analytical Problem Solving
1037,Enterprise Resource Planning with SAP,Microsoft Office Suite Productivity Boost,Effective Communication and Active Listening
1038,FileMaker Pro Database Development,IBM Notes Collaboration and Email,Effective Communication and Active Listening
1039,Enterprise Resource Planning with SAP,Advanced Microsoft Excel Masterclass,Effective Communication and Active Listening
1040,Designing High-Impact PowerPoint Presentations,Advanced Microsoft Excel Masterclass,Effective Communication and Active Listening
1042,SQL Querying for Beginners,Email Management with Microsoft Outlook,Effective Communication and Active Listening
1043,Enterprise Resource Planning with SAP,Professional Document Creation in Microsoft Word,Effective Communication and Active Listening
1044,SQL Querying for Beginners,Email Management with Microsoft Outlook,Performance Monitoring and Quality Assurance
1045,SQL Querying for Beginners,Email Management with Microsoft Outlook,Effective Communication and Active Listening
1046,FileMaker Pro Database Development,Email Management with Microsoft Outlook,Effective Communication and Active Listening
1047,JavaScript Web Development Essentials,Professional Document Creation in Microsoft Word,Critical Thinking and Analytical Problem Solving
1048,FileMaker Pro Database Development,Professional Document Creation in Microsoft Word,Critical Thinking and Analytical Problem Solving
1049,Enterprise Resource Planning with SAP,Email Management with Microsoft Outlook,Effective Communication and Active Listening
1050,C++ Object-Oriented Programming,Email Management with Microsoft Outlook,Critical Thinking and Analytical Problem Solving
1052,Enterprise Resource Planning with SAP,Email Management with Microsoft Outlook,Effective Communication and Active Listening
1053,Enterprise Resource Planning with SAP,Microsoft Office Suite Productivity Boost,Continuous Learning Strategies
1055,Designing High-Impact PowerPoint Presentations,Microsoft Office Suite Productivity Boost,Continuous Learning Strategies
1056,Designing High-Impact PowerPoint Presentations,Microsoft Office Suite Productivity Boost,Effective Communication and Active Listening
1060,FileMaker Pro Database Development,Microsoft Office Suite Productivity Boost,Speed Reading and Comprehension
1061,Enterprise Resource Planning with SAP,Microsoft Office Suite Productivity Boost,Effective Communication and Active Listening
1062,SQL Querying for Beginners,Email Management with Microsoft Outlook,Effective Communication and Active Listening
1066,Enterprise Resource Planning with SAP,Microsoft Office Suite Productivity Boost,Effective Learning and Study Strategies
1068,FileMaker Pro Database Development,Microsoft Office Suite Productivity Boost,Critical Thinking and Analytical Problem Solving
1069,Designing High-Impact PowerPoint Presentations,Advanced Microsoft Excel Masterclass,Speed Reading and Comprehension
1070,C++ Object-Oriented Programming,Email Management with Microsoft Outlook,Speed Reading and Comprehension
1071,SQL Querying for Beginners,Advanced Microsoft Excel Masterclass,Critical Thinking and Analytical Problem Solving
1073,FileMaker Pro Database Development,Email Management with Microsoft Outlook,Effective Learning and Study Strategies
1074,FileMaker Pro Database Development,Email Management with Microsoft Outlook,Effective Communication and Active Listening
1076,C++ Object-Oriented Programming,Email Management with Microsoft Outlook,Effective Communication and Active Listening
1077,Designing High-Impact PowerPoint Presentations,Microsoft Office Suite Productivity Boost,Speed Reading and Comprehension
1079,Enterprise Resource Planning with SAP,IBM Notes Collaboration and Email,Effective Communication and Active Listening
1080,FileMaker Pro Database Development,Professional Document Creation in Microsoft Word,Business Writing Essentials
1081,Designing High-Impact PowerPoint Presentations,Microsoft Office Suite Productivity Boost,Effective Communication and Active Listening
1082,Designing High-Impact PowerPoint Presentations,Email Management with Microsoft Outlook,Effective Communication and Active Listening
1083,FileMaker Pro Database Development,Email Management with Microsoft Outlook,Effective Communication and Active Listening
1084,Enterprise Resource Planning with SAP,Professional Document Creation in Microsoft Word,Effective Communication and Active Listening
1085,Enterprise Resource Planning with SAP,IBM Notes Collaboration and Email,Effective Communication and Active Listening
1088,Designing High-Impact PowerPoint Presentations,Microsoft Office Suite Productivity Boost,Continuous Learning Strategies
1092,SQL Querying for Beginners,Microsoft Office Suite Productivity Boost,Critical Thinking and Analytical Problem Solving
1094,Enterprise Resource Planning with SAP,Email Management with Microsoft Outlook,Critical Thinking and Analytical Problem Solving
1096,SQL Querying for Beginners,Advanced Microsoft Excel Masterclass,Effective Learning and Study Strategies
1097,FileMaker Pro Database Development,IBM Notes Collaboration and Email,Critical Thinking and Analytical Problem Solving
1098,FileMaker Pro Database Development,Email Management with Microsoft Outlook,Effective Communication and Active Listening
1099,SQL Querying for Beginners,Microsoft Office Suite Productivity Boost,Effective Communication and Active Listening
1100,JavaScript Web Development Essentials,Microsoft Office Suite Productivity Boost,Continuous Learning Strategies
1101,SQL Querying for Beginners,IBM Notes Collaboration and Email,Effective Communication and Active Listening
1102,Enterprise Resource Planning with SAP,Email Management with Microsoft Outlook,Effective Communication and Active Listening
1103,Designing High-Impact PowerPoint Presentations,Email Management with Microsoft Outlook,Effective Communication and Active Listening
1105,Enterprise Resource Planning with SAP,Email Management with Microsoft Outlook,Effective Learning and Study Strategies
1106,Designing High-Impact PowerPoint Presentations,Email Management with Microsoft Outlook,Effective Communication and Active Listening
1107,FileMaker Pro Database Development,Email Management with Microsoft Outlook,Effective Communication and Active Listening
1108,FileMaker Pro Database Development,Microsoft Office Suite Productivity Boost,Effective Communication and Active Listening
1109,Enterprise Resource Planning with SAP,Microsoft Office Suite Productivity Boost,Effective Communication and Active Listening
1111,FileMaker Pro Database Development,Email Management with Microsoft Outlook,Critical Thinking and Analytical Problem Solving
1113,Enterprise Resource Planning with SAP,Email Management with Microsoft Outlook,Performance Monitoring and Quality Assurance
1114,C++ Object-Oriented Programming,Microsoft Office Suite Productivity Boost,Continuous Learning Strategies
1115,FileMaker Pro Database Development,Advanced Microsoft Excel Masterclass,Critical Thinking and Analytical Problem Solving
1116,FileMaker Pro Database Development,IBM Notes Collaboration and Email,Critical Thinking and Analytical Problem Solving
1117,JavaScript Web Development Essentials,Microsoft Office Suite Productivity Boost,Effective Communication and Active Listening
1118,SQL Querying for Beginners,Professional Document Creation in Microsoft Word,Effective Communication and Active Listening
1119,C++ Object-Oriented Programming,Microsoft Office Suite Productivity Boost,Critical Thinking and Analytical Problem Solving
1120,FileMaker Pro Database Development,Microsoft Office Suite Productivity Boost,Critical Thinking and Analytical Problem Solving
1121,Enterprise Resource Planning with SAP,Microsoft Office Suite Productivity Boost,Effective Communication and Active Listening
1124,FileMaker Pro Database Development,Microsoft Office Suite Productivity Boost,Critical Thinking and Analytical Problem Solving
1125,C++ Object-Oriented Programming,Email Management with Microsoft Outlook,Effective Communication and Active Listening
1126,FileMaker Pro Database Development,Microsoft Office Suite Productivity Boost,Critical Thinking and Analytical Problem Solving
1127,SQL Querying for Beginners,IBM Notes Collaboration and Email,Effective Communication and Active Listening
1128,Enterprise Resource Planning with SAP,Email Management with Microsoft Outlook,Effective Communication and Active Listening
1131,IBM Notes Collaboration and Email,Critical Thinking and Analytical Problem Solving,Essential Mathematics for Business
1132,SQL Querying for Beginners,Email Management with Microsoft Outlook,Continuous Learning Strategies
1133,FileMaker Pro Database Development,Microsoft Office Suite Productivity Boost,Critical Thinking and Analytical Problem Solving
1135,SQL Querying for Beginners,Advanced Microsoft Excel Masterclass,Effective Communication and Active Listening
1136,FileMaker Pro Database Development,Microsoft Office Suite Productivity Boost,Effective Communication and Active Listening
1137,C++ Object-Oriented Programming,Microsoft Office Suite Productivity Boost,Critical Thinking and Analytical Problem Solving
1138,C++ Object-Oriented Programming,Advanced Microsoft Excel Masterclass,Critical Thinking and Analytical Problem Solving
1140,Enterprise Resource Planning with SAP,Email Management with Microsoft Outlook,Effective Communication and Active Listening
1143,Designing High-Impact PowerPoint Presentations,Advanced Microsoft Excel Masterclass,Effective Communication and Active Listening
1148,Enterprise Resource Planning with SAP,Email Management with Microsoft Outlook,Continuous Learning Strategies
1150,SQL Querying for Beginners,Email Management with Microsoft Outlook,Critical Thinking and Analytical Problem Solving
1152,Designing High-Impact PowerPoint Presentations,Email Management with Microsoft Outlook,Critical Thinking and Analytical Problem Solving
1154,SQL Querying for Beginners,Advanced Microsoft Excel Masterclass,Speed Reading and Comprehension
1156,Designing High-Impact PowerPoint Presentations,Email Management with Microsoft Outlook,Effective Communication and Active Listening
1157,JavaScript Web Development Essentials,Email Management with Microsoft Outlook,Critical Thinking and Analytical Problem Solving
1158,FileMaker Pro Database Development,Professional Document Creation in Microsoft Word,Effective Communication and Active Listening
1160,Enterprise Resource Planning with SAP,Email Management with Microsoft Outlook,Effective Communication and Active Listening
1161,SQL Querying for Beginners,IBM Notes Collaboration and Email,Public Speaking and Presentation Skills
1162,Designing High-Impact PowerPoint Presentations,Microsoft Office Suite Productivity Boost,Critical Thinking and Analytical Problem Solving
1163,Enterprise Resource Planning with SAP,Email Management with Microsoft Outlook,Effective Communication and Active Listening
1164,FileMaker Pro Database Development,Email Management with Microsoft Outlook,Effective Communication and Active Listening
1165,Enterprise Resource Planning with SAP,Microsoft Office Suite Productivity Boost,Continuous Learning Strategies
1166,Enterprise Resource Planning with SAP,Professional Document Creation in Microsoft Word,Critical Thinking and Analytical Problem Solving
1167,C++ Object-Oriented Programming,Email Management with Microsoft Outlook,Critical Thinking and Analytical Problem Solving
1171,JavaScript Web Development Essentials,Microsoft Office Suite Productivity Boost,Effective Learning and Study Strategies
1172,Enterprise Resource Planning with SAP,Microsoft Office Suite Productivity Boost,Critical Thinking and Analytical Problem Solving
1173,FileMaker Pro Database Development,Email Management with Microsoft Outlook,Effective Communication and Active Listening
1175,SQL Querying for Beginners,Email Management with Microsoft Outlook,Effective Communication and Active Listening
1177,FileMaker Pro Database Development,Professional Document Creation in Microsoft Word,Critical Thinking and Analytical Problem Solving
1179,Linux System Administration Basics,Microsoft Office Suite Productivity Boost,Critical Thinking and Analytical Problem Solving
1180,FileMaker Pro Database Development,IBM Notes Collaboration and Email,Effective Communication and Active Listening
1182,SQL Querying for Beginners,Advanced Microsoft Excel Masterclass,Speed Reading and Comprehension
1184,Designing High-Impact PowerPoint Presentations,Email Management with Microsoft Outlook,Effective Communication and Active Listening
1185,FileMaker Pro Database Development,Email Management with Microsoft Outlook,Effective Communication and Active Listening
1188,Enterprise Resource Planning with SAP,Advanced Microsoft Excel Masterclass,Continuous Learning Strategies
1190,Designing High-Impact PowerPoint Presentations,Email Management with Microsoft Outlook,Critical Thinking and Analytical Problem Solving
1191,Enterprise Resource Planning with SAP,Email Management with Microsoft Outlook,Effective Communication and Active Listening
1192,FileMaker Pro Database Development,Email Management with Microsoft Outlook,Speed Reading and Comprehension
1193,SQL Querying for Beginners,Email Management with Microsoft Outlook,Effective Communication and Active Listening
1195,FileMaker Pro Database Development,IBM Notes Collaboration and Email,Effective Communication and Active Listening
1196,FileMaker Pro Database Development,Email Management with Microsoft Outlook,Effective Communication and Active Listening
1198,Designing High-Impact PowerPoint Presentations,IBM Notes Collaboration and Email,Effective Communication and Active Listening
1200,Python Programming for Data Analytics,Microsoft Office Suite Productivity Boost,Performance Monitoring and Quality Assurance
1201,Enterprise Resource Planning with SAP,Email Management with Microsoft Outlook,Effective Communication and Active Listening
1202,FileMaker Pro Database Development,Advanced Microsoft Excel Masterclass,Effective Communication and Active Listening
1203,FileMaker Pro Database Development,Email Management with Microsoft Outlook,Effective Communication and Active Listening
1204,SQL Querying for Beginners,IBM Notes Collaboration and Email,Effective Communication and Active Listening
1206,FileMaker Pro Database Development,Microsoft Office Suite Productivity Boost,Critical Thinking and Analytical Problem Solving
1207,SQL Querying for Beginners,IBM Notes Collaboration and Email,Speed Reading and Comprehension
1210,SQL Querying for Beginners,Microsoft Office Suite Productivity Boost,Speed Reading and Comprehension
1211,Enterprise Resource Planning with SAP,Microsoft Office Suite Productivity Boost,Critical Thinking and Analytical Problem Solving
1212,JavaScript Web Development Essentials,Email Management with Microsoft Outlook,Effective Learning and Study Strategies
1215,FileMaker Pro Database Development,IBM Notes Collaboration and Email,Effective Communication and Active Listening
1216,FileMaker Pro Database Development,Advanced Microsoft Excel Masterclass,Effective Communication and Active Listening
1217,JavaScript Web Development Essentials,IBM Notes Collaboration and Email,Effective Communication and Active Listening
1218,C++ Object-Oriented Programming,Professional Document Creation in Microsoft Word,Continuous Learning Strategies
1219,Enterprise Resource Planning with SAP,Email Management with Microsoft Outlook,Business Writing Essentials
1220,C++ Object-Oriented Programming,Email Management with Microsoft Outlook,Continuous Learning Strategies
1221,FileMaker Pro Database Development,IBM Notes Collaboration and Email,Effective Communication and Active Listening
1224,FileMaker Pro Database Development,Microsoft Office Suite Productivity Boost,Effective Communication and Active Listening
1225,FileMaker Pro Database Development,Advanced Microsoft Excel Masterclass,Effective Communication and Active Listening
1226,Designing High-Impact PowerPoint Presentations,Microsoft Office Suite Productivity Boost,Effective Communication and Active Listening
1228,FileMaker Pro Database Development,Microsoft Office Suite Productivity Boost,Critical Thinking and Analytical Problem Solving
1231,FileMaker Pro Database Development,Email Management with Microsoft Outlook,Critical Thinking and Analytical Problem Solving
1233,Enterprise Resource Planning with SAP,Microsoft Office Suite Productivity Boost,Critical Thinking and Analytical Problem Solving
1234,FileMaker Pro Database Development,Microsoft Office Suite Productivity Boost,Effective Learning and Study Strategies
1235,FileMaker Pro Database Development,IBM Notes Collaboration and Email,Effective Learning and Study Strategies
1237,Designing High-Impact PowerPoint Presentations,Microsoft Office Suite Productivity Boost,Effective Communication and Active Listening
1238,SQL Querying for Beginners,Advanced Microsoft Excel Masterclass,Effective Communication and Active Listening
1239,C++ Object-Oriented Programming,Email Management with Microsoft Outlook,Continuous Learning Strategies
1240,C++ Object-Oriented Programming,Email Management with Microsoft Outlook,Critical Thinking and Analytical Problem Solving
1241,Linux System Administration Basics,Microsoft Office Suite Productivity Boost,Critical Thinking and Analytical Problem Solving
1242,Designing High-Impact PowerPoint Presentations,Email Management with Microsoft Outlook,Critical Thinking and Analytical Problem Solving
1243,C++ Object-Oriented Programming,Advanced Microsoft Excel Masterclass,Continuous Learning Strategies
1244,FileMaker Pro Database Development,IBM Notes Collaboration and Email,Effective Communication and Active Listening
1245,FileMaker Pro Database Development,Advanced Microsoft Excel Masterclass,Effective Communication and Active Listening
1246,FileMaker Pro Database Development,Microsoft Office Suite Productivity Boost,Critical Thinking and Analytical Problem Solving
1248,FileMaker Pro Database Development,Professional Document Creation in Microsoft Word,Effective Communication and Active Listening
1249,SQL Querying for Beginners,Microsoft Office Suite Productivity Boost,Effective Communication and Active Listening
1250,Enterprise Resource Planning with SAP,Email Management with Microsoft Outlook,Critical Thinking and Analytical Problem Solving
1251,SQL Querying for Beginners,Microsoft Office Suite Productivity Boost,Critical Thinking and Analytical Problem Solving
1252,Designing High-Impact PowerPoint Presentations,Microsoft Office Suite Productivity Boost,Effective Communication and Active Listening
1254,C++ Object-Oriented Programming,Email Management with Microsoft Outlook,Continuous Learning Strategies
1255,Enterprise Resource Planning with SAP,Email Management with Microsoft Outlook,Effective Communication and Active Listening
1256,FileMaker Pro Database Development,IBM Notes Collaboration and Email,Continuous Learning Strategies
1257,Designing High-Impact PowerPoint Presentations,Email Management with Microsoft Outlook,Critical Thinking and Analytical Problem Solving
1258,FileMaker Pro Database Development,Advanced Microsoft Excel Masterclass,Effective Communication and Active Listening
1259,Designing High-Impact PowerPoint Presentations,Microsoft Office Suite Productivity Boost,Effective Communication and Active Listening
1260,SQL Querying for Beginners,Email Management with Microsoft Outlook,Critical Thinking and Analytical Problem Solving
1263,Enterprise Resource Planning with SAP,Microsoft Office Suite Productivity Boost,Effective Communication and Active Listening
1264,Designing High-Impact PowerPoint Presentations,Microsoft Office Suite Productivity Boost,Critical Thinking and Analytical Problem Solving
1265,FileMaker Pro Database Development,Microsoft Office Suite Productivity Boost,Critical Thinking and Analytical Problem Solving
1267,FileMaker Pro Database Development,IBM Notes Collaboration and Email,Effective Communication and Active Listening
1268,Enterprise Resource Planning with SAP,Email Management with Microsoft Outlook,Effective Communication and Active Listening
1269,FileMaker Pro Database Development,Email Management with Microsoft Outlook,Effective Learning and Study Strategies
1270,SQL Querying for Beginners,Microsoft Office Suite Productivity Boost,Business Writing Essentials
1273,Enterprise Resource Planning with SAP,Critical Thinking and Analytical Problem Solving,Effective Learning and Study Strategies
1275,SQL Querying for Beginners,Microsoft Office Suite Productivity Boost,Critical Thinking and Analytical Problem Solving
1277,Enterprise Resource Planning with SAP,Email Management with Microsoft Outlook,Speed Reading and Comprehension
1278,SQL Querying for Beginners,IBM Notes Collaboration and Email,Effective Communication and Active Listening
1279,Designing High-Impact PowerPoint Presentations,Email Management with Microsoft Outlook,Effective Communication and Active Listening
1280,Enterprise Resource Planning with SAP,Email Management with Microsoft Outlook,Performance Monitoring and Quality Assurance
1281,Enterprise Resource Planning with SAP,Email Management with Microsoft Outlook,Effective Communication and Active Listening
1282,Enterprise Resource Planning with SAP,Microsoft Office Suite Productivity Boost,Continuous Learning Strategies
1283,Enterprise Resource Planning with SAP,Email Management with Microsoft Outlook,Continuous Learning Strategies
1285,FileMaker Pro Database Development,Email Management with Microsoft Outlook,Effective Communication and Active Listening
1286,Enterprise Resource Planning with SAP,Microsoft Office Suite Productivity Boost,Continuous Learning Strategies
1288,FileMaker Pro Database Development,IBM Notes Collaboration and Email,Critical Thinking and Analytical Problem Solving
1289,Enterprise Resource Planning with SAP,Email Management with Microsoft Outlook,Effective Communication and Active Listening
1291,SQL Querying for Beginners,Microsoft Office Suite Productivity Boost,Critical Thinking and Analytical Problem Solving
1292,SQL Querying for Beginners,Microsoft Office Suite Productivity Boost,Critical Thinking and Analytical Problem Solving
1293,JavaScript Web Development Essentials,Email Management with Microsoft Outlook,Continuous Learning Strategies
1294,Enterprise Resource Planning with SAP,Email Management with Microsoft Outlook,Critical Thinking and Analytical Problem Solving
1295,SQL Querying for Beginners,Email Management with Microsoft Outlook,Critical Thinking and Analytical Problem Solving
1296,Enterprise Resource Planning with SAP,Email Management with Microsoft Outlook,Continuous Learning Strategies
1297,FileMaker Pro Database Development,Email Management with Microsoft Outlook,Critical Thinking and Analytical Problem Solving
1298,Designing High-Impact PowerPoint Presentations,Microsoft Office Suite Productivity Boost,Effective Communication and Active Listening
1299,FileMaker Pro Database Development,Advanced Microsoft Excel Masterclass,Effective Communication and Active Listening
1301,FileMaker Pro Database Development,Advanced Microsoft Excel Masterclass,Business Writing Essentials
1303,FileMaker Pro Database Development,Microsoft Office Suite Productivity Boost,Performance Monitoring and Quality Assurance
1304,Enterprise Resource Planning with SAP,Email Management with Microsoft Outlook,Effective Communication and Active Listening
1306,Enterprise Resource Planning with SAP,IBM Notes Collaboration and Email,Effective Communication and Active Listening
1307,Enterprise Resource Planning with SAP,Advanced Microsoft Excel Masterclass,Continuous Learning Strategies
1308,FileMaker Pro Database Development,Microsoft Office Suite Productivity Boost,Continuous Learning Strategies
1309,FileMaker Pro Database Development,Email Management with Microsoft Outlook,Critical Thinking and Analytical Problem Solving
1310,FileMaker Pro Database Development,Microsoft Office Suite Productivity Boost,Speed Reading and Comprehension
1311,FileMaker Pro Database Development,Email Management with Microsoft Outlook,Critical Thinking and Analytical Problem Solving
1312,Designing High-Impact PowerPoint Presentations,Email Management with Microsoft Outlook,Critical Thinking and Analytical Problem Solving
1314,FileMaker Pro Database Development,Professional Document Creation in Microsoft Word,Critical Thinking and Analytical Problem Solving
1315,Enterprise Resource Planning with SAP,Microsoft Office Suite Productivity Boost,Effective Learning and Study Strategies
1317,JavaScript Web Development Essentials,Email Management with Microsoft Outlook,Effective Learning and Study Strategies
1318,Enterprise Resource Planning with SAP,Advanced Microsoft Excel Masterclass,Critical Thinking and Analytical Problem Solving
1319,Enterprise Resource Planning with SAP,Email Management with Microsoft Outlook,Critical Thinking and Analytical Problem Solving
1321,SQL Querying for Beginners,Email Management with Microsoft Outlook,Effective Communication and Active Listening
1322,SQL Querying for Beginners,IBM Notes Collaboration and Email,Effective Communication and Active Listening
1324,C++ Object-Oriented Programming,Professional Document Creation in Microsoft Word,Critical Thinking and Analytical Problem Solving
1329,C++ Object-Oriented Programming,Email Management with Microsoft Outlook,Effective Communication and Active Listening
1331,Professional Document Creation in Microsoft Word,Effective Communication and Active Listening,Critical Thinking and Analytical Problem Solving
1333,Enterprise Resource Planning with SAP,Email Management with Microsoft Outlook,Effective Communication and Active Listening
1334,Enterprise Resource Planning with SAP,Email Management with Microsoft Outlook,Performance Monitoring and Quality Assurance
1336,SQL Querying for Beginners,Advanced Microsoft Excel Masterclass,Effective Communication and Active Listening
1338,Enterprise Resource Planning with SAP,IBM Notes Collaboration and Email,Effective Communication and Active Listening
1340,FileMaker Pro Database Development,Microsoft Office Suite Productivity Boost,Effective Communication and Active Listening
1344,Email Management with Microsoft Outlook,Effective Communication and Active Listening,Critical Thinking and Analytical Problem Solving
1346,FileMaker Pro Database Development,IBM Notes Collaboration and Email,Effective Communication and Active Listening
1349,C++ Object-Oriented Programming,Microsoft Office Suite Productivity Boost,Effective Communication and Active Listening
1350,Python Programming for Data Analytics,Microsoft Office Suite Productivity Boost,Performance Monitoring and Quality Assurance
1352,FileMaker Pro Database Development,Microsoft Office Suite Productivity Boost,Critical Thinking and Analytical Problem Solving
1355,Linux System Administration Basics,Email Management with Microsoft Outlook,Effective Communication and Active Listening
1356,C++ Object-Oriented Programming,Email Management with Microsoft Outlook,Critical Thinking and Analytical Problem Solving
1358,SQL Querying for Beginners,Advanced Microsoft Excel Masterclass,Effective Communication and Active Listening
1360,SQL Querying for Beginners,Microsoft Office Suite Productivity Boost,Effective Communication and Active Listening
1361,Enterprise Resource Planning with SAP,IBM Notes Collaboration and Email,Effective Communication and Active Listening
1362,Enterprise Resource Planning with SAP,Email Management with Microsoft Outlook,Critical Thinking and Analytical Problem Solving
1363,FileMaker Pro Database Development,Email Management with Microsoft Outlook,Speed Reading and Comprehension
1364,SQL Querying for Beginners,Advanced Microsoft Excel Masterclass,Critical Thinking and Analytical Problem Solving
1367,SQL Querying for Beginners,Microsoft Office Suite Productivity Boost,Critical Thinking and Analytical Problem Solving
1368,Email Management with Microsoft Outlook,Effective Communication and Active Listening,Critical Thinking and Analytical Problem Solving
1369,SQL Querying for Beginners,Email Management with Microsoft Outlook,Continuous Learning Strategies
1371,Enterprise Resource Planning with SAP,Email Management with Microsoft Outlook,Effective Communication and Active Listening
1372,Enterprise Resource Planning with SAP,Advanced Microsoft Excel Masterclass,Effective Communication and Active Listening
1373,SQL Querying for Beginners,Email Management with Microsoft Outlook,Effective Communication and Active Listening
1374,FileMaker Pro Database Development,Microsoft Office Suite Productivity Boost,Effective Communication and Active Listening
1375,SQL Querying for Beginners,IBM Notes Collaboration and Email,Continuous Learning Strategies
1377,SQL Querying for Beginners,Microsoft Office Suite Productivity Boost,Effective Communication and Active Listening
1379,Email Management with Microsoft Outlook,Performance Monitoring and Quality Assurance,Essential Mathematics for Business
1380,Enterprise Resource Planning with SAP,Microsoft Office Suite Productivity Boost,Critical Thinking and Analytical Problem Solving
1382,SQL Querying for Beginners,Professional Document Creation in Microsoft Word,Continuous Learning Strategies
1383,SQL Querying for Beginners,Email Management with Microsoft Outlook,Effective Communication and Active Listening
1387,Enterprise Resource Planning with SAP,Advanced Microsoft Excel Masterclass,Effective Communication and Active Listening
1389,FileMaker Pro Database Development,Email Management with Microsoft Outlook,Effective Communication and Active Listening
1390,C++ Object-Oriented Programming,Microsoft Office Suite Productivity Boost,Critical Thinking and Analytical Problem Solving
1391,Enterprise Resource Planning with SAP,Email Management with Microsoft Outlook,Critical Thinking and Analytical Problem Solving
1392,FileMaker Pro Database Development,Microsoft Office Suite Productivity Boost,Speed Reading and Comprehension
1394,FileMaker Pro Database Development,Email Management with Microsoft Outlook,Effective Communication and Active Listening
1395,JavaScript Web Development Essentials,Microsoft Office Suite Productivity Boost,Speed Reading and Comprehension
1396,JavaScript Web Development Essentials,Email Management with Microsoft Outlook,Effective Communication and Active Listening
1397,Designing High-Impact PowerPoint Presentations,Email Management with Microsoft Outlook,Effective Communication and Active Listening
1399,Enterprise Resource Planning with SAP,Advanced Microsoft Excel Masterclass,Effective Communication and Active Listening
1401,FileMaker Pro Database Development,Email Management with Microsoft Outlook,Effective Communication and Active Listening
1402,Designing High-Impact PowerPoint Presentations,Advanced Microsoft Excel Masterclass,Critical Thinking and Analytical Problem Solving
1403,Enterprise Resource Planning with SAP,Email Management with Microsoft Outlook,Critical Thinking and Analytical Problem Solving
1405,FileMaker Pro Database Development,Advanced Microsoft Excel Masterclass,Continuous Learning Strategies
1407,FileMaker Pro Database Development,Microsoft Office Suite Productivity Boost,Effective Communication and Active Listening
1408,FileMaker Pro Database Development,IBM Notes Collaboration and Email,Effective Communication and Active Listening
1409,FileMaker Pro Database Development,Email Management with Microsoft Outlook,Effective Communication and Active Listening
1411,Designing High-Impact PowerPoint Presentations,Email Management with Microsoft Outlook,Critical Thinking and Analytical Problem Solving
1412,Enterprise Resource Planning with SAP,Email Management with Microsoft Outlook,Effective Communication and Active Listening
1415,Designing High-Impact PowerPoint Presentations,Advanced Microsoft Excel Masterclass,Effective Communication and Active Listening
1417,FileMaker Pro Database Development,Advanced Microsoft Excel Masterclass,Critical Thinking and Analytical Problem Solving
1419,FileMaker Pro Database Development,Email Management with Microsoft Outlook,Continuous Learning Strategies
1420,Enterprise Resource Planning with SAP,Advanced Microsoft Excel Masterclass,Critical Thinking and Analytical Problem Solving
1421,Designing High-Impact PowerPoint Presentations,Microsoft Office Suite Productivity Boost,Effective Communication and Active Listening
1422,Enterprise Resource Planning with SAP,Advanced Microsoft Excel Masterclass,Effective Communication and Active Listening
1423,Enterprise Resource Planning with SAP,Microsoft Office Suite Productivity Boost,Critical Thinking and Analytical Problem Solving
1424,Enterprise Resource Planning with SAP,Advanced Microsoft Excel Masterclass,Effective Communication and Active Listening
1425,Enterprise Resource Planning with SAP,Advanced Microsoft Excel Masterclass,Continuous Learning Strategies
1427,SQL Querying for Beginners,Microsoft Office Suite Productivity Boost,Effective Communication and Active Listening
1428,C++ Object-Oriented Programming,Email Management with Microsoft Outlook,Continuous Learning Strategies
1430,Enterprise Resource Planning with SAP,Microsoft Office Suite Productivity Boost,Effective Communication and Active Listening
1431,Designing High-Impact PowerPoint Presentations,IBM Notes Collaboration and Email,Continuous Learning Strategies
1433,SQL Querying for Beginners,Microsoft Office Suite Productivity Boost,Performance Monitoring and Quality Assurance
1434,FileMaker Pro Database Development,Email Management with Microsoft Outlook,Critical Thinking and Analytical Problem Solving
1435,FileMaker Pro Database Development,Effective Communication and Active Listening,Critical Thinking and Analytical Problem Solving
1436,C++ Object-Oriented Programming,Email Management with Microsoft Outlook,Critical Thinking and Analytical Problem Solving
1438,Enterprise Resource Planning with SAP,Advanced Microsoft Excel Masterclass,Effective Learning and Study Strategies
1439,Designing High-Impact PowerPoint Presentations,Critical Thinking and Analytical Problem Solving,Effective Learning and Study Strategies
1440,SQL Querying for Beginners,Microsoft Office Suite Productivity Boost,Effective Communication and Active Listening
1441,SQL Querying for Beginners,Email Management with Microsoft Outlook,Effective Learning and Study Strategies
1443,Designing High-Impact PowerPoint Presentations,Professional Document Creation in Microsoft Word,Critical Thinking and Analytical Problem Solving
1445,C++ Object-Oriented Programming,Microsoft Office Suite Productivity Boost,Effective Communication and Active Listening
1446,C++ Object-Oriented Programming,Email Management with Microsoft Outlook,Effective Communication and Active Listening
1447,FileMaker Pro Database Development,Microsoft Office Suite Productivity Boost,Effective Communication and Active Listening
1448,Designing High-Impact PowerPoint Presentations,Advanced Microsoft Excel Masterclass,Continuous Learning Strategies
1449,FileMaker Pro Database Development,Email Management with Microsoft Outlook,Effective Communication and Active Listening
1453,Enterprise Resource Planning with SAP,Advanced Microsoft Excel Masterclass,Effective Communication and Active Listening
1457,JavaScript Web Development Essentials,Email Management with Microsoft Outlook,Critical Thinking and Analytical Problem Solving
1458,FileMaker Pro Database Development,IBM Notes Collaboration and Email,Critical Thinking and Analytical Problem Solving
1459,Enterprise Resource Planning with SAP,Microsoft Office Suite Productivity Boost,Critical Thinking and Analytical Problem Solving
1460,SQL Querying for Beginners,Microsoft Office Suite Productivity Boost,Effective Communication and Active Listening
1461,Enterprise Resource Planning with SAP,Email Management with Microsoft Outlook,Continuous Learning Strategies
1464,SQL Querying for Beginners,Professional Document Creation in Microsoft Word,Effective Communication and Active Listening
1465,SQL Querying for Beginners,Microsoft Office Suite Productivity Boost,Effective Communication and Active Listening
1466,Enterprise Resource Planning with SAP,Professional Document Creation in Microsoft Word,Effective Communication and Active Listening
1467,Enterprise Resource Planning with SAP,Email Management with Microsoft Outlook,Effective Learning and Study Strategies
1468,Enterprise Resource Planning with SAP,Professional Document Creation in Microsoft Word,Critical Thinking and Analytical Problem Solving
1469,C++ Object-Oriented Programming,Microsoft Office Suite Productivity Boost,Critical Thinking and Analytical Problem Solving
1471,FileMaker Pro Database Development,Microsoft Office Suite Productivity Boost,Speed Reading and Comprehension
1472,Enterprise Resource Planning with SAP,Advanced Microsoft Excel Masterclass,Continuous Learning Strategies
1473,SQL Querying for Beginners,Email Management with Microsoft Outlook,Critical Thinking and Analytical Problem Solving
1474,FileMaker Pro Database Development,IBM Notes Collaboration and Email,Effective Communication and Active Listening
1475,FileMaker Pro Database Development,Microsoft Office Suite Productivity Boost,Effective Communication and Active Listening
1477,Enterprise Resource Planning with SAP,Email Management with Microsoft Outlook,Effective Communication and Active Listening
1478,JavaScript Web Development Essentials,Advanced Microsoft Excel Masterclass,Critical Thinking and Analytical Problem Solving
1479,C++ Object-Oriented Programming,Advanced Microsoft Excel Masterclass,Effective Communication and Active Listening
1480,SQL Querying for Beginners,IBM Notes Collaboration and Email,Professional Document Creation in Microsoft Word
1481,C++ Object-Oriented Programming,Email Management with Microsoft Outlook,Effective Communication and Active Listening
1482,SQL Querying for Beginners,IBM Notes Collaboration and Email,Effective Communication and Active Listening
1483,SQL Querying for Beginners,Advanced Microsoft Excel Masterclass,Effective Communication and Active Listening
1484,Designing High-Impact PowerPoint Presentations,Email Management with Microsoft Outlook,Effective Communication and Active Listening
1485,Enterprise Resource Planning with SAP,Advanced Microsoft Excel Masterclass,Critical Thinking and Analytical Problem Solving
1486,Enterprise Resource Planning with SAP,Advanced Microsoft Excel Masterclass,Effective Communication and Active Listening
1487,JavaScript Web Development Essentials,Advanced Microsoft Excel Masterclass,Public Speaking and Presentation Skills
1489,C++ Object-Oriented Programming,Microsoft Office Suite Productivity Boost,Critical Thinking and Analytical Problem Solving
1492,Designing High-Impact PowerPoint Presentations,Email Management with Microsoft Outlook,Continuous Learning Strategies
1494,FileMaker Pro Database Development,Advanced Microsoft Excel Masterclass,Critical Thinking and Analytical Problem Solving
1495,Enterprise Resource Planning with SAP,Email Management with Microsoft Outlook,Speed Reading and Comprehension
1496,Enterprise Resource Planning with SAP,Email Management with Microsoft Outlook,Continuous Learning Strategies
1497,C++ Object-Oriented Programming,Advanced Microsoft Excel Masterclass,Effective Communication and Active Listening
1499,Designing High-Impact PowerPoint Presentations,Microsoft Office Suite Productivity Boost,Effective Communication and Active Listening
1501,Designing High-Impact PowerPoint Presentations,Email Management with Microsoft Outlook,Effective Learning and Study Strategies
1502,Enterprise Resource Planning with SAP,Microsoft Office Suite Productivity Boost,Continuous Learning Strategies
1503,C++ Object-Oriented Programming,Microsoft Office Suite Productivity Boost,Critical Thinking and Analytical Problem Solving
1504,FileMaker Pro Database Development,Email Management with Microsoft Outlook,Effective Learning and Study Strategies
1506,FileMaker Pro Database Development,IBM Notes Collaboration and Email,Continuous Learning Strategies
1507,C++ Object-Oriented Programming,Microsoft Office Suite Productivity Boost,Effective Communication and Active Listening
1509,Designing High-Impact PowerPoint Presentations,IBM Notes Collaboration and Email,Speed Reading and Comprehension
1513,Enterprise Resource Planning with SAP,Advanced Microsoft Excel Masterclass,Speed Reading and Comprehension
1514,Enterprise Resource Planning with SAP,Microsoft Office Suite Productivity Boost,Critical Thinking and Analytical Problem Solving
1515,Designing High-Impact PowerPoint Presentations,Microsoft Office Suite Productivity Boost,Critical Thinking and Analytical Problem Solving
1516,Enterprise Resource Planning with SAP,Advanced Microsoft Excel Masterclass,Speed Reading and Comprehension
1520,FileMaker Pro Database Development,Email Management with Microsoft Outlook,Effective Communication and Active Listening
1522,FileMaker Pro Database Development,Advanced Microsoft Excel Masterclass,Continuous Learning Strategies
1523,Enterprise Resource Planning with SAP,Advanced Microsoft Excel Masterclass,Continuous Learning Strategies
1525,SQL Querying for Beginners,Microsoft Office Suite Productivity Boost,Effective Communication and Active Listening
1527,SQL Querying for Beginners,Microsoft Office Suite Productivity Boost,Effective Communication and Active Listening
1529,JavaScript Web Development Essentials,Advanced Microsoft Excel Masterclass,Effective Communication and Active Listening
1533,FileMaker Pro Database Development,Email Management with Microsoft Outlook,Effective Communication and Active Listening
1534,Enterprise Resource Planning with SAP,Email Management with Microsoft Outlook,Effective Communication and Active Listening
1535,Enterprise Resource Planning with SAP,Microsoft Office Suite Productivity Boost,Continuous Learning Strategies
1537,SQL Querying for Beginners,IBM Notes Collaboration and Email,Critical Thinking and Analytical Problem Solving
1539,Enterprise Resource Planning with SAP,Microsoft Office Suite Productivity Boost,Effective Communication and Active Listening
1541,Designing High-Impact PowerPoint Presentations,Microsoft Office Suite Productivity Boost,Performance Monitoring and Quality Assurance
1542,FileMaker Pro Database Development,Email Management with Microsoft Outlook,Continuous Learning Strategies
1543,SQL Querying for Beginners,Advanced Microsoft Excel Masterclass,Critical Thinking and Analytical Problem Solving
1544,SQL Querying for Beginners,Microsoft Office Suite Productivity Boost,Effective Communication and Active Listening
1545,FileMaker Pro Database Development,Email Management with Microsoft Outlook,Critical Thinking and Analytical Problem Solving
1546,SQL Querying for Beginners,IBM Notes Collaboration and Email,Critical Thinking and Analytical Problem Solving
1547,Designing High-Impact PowerPoint Presentations,Email Management with Microsoft Outlook,Effective Communication and Active Listening
1548,JavaScript Web Development Essentials,Email Management with Microsoft Outlook,Critical Thinking and Analytical Problem Solving
1549,FileMaker Pro Database Development,IBM Notes Collaboration and Email,Speed Reading and Comprehension
1550,Enterprise Resource Planning with SAP,Email Management with Microsoft Outlook,Effective Communication and Active Listening
1551,FileMaker Pro Database Development,Microsoft Office Suite Productivity Boost,Speed Reading and Comprehension
1552,SQL Querying for Beginners,IBM Notes Collaboration and Email,Effective Learning and Study Strategies
1553,SQL Querying for Beginners,Email Management with Microsoft Outlook,Performance Monitoring and Quality Assurance
1554,Enterprise Resource Planning with SAP,Microsoft Office Suite Productivity Boost,Critical Thinking and Analytical Problem Solving
1555,Python Programming for Data Analytics,Microsoft Office Suite Productivity Boost,Effective Communication and Active Listening
1556,Designing High-Impact PowerPoint Presentations,Advanced Microsoft Excel Masterclass,Effective Communication and Active Listening
1557,Linux System Administration Basics,Email Management with Microsoft Outlook,Effective Communication and Active Listening
1558,Linux System Administration Basics,Advanced Microsoft Excel Masterclass,Effective Communication and Active Listening
1560,Enterprise Resource Planning with SAP,Professional Document Creation in Microsoft Word,Effective Communication and Active Listening
1562,C++ Object-Oriented Programming,Microsoft Office Suite Productivity Boost,Effective Communication and Active Listening
1563,Enterprise Resource Planning with SAP,IBM Notes Collaboration and Email,Effective Communication and Active Listening
1564,SQL Querying for Beginners,Email Management with Microsoft Outlook,Effective Communication and Active Listening
1568,C++ Object-Oriented Programming,Email Management with Microsoft Outlook,Effective Communication and Active Listening
1569,FileMaker Pro Database Development,Professional Document Creation in Microsoft Word,Effective Communication and Active Listening
1572,Enterprise Resource Planning with SAP,IBM Notes Collaboration and Email,Effective Communication and Active Listening
1573,FileMaker Pro Database Development,Email Management with Microsoft Outlook,Effective Communication and Active Listening
1574,Designing High-Impact PowerPoint Presentations,Advanced Microsoft Excel Masterclass,Effective Communication and Active Listening
1576,Designing High-Impact PowerPoint Presentations,Microsoft Office Suite Productivity Boost,Critical Thinking and Analytical Problem Solving
1577,SQL Querying for Beginners,IBM Notes Collaboration and Email,Effective Communication and Active Listening
1578,FileMaker Pro Database Development,Microsoft Office Suite Productivity Boost,Continuous Learning Strategies
1580,FileMaker Pro Database Development,Business Writing Essentials,Essential Mathematics for Business
1581,FileMaker Pro Database Development,IBM Notes Collaboration and Email,Critical Thinking and Analytical Problem Solving
1582,Enterprise Resource Planning with SAP,Email Management with Microsoft Outlook,Effective Communication and Active Listening
1583,JavaScript Web Development Essentials,Advanced Microsoft Excel Masterclass,Speed Reading and Comprehension
1585,C++ Object-Oriented Programming,Email Management with Microsoft Outlook,Effective Communication and Active Listening
1586,FileMaker Pro Database Development,Email Management with Microsoft Outlook,Effective Communication and Active Listening
1587,SQL Querying for Beginners,Email Management with Microsoft Outlook,Effective Communication and Active Listening
1588,Enterprise Resource Planning with SAP,Email Management with Microsoft Outlook,Critical Thinking and Analytical Problem Solving
1590,SQL Querying for Beginners,Email Management with Microsoft Outlook,Effective Communication and Active Listening
1591,Enterprise Resource Planning with SAP,Email Management with Microsoft Outlook,Effective Communication and Active Listening
1592,FileMaker Pro Database Development,Advanced Microsoft Excel Masterclass,Continuous Learning Strategies
1594,FileMaker Pro Database Development,Email Management with Microsoft Outlook,Critical Thinking and Analytical Problem Solving
1595,Enterprise Resource Planning with SAP,Professional Document Creation in Microsoft Word,Performance Monitoring and Quality Assurance
1596,FileMaker Pro Database Development,Email Management with Microsoft Outlook,Continuous Learning Strategies
1597,JavaScript Web Development Essentials,IBM Notes Collaboration and Email,Effective Communication and Active Listening
1598,C++ Object-Oriented Programming,Email Management with Microsoft Outlook,Effective Communication and Active Listening
1599,FileMaker Pro Database Development,Email Management with Microsoft Outlook,Continuous Learning Strategies
1601,Enterprise Resource Planning with SAP,Email Management with Microsoft Outlook,Effective Communication and Active Listening
1602,Enterprise Resource Planning with SAP,Email Management with Microsoft Outlook,Critical Thinking and Analytical Problem Solving
1604,Enterprise Resource Planning with SAP,Microsoft Office Suite Productivity Boost,Speed Reading and Comprehension
1605,SQL Querying for Beginners,Microsoft Office Suite Productivity Boost,Effective Communication and Active Listening
1606,SQL Querying for Beginners,Microsoft Office Suite Productivity Boost,Effective Communication and Active Listening
1607,FileMaker Pro Database Development,Microsoft Office Suite Productivity Boost,Critical Thinking and Analytical Problem Solving
1608,Enterprise Resource Planning with SAP,Email Management with Microsoft Outlook,Speed Reading and Comprehension
1609,Linux System Administration Basics,Microsoft Office Suite Productivity Boost,Performance Monitoring and Quality Assurance
1611,SQL Querying for Beginners,Advanced Microsoft Excel Masterclass,Performance Monitoring and Quality Assurance
1612,C++ Object-Oriented Programming,Microsoft Office Suite Productivity Boost,Speed Reading and Comprehension
1613,Enterprise Resource Planning with SAP,Email Management with Microsoft Outlook,Effective Communication and Active Listening
1614,FileMaker Pro Database Development,IBM Notes Collaboration and Email,Effective Communication and Active Listening
1615,FileMaker Pro Database Development,Microsoft Office Suite Productivity Boost,Effective Communication and Active Listening
1617,FileMaker Pro Database Development,Professional Document Creation in Microsoft Word,Effective Communication and Active Listening
1618,FileMaker Pro Database Development,Email Management with Microsoft Outlook,Effective Communication and Active Listening
1619,Enterprise Resource Planning with SAP,Email Management with Microsoft Outlook,Effective Communication and Active Listening
1621,SQL Querying for Beginners,IBM Notes Collaboration and Email,Critical Thinking and Analytical Problem Solving
1622,FileMaker Pro Database Development,Microsoft Office Suite Productivity Boost,Effective Communication and Active Listening
1623,FileMaker Pro Database Development,IBM Notes Collaboration and Email,Effective Communication and Active Listening
1624,Designing High-Impact PowerPoint Presentations,Email Management with Microsoft Outlook,Effective Communication and Active Listening
1625,FileMaker Pro Database Development,Microsoft Office Suite Productivity Boost,Effective Communication and Active Listening
1627,SQL Querying for Beginners,Microsoft Office Suite Productivity Boost,Effective Communication and Active Listening
1628,SQL Querying for Beginners,Microsoft Office Suite Productivity Boost,Effective Communication and Active Listening
1630,JavaScript Web Development Essentials,Email Management with Microsoft Outlook,Effective Communication and Active Listening
1631,FileMaker Pro Database Development,Email Management with Microsoft Outlook,Critical Thinking and Analytical Problem Solving
1633,Enterprise Resource Planning with SAP,IBM Notes Collaboration and Email,Critical Thinking and Analytical Problem Solving
1635,SQL Querying for Beginners,Email Management with Microsoft Outlook,Critical Thinking and Analytical Problem Solving
1638,Enterprise Resource Planning with SAP,Microsoft Office Suite Productivity Boost,Effective Communication and Active Listening
1639,C++ Object-Oriented Programming,Email Management with Microsoft Outlook,Critical Thinking and Analytical Problem Solving
1640,Enterprise Resource Planning with SAP,Microsoft Office Suite Productivity Boost,Performance Monitoring and Quality Assurance
1641,Designing High-Impact PowerPoint Presentations,Microsoft Office Suite Productivity Boost,Effective Communication and Active Listening
1642,Enterprise Resource Planning with SAP,Email Management with Microsoft Outlook,Continuous Learning Strategies
1644,SQL Querying for Beginners,Email Management with Microsoft Outlook,Speed Reading and Comprehension
1645,JavaScript Web Development Essentials,Microsoft Office Suite Productivity Boost,Effective Communication and Active Listening
1646,FileMaker Pro Database Development,Microsoft Office Suite Productivity Boost,Effective Communication and Active Listening
1647,SQL Querying for Beginners,Email Management with Microsoft Outlook,Critical Thinking and Analytical Problem Solving
1648,FileMaker Pro Database Development,Microsoft Office Suite Productivity Boost,Effective Communication and Active Listening
1649,FileMaker Pro Database Development,Advanced Microsoft Excel Masterclass,Critical Thinking and Analytical Problem Solving
1650,C++ Object-Oriented Programming,Advanced Microsoft Excel Masterclass,Speed Reading and Comprehension
1651,SQL Querying for Beginners,Microsoft Office Suite Productivity Boost,Effective Communication and Active Listening
1653,Enterprise Resource Planning with SAP,IBM Notes Collaboration and Email,Speed Reading and Comprehension
1654,Enterprise Resource Planning with SAP,Email Management with Microsoft Outlook,Effective Communication and Active Listening
1655,Designing High-Impact PowerPoint Presentations,Microsoft Office Suite Productivity Boost,Continuous Learning Strategies
1656,Designing High-Impact PowerPoint Presentations,Microsoft Office Suite Productivity Boost,Effective Communication and Active Listening
1657,Email Management with Microsoft Outlook,Effective Communication and Active Listening,Continuous Learning Strategies
1658,SQL Querying for Beginners,Microsoft Office Suite Productivity Boost,Speed Reading and Comprehension
1659,Designing High-Impact PowerPoint Presentations,Email Management with Microsoft Outlook,Continuous Learning Strategies
1661,JavaScript Web Development Essentials,Microsoft Office Suite Productivity Boost,Effective Learning and Study Strategies
1662,SQL Querying for Beginners,Professional Document Creation in Microsoft Word,Speed Reading and Comprehension
1664,Email Management with Microsoft Outlook,Continuous Learning Strategies,Advanced Microsoft Excel Masterclass
1665,FileMaker Pro Database Development,Advanced Microsoft Excel Masterclass,Continuous Learning Strategies
1666,Enterprise Resource Planning with SAP,Microsoft Office Suite Productivity Boost,Effective Learning and Study Strategies
1667,C++ Object-Oriented Programming,Microsoft Office Suite Productivity Boost,Effective Communication and Active Listening
1668,FileMaker Pro Database Development,Microsoft Office Suite Productivity Boost,Continuous Learning Strategies
1669,C++ Object-Oriented Programming,Professional Document Creation in Microsoft Word,Continuous Learning Strategies
1670,Enterprise Resource Planning with SAP,Email Management with Microsoft Outlook,Essential Mathematics for Business
1671,FileMaker Pro Database Development,IBM Notes Collaboration and Email,Continuous Learning Strategies
1673,JavaScript Web Development Essentials,Professional Document Creation in Microsoft Word,Critical Thinking and Analytical Problem Solving
1674,SQL Querying for Beginners,Email Management with Microsoft Outlook,Speed Reading and Comprehension
1675,FileMaker Pro Database Development,Email Management with Microsoft Outlook,Effective Communication and Active Listening
1676,Enterprise Resource Planning with SAP,Microsoft Office Suite Productivity Boost,Critical Thinking and Analytical Problem Solving
1677,FileMaker Pro Database Development,Microsoft Office Suite Productivity Boost,Effective Communication and Active Listening
1678,C++ Object-Oriented Programming,Email Management with Microsoft Outlook,Critical Thinking and Analytical Problem Solving
1680,Designing High-Impact PowerPoint Presentations,Email Management with Microsoft Outlook,Continuous Learning Strategies
1681,JavaScript Web Development Essentials,Email Management with Microsoft Outlook,Effective Communication and Active Listening
1682,JavaScript Web Development Essentials,IBM Notes Collaboration and Email,Effective Communication and Active Listening
1683,FileMaker Pro Database Development,Microsoft Office Suite Productivity Boost,Critical Thinking and Analytical Problem Solving
1684,Enterprise Resource Planning with SAP,Advanced Microsoft Excel Masterclass,Effective Communication and Active Listening
1687,Designing High-Impact PowerPoint Presentations,IBM Notes Collaboration and Email,Effective Communication and Active Listening
1689,JavaScript Web Development Essentials,Microsoft Office Suite Productivity Boost,Effective Communication and Active Listening
1691,Designing High-Impact PowerPoint Presentations,Email Management with Microsoft Outlook,Effective Communication and Active Listening
1692,Enterprise Resource Planning with SAP,Microsoft Office Suite Productivity Boost,Effective Communication and Active Listening
1693,FileMaker Pro Database Development,Advanced Microsoft Excel Masterclass,Critical Thinking and Analytical Problem Solving
1694,FileMaker Pro Database Development,Email Management with Microsoft Outlook,Performance Monitoring and Quality Assurance
1696,FileMaker Pro Database Development,Email Management with Microsoft Outlook,Effective Communication and Active Listening
1697,SQL Querying for Beginners,IBM Notes Collaboration and Email,Continuous Learning Strategies
1698,Designing High-Impact PowerPoint Presentations,Professional Document Creation in Microsoft Word,Effective Communication and Active Listening
1700,Enterprise Resource Planning with SAP,Email Management with Microsoft Outlook,Effective Communication and Active Listening
1701,FileMaker Pro Database Development,Microsoft Office Suite Productivity Boost,Effective Communication and Active Listening
1702,SQL Querying for Beginners,Email Management with Microsoft Outlook,Continuous Learning Strategies
1703,Designing High-Impact PowerPoint Presentations,Email Management with Microsoft Outlook,Critical Thinking and Analytical Problem Solving
1704,SQL Querying for Beginners,Microsoft Office Suite Productivity Boost,Effective Communication and Active Listening
1706,C++ Object-Oriented Programming,Microsoft Office Suite Productivity Boost,Critical Thinking and Analytical Problem Solving
1707,FileMaker Pro Database Development,Microsoft Office Suite Productivity Boost,Critical Thinking and Analytical Problem Solving
1708,Enterprise Resource Planning with SAP,Email Management with Microsoft Outlook,Critical Thinking and Analytical Problem Solving
1709,FileMaker Pro Database Development,IBM Notes Collaboration and Email,Effective Communication and Active Listening
1710,SQL Querying for Beginners,Professional Document Creation in Microsoft Word,Critical Thinking and Analytical Problem Solving
1712,SQL Querying for Beginners,Email Management with Microsoft Outlook,Effective Communication and Active Listening
1714,FileMaker Pro Database Development,Email Management with Microsoft Outlook,Critical Thinking and Analytical Problem Solving
1716,JavaScript Web Development Essentials,Email Management with Microsoft Outlook,Effective Communication and Active Listening
1718,SQL Querying for Beginners,Microsoft Office Suite Productivity Boost,Critical Thinking and Analytical Problem Solving
1719,Enterprise Resource Planning with SAP,Microsoft Office Suite Productivity Boost,Continuous Learning Strategies
1720,SQL Querying for Beginners,Microsoft Office Suite Productivity Boost,Effective Communication and Active Listening
1721,FileMaker Pro Database Development,Effective Communication and Active Listening,Continuous Learning Strategies
1722,Enterprise Resource Planning with SAP,Email Management with Microsoft Outlook,Effective Communication and Active Listening
1724,Designing High-Impact PowerPoint Presentations,Email Management with Microsoft Outlook,Speed Reading and Comprehension
1725,Enterprise Resource Planning with SAP,Email Management with Microsoft Outlook,Continuous Learning Strategies
1727,Designing High-Impact PowerPoint Presentations,Advanced Microsoft Excel Masterclass,Effective Communication and Active Listening
1728,FileMaker Pro Database Development,Advanced Microsoft Excel Masterclass,Critical Thinking and Analytical Problem Solving
1729,FileMaker Pro Database Development,Microsoft Office Suite Productivity Boost,Critical Thinking and Analytical Problem Solving
1731,JavaScript Web Development Essentials,Microsoft Office Suite Productivity Boost,Effective Communication and Active Listening
1732,C++ Object-Oriented Programming,Advanced Microsoft Excel Masterclass,Critical Thinking and Analytical Problem Solving
1733,C++ Object-Oriented Programming,Email Management with Microsoft Outlook,Effective Communication and Active Listening
1734,C++ Object-Oriented Programming,Email Management with Microsoft Outlook,Continuous Learning Strategies
1735,Enterprise Resource Planning with SAP,Microsoft Office Suite Productivity Boost,Critical Thinking and Analytical Problem Solving
1736,SQL Querying for Beginners,Microsoft Office Suite Productivity Boost,Effective Communication and Active Listening
1737,Enterprise Resource Planning with SAP,Email Management with Microsoft Outlook,Speed Reading and Comprehension
1739,C++ Object-Oriented Programming,Email Management with Microsoft Outlook,Effective Communication and Active Listening
1740,Enterprise Resource Planning with SAP,Email Management with Microsoft Outlook,Critical Thinking and Analytical Problem Solving
1744,Enterprise Resource Planning with SAP,Email Management with Microsoft Outlook,Effective Communication and Active Listening
1745,FileMaker Pro Database Development,Microsoft Office Suite Productivity Boost,Critical Thinking and Analytical Problem Solving
1746,SQL Querying for Beginners,Microsoft Office Suite Productivity Boost,Critical Thinking and Analytical Problem Solving
1747,Enterprise Resource Planning with SAP,Advanced Microsoft Excel Masterclass,Continuous Learning Strategies
1749,C++ Object-Oriented Programming,Email Management with Microsoft Outlook,Continuous Learning Strategies
1751,FileMaker Pro Database Development,IBM Notes Collaboration and Email,Critical Thinking and Analytical Problem Solving
1752,SQL Querying for Beginners,Email Management with Microsoft Outlook,Effective Communication and Active Listening
1753,Designing High-Impact PowerPoint Presentations,Email Management with Microsoft Outlook,Effective Learning and Study Strategies
1754,C++ Object-Oriented Programming,Email Management with Microsoft Outlook,Effective Communication and Active Listening
1755,Linux System Administration Basics,Microsoft Office Suite Productivity Boost,Effective Communication and Active Listening
1756,C++ Object-Oriented Programming,Email Management with Microsoft Outlook,Effective Communication and Active Listening
1757,JavaScript Web Development Essentials,Professional Document Creation in Microsoft Word,Critical Thinking and Analytical Problem Solving
1758,C++ Object-Oriented Programming,Microsoft Office Suite Productivity Boost,Effective Communication and Active Listening
1760,FileMaker Pro Database Development,Microsoft Office Suite Productivity Boost,Continuous Learning Strategies
1761,C++ Object-Oriented Programming,Email Management with Microsoft Outlook,Critical Thinking and Analytical Problem Solving
1762,FileMaker Pro Database Development,IBM Notes Collaboration and Email,Continuous Learning Strategies
1763,Email Management with Microsoft Outlook,Speed Reading and Comprehension,IBM Notes Collaboration and Email
1764,FileMaker Pro Database Development,IBM Notes Collaboration and Email,Effective Communication and Active Listening
1766,SQL Querying for Beginners,Email Management with Microsoft Outlook,Effective Communication and Active Listening
1767,FileMaker Pro Database Development,IBM Notes Collaboration and Email,Effective Communication and Active Listening
1768,FileMaker Pro Database Development,Effective Communication and Active Listening,Critical Thinking and Analytical Problem Solving
1770,Enterprise Resource Planning with SAP,Advanced Microsoft Excel Masterclass,Effective Communication and Active Listening
1771,FileMaker Pro Database Development,Microsoft Office Suite Productivity Boost,Effective Communication and Active Listening
1772,Enterprise Resource Planning with SAP,Professional Document Creation in Microsoft Word,Effective Communication and Active Listening
1774,C++ Object-Oriented Programming,Email Management with Microsoft Outlook,Effective Communication and Active Listening
1775,FileMaker Pro Database Development,Microsoft Office Suite Productivity Boost,Speed Reading and Comprehension
1778,FileMaker Pro Database Development,Microsoft Office Suite Productivity Boost,Effective Learning and Study Strategies
1779,Enterprise Resource Planning with SAP,Email Management with Microsoft Outlook,Effective Communication and Active Listening
1780,Designing High-Impact PowerPoint Presentations,Microsoft Office Suite Productivity Boost,Effective Communication and Active Listening
1782,Enterprise Resource Planning with SAP,Email Management with Microsoft Outlook,Effective Communication and Active Listening
1783,FileMaker Pro Database Development,Microsoft Office Suite Productivity Boost,Critical Thinking and Analytical Problem Solving
1784,Enterprise Resource Planning with SAP,Email Management with Microsoft Outlook,Critical Thinking and Analytical Problem Solving
1786,Enterprise Resource Planning with SAP,Email Management with Microsoft Outlook,Effective Communication and Active Listening
1787,C++ Object-Oriented Programming,Professional Document Creation in Microsoft Word,Effective Communication and Active Listening
1789,Designing High-Impact PowerPoint Presentations,Microsoft Office Suite Productivity Boost,Speed Reading and Comprehension
1790,Designing High-Impact PowerPoint Presentations,IBM Notes Collaboration and Email,Effective Communication and Active Listening
1792,FileMaker Pro Database Development,IBM Notes Collaboration and Email,Effective Communication and Active Listening
1794,Enterprise Resource Planning with SAP,IBM Notes Collaboration and Email,Effective Communication and Active Listening
1797,C++ Object-Oriented Programming,Email Management with Microsoft Outlook,Critical Thinking and Analytical Problem Solving
1798,FileMaker Pro Database Development,IBM Notes Collaboration and Email,Effective Communication and Active Listening
1799,SQL Querying for Beginners,Microsoft Office Suite Productivity Boost,Critical Thinking and Analytical Problem Solving
1800,Designing High-Impact PowerPoint Presentations,Advanced Microsoft Excel Masterclass,Critical Thinking and Analytical Problem Solving
1801,Enterprise Resource Planning with SAP,Microsoft Office Suite Productivity Boost,Effective Communication and Active Listening
1802,SQL Querying for Beginners,IBM Notes Collaboration and Email,Speed Reading and Comprehension
1803,SQL Querying for Beginners,Microsoft Office Suite Productivity Boost,Continuous Learning Strategies
1804,Enterprise Resource Planning with SAP,Email Management with Microsoft Outlook,Speed Reading and Comprehension
1805,FileMaker Pro Database Development,Email Management with Microsoft Outlook,Critical Thinking and Analytical Problem Solving
1807,Enterprise Resource Planning with SAP,IBM Notes Collaboration and Email,Effective Communication and Active Listening
1809,FileMaker Pro Database Development,IBM Notes Collaboration and Email,Effective Communication and Active Listening
1812,C++ Object-Oriented Programming,Microsoft Office Suite Productivity Boost,Effective Communication and Active Listening
1813,FileMaker Pro Database Development,IBM Notes Collaboration and Email,Continuous Learning Strategies
1814,SQL Querying for Beginners,IBM Notes Collaboration and Email,Effective Learning and Study Strategies
1815,C++ Object-Oriented Programming,Professional Document Creation in Microsoft Word,Effective Communication and Active Listening
1816,Enterprise Resource Planning with SAP,Microsoft Office Suite Productivity Boost,Critical Thinking and Analytical Problem Solving
1818,FileMaker Pro Database Development,Microsoft Office Suite Productivity Boost,Effective Communication and Active Listening
1821,SQL Querying for Beginners,Microsoft Office Suite Productivity Boost,Critical Thinking and Analytical Problem Solving
1822,SQL Querying for Beginners,Email Management with Microsoft Outlook,Critical Thinking and Analytical Problem Solving
1823,C++ Object-Oriented Programming,Professional Document Creation in Microsoft Word,Effective Communication and Active Listening
1824,FileMaker Pro Database Development,IBM Notes Collaboration and Email,Effective Communication and Active Listening
1826,FileMaker Pro Database Development,Email Management with Microsoft Outlook,Critical Thinking and Analytical Problem Solving
1827,Enterprise Resource Planning with SAP,Email Management with Microsoft Outlook,Critical Thinking and Analytical Problem Solving
1829,SQL Querying for Beginners,Email Management with Microsoft Outlook,Effective Communication and Active Listening
1830,FileMaker Pro Database Development,Microsoft Office Suite Productivity Boost,Effective Communication and Active Listening
1833,C++ Object-Oriented Programming,Advanced Microsoft Excel Masterclass,Effective Communication and Active Listening
1834,Designing High-Impact PowerPoint Presentations,IBM Notes Collaboration and Email,Critical Thinking and Analytical Problem Solving
1835,Email Management with Microsoft Outlook,Effective Communication and Active Listening,Speed Reading and Comprehension
1836,Enterprise Resource Planning with SAP,Email Management with Microsoft Outlook,Critical Thinking and Analytical Problem Solving
1837,Enterprise Resource Planning with SAP,Email Management with Microsoft Outlook,Effective Communication and Active Listening
1839,FileMaker Pro Database Development,IBM Notes Collaboration and Email,Continuous Learning Strategies
1842,Enterprise Resource Planning with SAP,Email Management with Microsoft Outlook,Critical Thinking and Analytical Problem Solving
1844,SQL Querying for Beginners,Email Management with Microsoft Outlook,Critical Thinking and Analytical Problem Solving
1845,C++ Object-Oriented Programming,Email Management with Microsoft Outlook,Effective Communication and Active Listening
1847,Designing High-Impact PowerPoint Presentations,Advanced Microsoft Excel Masterclass,Effective Communication and Active Listening
1849,C++ Object-Oriented Programming,Microsoft Office Suite Productivity Boost,Effective Communication and Active Listening
1850,FileMaker Pro Database Development,Email Management with Microsoft Outlook,Critical Thinking and Analytical Problem Solving
1852,SQL Querying for Beginners,Advanced Microsoft Excel Masterclass,Effective Communication and Active Listening
1853,C++ Object-Oriented Programming,Professional Document Creation in Microsoft Word,Effective Communication and Active Listening
1854,SQL Querying for Beginners,Microsoft Office Suite Productivity Boost,Speed Reading and Comprehension
1856,FileMaker Pro Database Development,IBM Notes Collaboration and Email,Critical Thinking and Analytical Problem Solving
1857,FileMaker Pro Database Development,Professional Document Creation in Microsoft Word,Effective Communication and Active Listening
1858,Enterprise Resource Planning with SAP,Email Management with Microsoft Outlook,Effective Communication and Active Listening
1859,SQL Querying for Beginners,Professional Document Creation in Microsoft Word,Critical Thinking and Analytical Problem Solving
1860,FileMaker Pro Database Development,Microsoft Office Suite Productivity Boost,Continuous Learning Strategies
1862,Enterprise Resource Planning with SAP,Email Management with Microsoft Outlook,Speed Reading and Comprehension
1863,Enterprise Resource Planning with SAP,Email Management with Microsoft Outlook,Effective Communication and Active Listening
1864,Enterprise Resource Planning with SAP,Email Management with Microsoft Outlook,Critical Thinking and Analytical Problem Solving
1865,Designing High-Impact PowerPoint Presentations,Email Management with Microsoft Outlook,Performance Monitoring and Quality Assurance
1866,Enterprise Resource Planning with SAP,IBM Notes Collaboration and Email,Speed Reading and Comprehension
1867,Enterprise Resource Planning with SAP,Email Management with Microsoft Outlook,Performance Monitoring and Quality Assurance
1868,FileMaker Pro Database Development,Microsoft Office Suite Productivity Boost,Effective Communication and Active Listening
1869,JavaScript Web Development Essentials,Microsoft Office Suite Productivity Boost,Critical Thinking and Analytical Problem Solving
1870,Designing High-Impact PowerPoint Presentations,Microsoft Office Suite Productivity Boost,Critical Thinking and Analytical Problem Solving
1871,FileMaker Pro Database Development,Advanced Microsoft Excel Masterclass,Business Writing Essentials
1873,Linux System Administration Basics,Microsoft Office Suite Productivity Boost,Effective Communication and Active Listening
1875,Designing High-Impact PowerPoint Presentations,Email Management with Microsoft Outlook,Effective Communication and Active Listening
1876,Designing High-Impact PowerPoint Presentations,Email Management with Microsoft Outlook,Speed Reading and Comprehension
1878,FileMaker Pro Database Development,Microsoft Office Suite Productivity Boost,Effective Communication and Active Listening
1880,Enterprise Resource Planning with SAP,Microsoft Office Suite Productivity Boost,Effective Communication and Active Listening
1881,FileMaker Pro Database Development,Email Management with Microsoft Outlook,Effective Communication and Active Listening
1882,C++ Object-Oriented Programming,Microsoft Office Suite Productivity Boost,Continuous Learning Strategies
1883,SQL Querying for Beginners,Email Management with Microsoft Outlook,Business Writing Essentials
1885,FileMaker Pro Database Development,Microsoft Office Suite Productivity Boost,Effective Learning and Study Strategies
1886,Enterprise Resource Planning with SAP,Professional Document Creation in Microsoft Word,Critical Thinking and Analytical Problem Solving
1888,FileMaker Pro Database Development,Email Management with Microsoft Outlook,Effective Communication and Active Listening
1890,FileMaker Pro Database Development,Email Management with Microsoft Outlook,Critical Thinking and Analytical Problem Solving
1892,Enterprise Resource Planning with SAP,Microsoft Office Suite Productivity Boost,Effective Learning and Study Strategies
1893,Designing High-Impact PowerPoint Presentations,Email Management with Microsoft Outlook,Effective Communication and Active Listening
1898,C++ Object-Oriented Programming,Professional Document Creation in Microsoft Word,Effective Communication and Active Listening
1900,FileMaker Pro Database Development,Email Management with Microsoft Outlook,Critical Thinking and Analytical Problem Solving
1903,SQL Querying for Beginners,Advanced Microsoft Excel Masterclass,Continuous Learning Strategies
1905,FileMaker Pro Database Development,Microsoft Office Suite Productivity Boost,Continuous Learning Strategies
1907,FileMaker Pro Database Development,Email Management with Microsoft Outlook,Effective Communication and Active Listening
1908,C++ Object-Oriented Programming,Email Management with Microsoft Outlook,Critical Thinking and Analytical Problem Solving
1909,Enterprise Resource Planning with SAP,Microsoft Office Suite Productivity Boost,Effective Communication and Active Listening
1911,Enterprise Resource Planning with SAP,Email Management with Microsoft Outlook,Effective Communication and Active Listening
1912,C++ Object-Oriented Programming,Email Management with Microsoft Outlook,Effective Communication and Active Listening
1915,Enterprise Resource Planning with SAP,Email Management with Microsoft Outlook,Performance Monitoring and Quality Assurance
1916,FileMaker Pro Database Development,Email Management with Microsoft Outlook,Critical Thinking and Analytical Problem Solving
1918,Designing High-Impact PowerPoint Presentations,IBM Notes Collaboration and Email,Effective Communication and Active Listening
1922,Designing High-Impact PowerPoint Presentations,Email Management with Microsoft Outlook,Effective Communication and Active Listening
1924,JavaScript Web Development Essentials,Microsoft Office Suite Productivity Boost,Critical Thinking and Analytical Problem Solving
1927,Linux System Administration Basics,Microsoft Office Suite Productivity Boost,Effective Communication and Active Listening
1928,Email Management with Microsoft Outlook,Effective Communication and Active Listening,Critical Thinking and Analytical Problem Solving
1929,C++ Object-Oriented Programming,Microsoft Office Suite Productivity Boost,Effective Communication and Active Listening
1931,FileMaker Pro Database Development,Professional Document Creation in Microsoft Word,Effective Communication and Active Listening
1932,IBM Notes Collaboration and Email,Critical Thinking and Analytical Problem Solving,Continuous Learning Strategies
1933,C++ Object-Oriented Programming,Microsoft Office Suite Productivity Boost,Effective Communication and Active Listening
1934,SQL Querying for Beginners,Professional Document Creation in Microsoft Word,Effective Communication and Active Listening
1935,Enterprise Resource Planning with SAP,Microsoft Office Suite Productivity Boost,Effective Communication and Active Listening
1936,Designing High-Impact PowerPoint Presentations,Microsoft Office Suite Productivity Boost,Critical Thinking and Analytical Problem Solving
1937,SQL Querying for Beginners,Microsoft Office Suite Productivity Boost,Continuous Learning Strategies
1938,Designing High-Impact PowerPoint Presentations,IBM Notes Collaboration and Email,Performance Monitoring and Quality Assurance
1939,SQL Querying for Beginners,Microsoft Office Suite Productivity Boost,Public Speaking and Presentation Skills
1940,FileMaker Pro Database Development,IBM Notes Collaboration and Email,Business Writing Essentials
1941,Designing High-Impact PowerPoint Presentations,Email Management with Microsoft Outlook,Effective Communication and Active Listening
1943,C++ Object-Oriented Programming,Microsoft Office Suite Productivity Boost,Speed Reading and Comprehension
1944,Enterprise Resource Planning with SAP,Email Management with Microsoft Outlook,Critical Thinking and Analytical Problem Solving
1945,Enterprise Resource Planning with SAP,Microsoft Office Suite Productivity Boost,Critical Thinking and Analytical Problem Solving
1947,FileMaker Pro Database Development,Microsoft Office Suite Productivity Boost,Continuous Learning Strategies
1948,FileMaker Pro Database Development,Advanced Microsoft Excel Masterclass,Performance Monitoring and Quality Assurance
1949,SQL Querying for Beginners,Microsoft Office Suite Productivity Boost,Effective Communication and Active Listening
1950,JavaScript Web Development Essentials,Email Management with Microsoft Outlook,Critical Thinking and Analytical Problem Solving
1951,C++ Object-Oriented Programming,Professional Document Creation in Microsoft Word,Effective Communication and Active Listening
1952,FileMaker Pro Database Development,Email Management with Microsoft Outlook,Critical Thinking and Analytical Problem Solving
1954,SQL Querying for Beginners,Microsoft Office Suite Productivity Boost,Effective Communication and Active Listening
1955,Designing High-Impact PowerPoint Presentations,Email Management with Microsoft Outlook,Effective Communication and Active Listening
1956,FileMaker Pro Database Development,Microsoft Office Suite Productivity Boost,Effective Communication and Active Listening
1960,FileMaker Pro Database Development,Email Management with Microsoft Outlook,Effective Communication and Active Listening
1961,Designing High-Impact PowerPoint Presentations,Advanced Microsoft Excel Masterclass,Critical Thinking and Analytical Problem Solving
1962,C++ Object-Oriented Programming,Email Management with Microsoft Outlook,Speed Reading and Comprehension
1965,Enterprise Resource Planning with SAP,Email Management with Microsoft Outlook,Effective Communication and Active Listening
1966,SQL Querying for Beginners,IBM Notes Collaboration and Email,Continuous Learning Strategies
1967,Enterprise Resource Planning with SAP,Microsoft Office Suite Productivity Boost,Critical Thinking and Analytical Problem Solving
1968,JavaScript Web Development Essentials,Email Management with Microsoft Outlook,Continuous Learning Strategies
1969,SQL Querying for Beginners,Microsoft Office Suite Productivity Boost,Speed Reading and Comprehension
1970,SQL Querying for Beginners,Email Management with Microsoft Outlook,Effective Communication and Active Listening
1971,SQL Querying for Beginners,Advanced Microsoft Excel Masterclass,Effective Communication and Active Listening
1972,FileMaker Pro Database Development,Email Management with Microsoft Outlook,Effective Communication and Active Listening
1973,FileMaker Pro Database Development,Advanced Microsoft Excel Masterclass,Effective Learning and Study Strategies
1974,Enterprise Resource Planning with SAP,Microsoft Office Suite Productivity Boost,Effective Communication and Active Listening
1975,C++ Object-Oriented Programming,Email Management with Microsoft Outlook,Effective Communication and Active Listening
1976,Enterprise Resource Planning with SAP,Email Management with Microsoft Outlook,Effective Communication and Active Listening
1979,Enterprise Resource Planning with SAP,Email Management with Microsoft Outlook,Speed Reading and Comprehension
1980,Enterprise Resource Planning with SAP,Email Management with Microsoft Outlook,Critical Thinking and Analytical Problem Solving
1981,Designing High-Impact PowerPoint Presentations,IBM Notes Collaboration and Email,Effective Communication and Active Listening
1982,Enterprise Resource Planning with SAP,Advanced Microsoft Excel Masterclass,Effective Communication and Active Listening
1985,FileMaker Pro Database Development,Microsoft Office Suite Productivity Boost,Critical Thinking and Analytical Problem Solving
1986,C++ Object-Oriented Programming,Advanced Microsoft Excel Masterclass,Continuous Learning Strategies
1987,SQL Querying for Beginners,Professional Document Creation in Microsoft Word,Effective Learning and Study Strategies
1989,SQL Querying for Beginners,Professional Document Creation in Microsoft Word,Effective Communication and Active Listening
1992,FileMaker Pro Database Development,Microsoft Office Suite Productivity Boost,Continuous Learning Strategies
1993,Designing High-Impact PowerPoint Presentations,IBM Notes Collaboration and Email,Effective Communication and Active Listening
1994,SQL Querying for Beginners,Microsoft Office Suite Productivity Boost,Critical Thinking and Analytical Problem Solving
1995,C++ Object-Oriented Programming,Advanced Microsoft Excel Masterclass,Effective Communication and Active Listening
1996,Designing High-Impact PowerPoint Presentations,Email Management with Microsoft Outlook,Critical Thinking and Analytical Problem Solving
1997,Systems Analysis and Design Foundations,Microsoft Office Suite Productivity Boost,Effective Communication and Active Listening
1998,Designing High-Impact PowerPoint Presentations,IBM Notes Collaboration and Email,Effective Communication and Active Listening
1999,FileMaker Pro Database Development,IBM Notes Collaboration and Email,Critical Thinking and Analytical Problem Solving
2000,Enterprise Resource Planning with SAP,Advanced Microsoft Excel Masterclass,Effective Communication and Active Listening
2003,SQL Querying for Beginners,Microsoft Office Suite Productivity Boost,Effective Communication and Active Listening
2007,FileMaker Pro Database Development,IBM Notes Collaboration and Email,Effective Communication and Active Listening
2008,SQL Querying for Beginners,IBM Notes Collaboration and Email,Effective Communication and Active Listening
2009,Designing High-Impact PowerPoint Presentations,Email Management with Microsoft Outlook,Effective Communication and Active Listening
2010,Email Management with Microsoft Outlook,Effective Communication and Active Listening,Critical Thinking and Analytical Problem Solving
2012,FileMaker Pro Database Development,Email Management with Microsoft Outlook,Effective Communication and Active Listening
2013,SQL Querying for Beginners,Microsoft Office Suite Productivity Boost,Critical Thinking and Analytical Problem Solving
2014,FileMaker Pro Database Development,IBM Notes Collaboration and Email,Critical Thinking and Analytical Problem Solving
2015,Enterprise Resource Planning with SAP,Email Management with Microsoft Outlook,Critical Thinking and Analytical Problem Solving
2016,Enterprise Resource Planning with SAP,Email Management with Microsoft Outlook,Effective Communication and Active Listening
2017,Enterprise Resource Planning with SAP,Email Management with Microsoft Outlook,Effective Communication and Active Listening
2018,C++ Object-Oriented Programming,Email Management with Microsoft Outlook,Effective Communication and Active Listening
2019,Microsoft Office Suite Productivity Boost,Speed Reading and Comprehension,Effective Learning and Study Strategies
2020,SQL Querying for Beginners,Microsoft Office Suite Productivity Boost,Critical Thinking and Analytical Problem Solving
2021,SQL Querying for Beginners,Professional Document Creation in Microsoft Word,Critical Thinking and Analytical Problem Solving
2022,Enterprise Resource Planning with SAP,Email Management with Microsoft Outlook,Effective Communication and Active Listening
2023,SQL Querying for Beginners,Professional Document Creation in Microsoft Word,Effective Communication and Active Listening
2024,C++ Object-Oriented Programming,Email Management with Microsoft Outlook,Critical Thinking and Analytical Problem Solving
2025,Designing High-Impact PowerPoint Presentations,Email Management with Microsoft Outlook,Effective Learning and Study Strategies
2026,SQL Querying for Beginners,Advanced Microsoft Excel Masterclass,Effective Communication and Active Listening
2027,FileMaker Pro Database Development,IBM Notes Collaboration and Email,Effective Communication and Active Listening
2031,SQL Querying for Beginners,Email Management with Microsoft Outlook,Critical Thinking and Analytical Problem Solving
2032,FileMaker Pro Database Development,Microsoft Office Suite Productivity Boost,Effective Communication and Active Listening
2034,FileMaker Pro Database Development,Email Management with Microsoft Outlook,Continuous Learning Strategies
2035,C++ Object-Oriented Programming,Microsoft Office Suite Productivity Boost,Critical Thinking and Analytical Problem Solving
2036,C++ Object-Oriented Programming,Microsoft Office Suite Productivity Boost,Critical Thinking and Analytical Problem Solving
2037,JavaScript Web Development Essentials,Email Management with Microsoft Outlook,Effective Communication and Active Listening
2038,SQL Querying for Beginners,Microsoft Office Suite Productivity Boost,Effective Communication and Active Listening
2040,Enterprise Resource Planning with SAP,Email Management with Microsoft Outlook,Effective Communication and Active Listening
2041,Enterprise Resource Planning with SAP,Email Management with Microsoft Outlook,Effective Communication and Active Listening
2044,C++ Object-Oriented Programming,Advanced Microsoft Excel Masterclass,Performance Monitoring and Quality Assurance
2045,C++ Object-Oriented Programming,Microsoft Office Suite Productivity Boost,Effective Communication and Active Listening
2046,JavaScript Web Development Essentials,Microsoft Office Suite Productivity Boost,Critical Thinking and Analytical Problem Solving
2048,SQL Querying for Beginners,Professional Document Creation in Microsoft Word,Effective Communication and Active Listening
2049,SQL Querying for Beginners,Microsoft Office Suite Productivity Boost,Effective Learning and Study Strategies
2051,Designing High-Impact PowerPoint Presentations,Microsoft Office Suite Productivity Boost,Effective Communication and Active Listening
2052,Linux System Administration Basics,IBM Notes Collaboration and Email,Performance Monitoring and Quality Assurance
2053,Enterprise Resource Planning with SAP,Email Management with Microsoft Outlook,Effective Communication and Active Listening
2054,SQL Querying for Beginners,Microsoft Office Suite Productivity Boost,Critical Thinking and Analytical Problem Solving
2055,JavaScript Web Development Essentials,Email Management with Microsoft Outlook,Effective Communication and Active Listening
2056,C++ Object-Oriented Programming,Microsoft Office Suite Productivity Boost,Enterprise Resource Planning with SAP
2057,FileMaker Pro Database Development,Email Management with Microsoft Outlook,Critical Thinking and Analytical Problem Solving
2060,Designing High-Impact PowerPoint Presentations,Professional Document Creation in Microsoft Word,Effective Communication and Active Listening
2061,FileMaker Pro Database Development,IBM Notes Collaboration and Email,Performance Monitoring and Quality Assurance
2062,Designing High-Impact PowerPoint Presentations,Professional Document Creation in Microsoft Word,Continuous Learning Strategies
2064,FileMaker Pro Database Development,Email Management with Microsoft Outlook,Continuous Learning Strategies
2065,Enterprise Resource Planning with SAP,Email Management with Microsoft Outlook,Effective Communication and Active Listening
2068,FileMaker Pro Database Development,Advanced Microsoft Excel Masterclass,Effective Communication and Active Listening
