employee_id,recommended_course,target_skill,cosine_score,importance_score,weighted_score,rank,engine_version
1,C++ Object-Oriented Programming,C++,0.711704671382904,4.218181818181818,0.6935885524749756,1,v3
1,Email Management with Microsoft Outlook,Microsoft Outlook,0.7693076729774475,4.2912772585669785,0.7520521737704767,2,v3
1,Critical Thinking and Analytical Problem Solving,Critical Thinking,0.8358204960823059,3.517912087912088,0.7903257634793326,3,v3
2,Designing High-Impact PowerPoint Presentations,Microsoft PowerPoint,0.6504054069519043,4.3116057233704295,0.6363639810839333,1,v3
2,IBM Notes Collaboration and Email,IBM Notes,0.7330333590507507,3.0,0.677423931812418,2,v3
2,Critical Thinking and Analytical Problem Solving,Critical Thinking,0.8358204960823059,3.517912087912088,0.7903257634793326,3,v3
4,SQL Querying for Beginners,Database software,0.6944124102592468,3.0,0.6417328481016489,1,v3
4,Email Management with Microsoft Outlook,Microsoft Outlook,0.7693076729774475,4.2912772585669785,0.7520521737704767,2,v3
4,Speed Reading and Comprehension,Reading Comprehension,0.7913572788238525,3.4906263736263736,0.7473892405110989,3,v3
5,FileMaker Pro Database Development,FileMaker Pro,0.8307403922080994,3.0,0.7677187072819678,1,v3
5,Professional Document Creation in Microsoft Word,Microsoft Publisher,0.3972012400627136,3.0,0.3670687321958871,2,v3
5,Performance Monitoring and Quality Assurance,Monitoring,0.6809203624725342,3.3096043956043952,0.6379877530688813,3,v3
7,FileMaker Pro Database Development,FileMaker Pro,0.8307403922080994,3.0,0.7677187072819678,1,v3
7,IBM Notes Collaboration and Email,IBM Notes,0.7330333590507507,3.0,0.677423931812418,2,v3
7,Speed Reading and Comprehension,Reading Comprehension,0.7913572788238525,3.4906263736263736,0.7473892405110989,3,v3
8,FileMaker Pro Database Development,FileMaker Pro,0.8307403922080994,3.0,0.7677187072819678,1,v3
8,IBM Notes Collaboration and Email,IBM Notes,0.7330333590507507,3.0,0.677423931812418,2,v3
8,Effective Communication and Active Listening,Active Listening,0.8550388813018799,3.596,0.8112608905792237,3,v3
10,Designing High-Impact PowerPoint Presentations,Microsoft PowerPoint,0.6504054069519043,4.3116057233704295,0.6363639810839333,1,v3
10,Microsoft Office Suite Productivity Boost,Microsoft Office software,0.7261216044425964,4.470012239902081,0.7152051094650734,2,v3
10,Critical Thinking and Analytical Problem Solving,Critical Thinking,0.8358204960823059,3.517912087912088,0.7903257634793326,3,v3
11,FileMaker Pro Database Development,FileMaker Pro,0.8307403922080994,3.0,0.7677187072819678,1,v3
11,Email Management with Microsoft Outlook,Microsoft Outlook,0.7693076729774475,4.2912772585669785,0.7520521737704767,2,v3
11,Critical Thinking and Analytical Problem Solving,Critical Thinking,0.8358204960823059,3.517912087912088,0.7903257634793326,3,v3
12,Enterprise Resource Planning with SAP,SAP software,0.7140014171600342,4.11660777385159,0.6928258420489397,1,v3
12,Microsoft Office Suite Productivity Boost,Microsoft Office software,0.7261216044425964,4.470012239902081,0.7152051094650734,2,v3
12,Critical Thinking and Analytical Problem Solving,Critical Thinking,0.8358204960823059,3.517912087912088,0.7903257634793326,3,v3
13,SQL Querying for Beginners,Database software,0.6944124102592468,3.0,0.6417328481016489,1,v3
13,Email Management with Microsoft Outlook,Microsoft Outlook,0.7693076729774475,4.2912772585669785,0.7520521737704767,2,v3
13,Critical Thinking and Analytical Problem Solving,Critical Thinking,0.8358204960823059,3.517912087912088,0.7903257634793326,3,v3
14,Enterprise Resource Planning with SAP,SAP software,0.7140014171600342,4.11660777385159,0.6928258420489397,1,v3
14,Microsoft Office Suite Productivity Boost,Microsoft Office software,0.7261216044425964,4.470012239902081,0.7152051094650734,2,v3
14,Effective Communication and Active Listening,Active Listening,0.8550388813018799,3.596,0.8112608905792237,3,v3
15,FileMaker Pro Database Development,FileMaker Pro,0.8307403922080994,3.0,0.7677187072819678,1,v3
15,IBM Notes Collaboration and Email,IBM Notes,0.7330333590507507,3.0,0.677423931812418,2,v3
15,Enterprise Resource Planning with SAP,SAP software,0.7140014171600342,4.11660777385159,0.6928258420489397,3,v3
16,SQL Querying for Beginners,Database software,0.6944124102592468,3.0,0.6417328481016489,1,v3
16,Advanced Microsoft Excel Masterclass,Microsoft Excel,0.6717683672904968,4.39464493597206,0.6595740091479589,2,v3
16,Effective Communication and Active Listening,Active Listening,0.8550388813018799,3.596,0.8112608905792237,3,v3
18,SQL Querying for Beginners,Database software,0.6944124102592468,3.0,0.6417328481016489,1,v3
18,Email Management with Microsoft Outlook,Microsoft Outlook,0.7693076729774475,4.2912772585669785,0.7520521737704767,2,v3
18,Effective Communication and Active Listening,Active Listening,0.8550388813018799,3.596,0.8112608905792237,3,v3
19,FileMaker Pro Database Development,FileMaker Pro,0.8307403922080994,3.0,0.7677187072819678,1,v3
19,Microsoft Office Suite Productivity Boost,Microsoft Office software,0.7261216044425964,4.470012239902081,0.7152051094650734,2,v3
19,Effective Communication and Active Listening,Active Listening,0.8550388813018799,3.596,0.8112608905792237,3,v3
20,Enterprise Resource Planning with SAP,SAP software,0.7140014171600342,4.11660777385159,0.6928258420489397,1,v3
20,Email Management with Microsoft Outlook,Microsoft Outlook,0.7693076729774475,4.2912772585669785,0.7520521737704767,2,v3
20,Continuous Learning Strategies,Active Learning,0.8114772439002991,3.121824175824176,0.7540075583535824,3,v3
21,FileMaker Pro Database Development,FileMaker Pro,0.8307403922080994,3.0,0.7677187072819678,1,v3
21,Advanced Microsoft Excel Masterclass,Microsoft Visual Basic,0.39220210909843445,4.0,0.37867789843986777,2,v3
21,Effective Communication and Active Listening,Active Listening,0.8550388813018799,3.596,0.8112608905792237,3,v3
22,FileMaker Pro Database Development,FileMaker Pro,0.8307403922080994,3.0,0.7677187072819678,1,v3
22,Email Management with Microsoft Outlook,Microsoft Outlook,0.7693076729774475,4.2912772585669785,0.7520521737704767,2,v3
22,Critical Thinking and Analytical Problem Solving,Critical Thinking,0.8358204960823059,3.517912087912088,0.7903257634793326,3,v3
23,SQL Querying for Beginners,Database software,0.6944124102592468,3.0,0.6417328481016489,1,v3
23,Microsoft Office Suite Productivity Boost,Microsoft Office software,0.7261216044425964,4.470012239902081,0.7152051094650734,2,v3
23,Effective Communication and Active Listening,Active Listening,0.8550388813018799,3.596,0.8112608905792237,3,v3
24,Python Programming for Data Analytics,Python,0.6116408705711365,4.5,0.6032044447701553,1,v3
24,Microsoft Office Suite Productivity Boost,Microsoft Office software,0.7261216044425964,4.470012239902081,0.7152051094650734,2,v3
24,Critical Thinking and Analytical Problem Solving,Critical Thinking,0.8358204960823059,3.517912087912088,0.7903257634793326,3,v3
26,Enterprise Resource Planning with SAP,SAP Business Objects,0.662801206111908,3.0,0.6125197353034184,1,v3
26,IBM Notes Collaboration and Email,IBM Notes,0.7330333590507507,3.0,0.677423931812418,2,v3
26,Critical Thinking and Analytical Problem Solving,Critical Thinking,0.8358204960823059,3.517912087912088,0.7903257634793326,3,v3
27,Enterprise Resource Planning with SAP,Enterprise application integration EAI software,0.4598567485809326,3.1333333333333333,0.42750820488765323,1,v3
27,Advanced Microsoft Excel Masterclass,Microsoft Excel,0.6717683672904968,4.39464493597206,0.6595740091479589,2,v3
27,Effective Communication and Active Listening,Active Listening,0.8550388813018799,3.596,0.8112608905792237,3,v3
28,Enterprise Resource Planning with SAP,SAP software,0.7140014171600342,4.11660777385159,0.6928258420489397,1,v3
28,Email Management with Microsoft Outlook,Microsoft Outlook,0.7693076729774475,4.2912772585669785,0.7520521737704767,2,v3
28,Effective Communication and Active Listening,Active Listening,0.8550388813018799,3.596,0.8112608905792237,3,v3
30,FileMaker Pro Database Development,FileMaker Pro,0.8307403922080994,3.0,0.7677187072819678,1,v3
30,Advanced Microsoft Excel Masterclass,Microsoft Excel,0.6717683672904968,4.39464493597206,0.6595740091479589,2,v3
30,Critical Thinking and Analytical Problem Solving,Critical Thinking,0.8358204960823059,3.517912087912088,0.7903257634793326,3,v3
31,SQL Querying for Beginners,Database software,0.6944124102592468,3.0,0.6417328481016489,1,v3
31,IBM Notes Collaboration and Email,IBM Notes,0.7330333590507507,3.0,0.677423931812418,2,v3
31,Effective Communication and Active Listening,Active Listening,0.8550388813018799,3.596,0.8112608905792237,3,v3
32,Enterprise Resource Planning with SAP,SAP Business Objects,0.662801206111908,3.0,0.6125197353034184,1,v3
32,Email Management with Microsoft Outlook,Microsoft Outlook,0.7693076729774475,4.2912772585669785,0.7520521737704767,2,v3
32,Effective Communication and Active Listening,Active Listening,0.8550388813018799,3.596,0.8112608905792237,3,v3
33,SQL Querying for Beginners,Database software,0.6944124102592468,3.0,0.6417328481016489,1,v3
33,Email Management with Microsoft Outlook,Microsoft Exchange,0.538519561290741,3.0,0.4976663531928227,2,v3
33,Critical Thinking and Analytical Problem Solving,Critical Thinking,0.8358204960823059,3.517912087912088,0.7903257634793326,3,v3
35,C++ Object-Oriented Programming,C++,0.711704671382904,4.218181818181818,0.6935885524749756,1,v3
35,Email Management with Microsoft Outlook,Microsoft Outlook,0.7693076729774475,4.2912772585669785,0.7520521737704767,2,v3
35,Speed Reading and Comprehension,Reading Comprehension,0.7913572788238525,3.4906263736263736,0.7473892405110989,3,v3
36,SQL Querying for Beginners,Database software,0.6944124102592468,3.0,0.6417328481016489,1,v3
36,Email Management with Microsoft Outlook,Microsoft Outlook,0.7693076729774475,4.2912772585669785,0.7520521737704767,2,v3
36,Critical Thinking and Analytical Problem Solving,Critical Thinking,0.8358204960823059,3.517912087912088,0.7903257634793326,3,v3
38,FileMaker Pro Database Development,FileMaker Pro,0.8307403922080994,3.0,0.7677187072819678,1,v3
38,Microsoft Office Suite Productivity Boost,Microsoft Office software,0.7261216044425964,4.470012239902081,0.7152051094650734,2,v3
38,Effective Communication and Active Listening,Active Listening,0.8550388813018799,3.596,0.8112608905792237,3,v3
39,Enterprise Resource Planning with SAP,SAP software,0.7140014171600342,4.11660777385159,0.6928258420489397,1,v3
39,Email Management with Microsoft Outlook,Microsoft Outlook,0.7693076729774475,4.2912772585669785,0.7520521737704767,2,v3
39,Critical Thinking and Analytical Problem Solving,Critical Thinking,0.8358204960823059,3.517912087912088,0.7903257634793326,3,v3
40,SQL Querying for Beginners,Database software,0.6944124102592468,3.0,0.6417328481016489,1,v3
40,IBM Notes Collaboration and Email,IBM Notes,0.7330333590507507,3.0,0.677423931812418,2,v3
40,Critical Thinking and Analytical Problem Solving,Critical Thinking,0.8358204960823059,3.517912087912088,0.7903257634793326,3,v3
41,FileMaker Pro Database Development,FileMaker Pro,0.8307403922080994,3.0,0.7677187072819678,1,v3
41,Email Management with Microsoft Outlook,Microsoft Outlook,0.7693076729774475,4.2912772585669785,0.7520521737704767,2,v3
41,Effective Communication and Active Listening,Active Listening,0.8550388813018799,3.596,0.8112608905792237,3,v3
42,Designing High-Impact PowerPoint Presentations,Microsoft PowerPoint,0.6504054069519043,4.3116057233704295,0.6363639810839333,1,v3
42,Email Management with Microsoft Outlook,Microsoft Outlook,0.7693076729774475,4.2912772585669785,0.7520521737704767,2,v3
42,Critical Thinking and Analytical Problem Solving,Critical Thinking,0.8358204960823059,3.517912087912088,0.7903257634793326,3,v3
45,FileMaker Pro Database Development,FileMaker Pro,0.8307403922080994,3.0,0.7677187072819678,1,v3
45,IBM Notes Collaboration and Email,IBM Notes,0.7330333590507507,3.0,0.677423931812418,2,v3
45,Performance Monitoring and Quality Assurance,Monitoring,0.6809203624725342,3.3096043956043952,0.6379877530688813,3,v3
46,Designing High-Impact PowerPoint Presentations,Microsoft PowerPoint,0.6504054069519043,4.3116057233704295,0.6363639810839333,1,v3
46,Advanced Microsoft Excel Masterclass,Microsoft Visual Basic,0.39220210909843445,4.0,0.37867789843986777,2,v3
46,Critical Thinking and Analytical Problem Solving,Critical Thinking,0.8358204960823059,3.517912087912088,0.7903257634793326,3,v3
47,Designing High-Impact PowerPoint Presentations,Microsoft PowerPoint,0.6504054069519043,4.3116057233704295,0.6363639810839333,1,v3
47,Professional Document Creation in Microsoft Word,Microsoft Word,0.6755681037902832,4.103316326530612,0.6551608125480609,2,v3
47,Effective Communication and Active Listening,Active Listening,0.8550388813018799,3.596,0.8112608905792237,3,v3
49,SQL Querying for Beginners,Salesforce software,0.45659494400024414,4.204545454545454,0.4447148874635607,1,v3
49,Email Management with Microsoft Outlook,Microsoft Outlook,0.7693076729774475,4.2912772585669785,0.7520521737704767,2,v3
49,Critical Thinking and Analytical Problem Solving,Critical Thinking,0.8358204960823059,3.517912087912088,0.7903257634793326,3,v3
51,Designing High-Impact PowerPoint Presentations,Microsoft PowerPoint,0.6504054069519043,4.3116057233704295,0.6363639810839333,1,v3
51,Professional Document Creation in Microsoft Word,Microsoft Word,0.6755681037902832,4.103316326530612,0.6551608125480609,2,v3
51,Effective Communication and Active Listening,Active Listening,0.8550388813018799,3.596,0.8112608905792237,3,v3
52,Enterprise Resource Planning with SAP,SAP Adaptive Server Enterprise,0.7143436670303345,3.0,0.6601520784969988,1,v3
52,Email Management with Microsoft Outlook,Microsoft Outlook,0.7693076729774475,4.2912772585669785,0.7520521737704767,2,v3
52,Performance Monitoring and Quality Assurance,Monitoring,0.6809203624725342,3.3096043956043952,0.6379877530688813,3,v3
53,FileMaker Pro Database Development,FileMaker Pro,0.8307403922080994,3.0,0.7677187072819678,1,v3
53,Microsoft Office Suite Productivity Boost,Microsoft Office software,0.7261216044425964,4.470012239902081,0.7152051094650734,2,v3
53,Speed Reading and Comprehension,Reading Comprehension,0.7913572788238525,3.4906263736263736,0.7473892405110989,3,v3
54,FileMaker Pro Database Development,FileMaker Pro,0.8307403922080994,3.0,0.7677187072819678,1,v3
54,Email Management with Microsoft Outlook,Microsoft Outlook,0.7693076729774475,4.2912772585669785,0.7520521737704767,2,v3
54,Continuous Learning Strategies,Active Learning,0.8114772439002991,3.121824175824176,0.7540075583535824,3,v3
55,Enterprise Resource Planning with SAP,SAP software,0.7140014171600342,4.11660777385159,0.6928258420489397,1,v3
55,Email Management with Microsoft Outlook,Microsoft Outlook,0.7693076729774475,4.2912772585669785,0.7520521737704767,2,v3
55,Effective Communication and Active Listening,Active Listening,0.8550388813018799,3.596,0.8112608905792237,3,v3
56,Enterprise Resource Planning with SAP,SAP Business One,0.698078453540802,3.0,0.6451207777549481,1,v3
56,Microsoft Office Suite Productivity Boost,Microsoft Office software,0.7261216044425964,4.470012239902081,0.7152051094650734,2,v3
56,Continuous Learning Strategies,Active Learning,0.8114772439002991,3.121824175824176,0.7540075583535824,3,v3
57,Enterprise Resource Planning with SAP,SAP software,0.7140014171600342,4.11660777385159,0.6928258420489397,1,v3
57,IBM Notes Collaboration and Email,IBM Notes,0.7330333590507507,3.0,0.677423931812418,2,v3
57,Critical Thinking and Analytical Problem Solving,Critical Thinking,0.8358204960823059,3.517912087912088,0.7903257634793326,3,v3
58,Enterprise Resource Planning with SAP,SAP software,0.7140014171600342,4.11660777385159,0.6928258420489397,1,v3
58,Advanced Microsoft Excel Masterclass,Microsoft Excel,0.6717683672904968,4.39464493597206,0.6595740091479589,2,v3
58,Effective Communication and Active Listening,Active Listening,0.8550388813018799,3.596,0.8112608905792237,3,v3
60,JavaScript Web Development Essentials,JavaScript,0.6920572519302368,4.154761904761905,0.6726251024918016,1,v3
60,Microsoft Office Suite Productivity Boost,Microsoft Office software,0.7261216044425964,4.470012239902081,0.7152051094650734,2,v3
60,Speed Reading and Comprehension,Reading Comprehension,0.7913572788238525,3.4906263736263736,0.7473892405110989,3,v3
61,FileMaker Pro Database Development,FileMaker Pro,0.8307403922080994,3.0,0.7677187072819678,1,v3
61,IBM Notes Collaboration and Email,IBM Notes,0.7330333590507507,3.0,0.677423931812418,2,v3
61,Critical Thinking and Analytical Problem Solving,Critical Thinking,0.8358204960823059,3.517912087912088,0.7903257634793326,3,v3
62,Enterprise Resource Planning with SAP,SAP Adaptive Server Enterprise,0.7143436670303345,3.0,0.6601520784969988,1,v3
62,Microsoft Office Suite Productivity Boost,Microsoft Office software,0.7261216044425964,4.470012239902081,0.7152051094650734,2,v3
62,Continuous Learning Strategies,Active Learning,0.8114772439002991,3.121824175824176,0.7540075583535824,3,v3
63,Enterprise Resource Planning with SAP,SAP software,0.7140014171600342,4.11660777385159,0.6928258420489397,1,v3
63,Email Management with Microsoft Outlook,Microsoft Outlook,0.7693076729774475,4.2912772585669785,0.7520521737704767,2,v3
63,Critical Thinking and Analytical Problem Solving,Critical Thinking,0.8358204960823059,3.517912087912088,0.7903257634793326,3,v3
64,FileMaker Pro Database Development,FileMaker Pro,0.8307403922080994,3.0,0.7677187072819678,1,v3
64,Microsoft Office Suite Productivity Boost,Microsoft Office software,0.7261216044425964,4.470012239902081,0.7152051094650734,2,v3
64,Continuous Learning Strategies,Active Learning,0.8114772439002991,3.121824175824176,0.7540075583535824,3,v3
65,FileMaker Pro Database Development,FileMaker Pro,0.8307403922080994,3.0,0.7677187072819678,1,v3
65,Microsoft Office Suite Productivity Boost,Microsoft Office software,0.7261216044425964,4.470012239902081,0.7152051094650734,2,v3
65,Speed Reading and Comprehension,Reading Comprehension,0.7913572788238525,3.4906263736263736,0.7473892405110989,3,v3
68,C++ Object-Oriented Programming,C++,0.711704671382904,4.218181818181818,0.6935885524749756,1,v3
68,Microsoft Office Suite Productivity Boost,Microsoft Office software,0.7261216044425964,4.470012239902081,0.7152051094650734,2,v3
68,Effective Communication and Active Listening,Active Listening,0.8550388813018799,3.596,0.8112608905792237,3,v3
70,SQL Querying for Beginners,Database software,0.6944124102592468,3.0,0.6417328481016489,1,v3
70,Professional Document Creation in Microsoft Word,Microsoft Word,0.6755681037902832,4.103316326530612,0.6551608125480609,2,v3
70,Continuous Learning Strategies,Active Learning,0.8114772439002991,3.121824175824176,0.7540075583535824,3,v3
72,Enterprise Resource Planning with SAP,SAP software,0.7140014171600342,4.11660777385159,0.6928258420489397,1,v3
72,Email Management with Microsoft Outlook,Microsoft Outlook,0.7693076729774475,4.2912772585669785,0.7520521737704767,2,v3
72,Critical Thinking and Analytical Problem Solving,Critical Thinking,0.8358204960823059,3.517912087912088,0.7903257634793326,3,v3
73,Designing High-Impact PowerPoint Presentations,Microsoft PowerPoint,0.6504054069519043,4.3116057233704295,0.6363639810839333,1,v3
73,Microsoft Office Suite Productivity Boost,Microsoft Office software,0.7261216044425964,4.470012239902081,0.7152051094650734,2,v3
73,Effective Communication and Active Listening,Active Listening,0.8550388813018799,3.596,0.8112608905792237,3,v3
74,Enterprise Resource Planning with SAP,SAP software,0.7140014171600342,4.11660777385159,0.6928258420489397,1,v3
74,Email Management with Microsoft Outlook,Microsoft Active Directory,0.40165695548057556,4.571428571428571,0.397304022958126,2,v3
74,Effective Communication and Active Listening,Active Listening,0.8550388813018799,3.596,0.8112608905792237,3,v3
75,FileMaker Pro Database Development,FileMaker Pro,0.8307403922080994,3.0,0.7677187072819678,1,v3
75,Microsoft Office Suite Productivity Boost,Microsoft Office software,0.7261216044425964,4.470012239902081,0.7152051094650734,2,v3
75,Effective Communication and Active Listening,Active Listening,0.8550388813018799,3.596,0.8112608905792237,3,v3
76,FileMaker Pro Database Development,FileMaker Pro,0.8307403922080994,3.0,0.7677187072819678,1,v3
76,Advanced Microsoft Excel Masterclass,Microsoft Excel,0.6717683672904968,4.39464493597206,0.6595740091479589,2,v3
76,Critical Thinking and Analytical Problem Solving,Critical Thinking,0.8358204960823059,3.517912087912088,0.7903257634793326,3,v3
77,Designing High-Impact PowerPoint Presentations,Microsoft PowerPoint,0.6504054069519043,4.3116057233704295,0.6363639810839333,1,v3
77,Email Management with Microsoft Outlook,Microsoft Outlook,0.7693076729774475,4.2912772585669785,0.7520521737704767,2,v3
77,Effective Learning and Study Strategies,Learning Strategies,0.7836461663246155,2.7872087912087915,0.7172970220518456,3,v3
78,Enterprise Resource Planning with SAP,SAP Business Objects,0.662801206111908,3.0,0.6125197353034184,1,v3
78,Microsoft Office Suite Productivity Boost,Microsoft Office software,0.7261216044425964,4.470012239902081,0.7152051094650734,2,v3
78,Effective Communication and Active Listening,Active Listening,0.8550388813018799,3.596,0.8112608905792237,3,v3
79,FileMaker Pro Database Development,FileMaker Pro,0.8307403922080994,3.0,0.7677187072819678,1,v3
79,Email Management with Microsoft Outlook,Microsoft Outlook,0.7693076729774475,4.2912772585669785,0.7520521737704767,2,v3
79,Effective Communication and Active Listening,Active Listening,0.8550388813018799,3.596,0.8112608905792237,3,v3
80,Enterprise Resource Planning with SAP,SAP Business Objects,0.662801206111908,3.0,0.6125197353034184,1,v3
80,Email Management with Microsoft Outlook,Microsoft Outlook,0.7693076729774475,4.2912772585669785,0.7520521737704767,2,v3
80,Critical Thinking and Analytical Problem Solving,Critical Thinking,0.8358204960823059,3.517912087912088,0.7903257634793326,3,v3
81,Enterprise Resource Planning with SAP,SAP software,0.7140014171600342,4.11660777385159,0.6928258420489397,1,v3
81,Email Management with Microsoft Outlook,Microsoft Outlook,0.7693076729774475,4.2912772585669785,0.7520521737704767,2,v3
81,Effective Communication and Active Listening,Active Listening,0.8550388813018799,3.596,0.8112608905792237,3,v3
83,SQL Querying for Beginners,Database software,0.6944124102592468,3.0,0.6417328481016489,1,v3
83,Email Management with Microsoft Outlook,Microsoft Outlook,0.7693076729774475,4.2912772585669785,0.7520521737704767,2,v3
83,Effective Communication and Active Listening,Active Listening,0.8550388813018799,3.596,0.8112608905792237,3,v3
84,Enterprise Resource Planning with SAP,Oracle Business Intelligence Enterprise Edition,0.5856750011444092,3.0,0.5412444838162127,1,v3
84,Email Management with Microsoft Outlook,Microsoft Outlook,0.7693076729774475,4.2912772585669785,0.7520521737704767,2,v3
84,Critical Thinking and Analytical Problem Solving,Critical Thinking,0.8358204960823059,3.517912087912088,0.7903257634793326,3,v3
85,FileMaker Pro Database Development,FileMaker Pro,0.8307403922080994,3.0,0.7677187072819678,1,v3
85,Email Management with Microsoft Outlook,Microsoft Outlook,0.7693076729774475,4.2912772585669785,0.7520521737704767,2,v3
85,Effective Communication and Active Listening,Active Listening,0.8550388813018799,3.596,0.8112608905792237,3,v3
86,FileMaker Pro Database Development,FileMaker Pro,0.8307403922080994,3.0,0.7677187072819678,1,v3
86,Professional Document Creation in Microsoft Word,Microsoft Word,0.6755681037902832,4.103316326530612,0.6551608125480609,2,v3
86,Continuous Learning Strategies,Active Learning,0.8114772439002991,3.121824175824176,0.7540075583535824,3,v3
88,Linux System Administration Basics,Linux,0.644400417804718,4.163934426229508,0.6265509997875156,1,v3
88,Microsoft Office Suite Productivity Boost,Microsoft Office software,0.7261216044425964,4.470012239902081,0.7152051094650734,2,v3
88,Effective Communication and Active Listening,Active Listening,0.8550388813018799,3.596,0.8112608905792237,3,v3
90,FileMaker Pro Database Development,FileMaker Pro,0.8307403922080994,3.0,0.7677187072819678,1,v3
90,Microsoft Office Suite Productivity Boost,Microsoft Office software,0.7261216044425964,4.470012239902081,0.7152051094650734,2,v3
90,Critical Thinking and Analytical Problem Solving,Critical Thinking,0.8358204960823059,3.517912087912088,0.7903257634793326,3,v3
91,C++ Object-Oriented Programming,C++,0.711704671382904,4.218181818181818,0.6935885524749756,1,v3
91,Professional Document Creation in Microsoft Word,Microsoft Word,0.6755681037902832,4.103316326530612,0.6551608125480609,2,v3
91,Effective Communication and Active Listening,Active Listening,0.8550388813018799,3.596,0.8112608905792237,3,v3
94,SQL Querying for Beginners,Database software,0.6944124102592468,3.0,0.6417328481016489,1,v3
94,IBM Notes Collaboration and Email,IBM Notes,0.7330333590507507,3.0,0.677423931812418,2,v3
94,Effective Learning and Study Strategies,Learning Strategies,0.7836461663246155,2.7872087912087915,0.7172970220518456,3,v3
95,FileMaker Pro Database Development,FileMaker Pro,0.8307403922080994,3.0,0.7677187072819678,1,v3
95,IBM Notes Collaboration and Email,IBM Notes,0.7330333590507507,3.0,0.677423931812418,2,v3
95,Continuous Learning Strategies,Active Learning,0.8114772439002991,3.121824175824176,0.7540075583535824,3,v3
96,FileMaker Pro Database Development,FileMaker Pro,0.8307403922080994,3.0,0.7677187072819678,1,v3
96,Advanced Microsoft Excel Masterclass,Microsoft Excel,0.6717683672904968,4.39464493597206,0.6595740091479589,2,v3
96,Continuous Learning Strategies,Active Learning,0.8114772439002991,3.121824175824176,0.7540075583535824,3,v3
97,FileMaker Pro Database Development,FileMaker Pro,0.8307403922080994,3.0,0.7677187072819678,1,v3
97,Email Management with Microsoft Outlook,Microsoft Outlook,0.7693076729774475,4.2912772585669785,0.7520521737704767,2,v3
97,Critical Thinking and Analytical Problem Solving,Critical Thinking,0.8358204960823059,3.517912087912088,0.7903257634793326,3,v3
98,Enterprise Resource Planning with SAP,SAP software,0.7140014171600342,4.11660777385159,0.6928258420489397,1,v3
98,Email Management with Microsoft Outlook,Microsoft Outlook,0.7693076729774475,4.2912772585669785,0.7520521737704767,2,v3
98,Effective Communication and Active Listening,Active Listening,0.8550388813018799,3.596,0.8112608905792237,3,v3
100,JavaScript Web Development Essentials,JavaScript,0.6920572519302368,4.154761904761905,0.6726251024918016,1,v3
100,Professional Document Creation in Microsoft Word,Microsoft Word,0.6755681037902832,4.103316326530612,0.6551608125480609,2,v3
100,Continuous Learning Strategies,Active Learning,0.8114772439002991,3.121824175824176,0.7540075583535824,3,v3
101,Enterprise Resource Planning with SAP,SAP software,0.7140014171600342,4.11660777385159,0.6928258420489397,1,v3
101,Advanced Microsoft Excel Masterclass,Microsoft Excel,0.6717683672904968,4.39464493597206,0.6595740091479589,2,v3
101,Effective Communication and Active Listening,Active Listening,0.8550388813018799,3.596,0.8112608905792237,3,v3
102,SQL Querying for Beginners,Oracle Database,0.4915977716445923,4.011494252873563,0.47487994017130414,1,v3
102,Microsoft Office Suite Productivity Boost,Microsoft Office software,0.7261216044425964,4.470012239902081,0.7152051094650734,2,v3
102,Critical Thinking and Analytical Problem Solving,Critical Thinking,0.8358204960823059,3.517912087912088,0.7903257634793326,3,v3
103,Enterprise Resource Planning with SAP,SAP software,0.7140014171600342,4.11660777385159,0.6928258420489397,1,v3
103,IBM Notes Collaboration and Email,IBM Notes,0.7330333590507507,3.0,0.677423931812418,2,v3
103,Continuous Learning Strategies,Active Learning,0.8114772439002991,3.121824175824176,0.7540075583535824,3,v3
104,Enterprise Resource Planning with SAP,SAP software,0.7140014171600342,4.11660777385159,0.6928258420489397,1,v3
104,Email Management with Microsoft Outlook,Microsoft Outlook,0.7693076729774475,4.2912772585669785,0.7520521737704767,2,v3
104,Continuous Learning Strategies,Active Learning,0.8114772439002991,3.121824175824176,0.7540075583535824,3,v3
105,Enterprise Resource Planning with SAP,Integrated development environment IDE software,0.3720942437648773,3.0,0.3438664045827142,1,v3
105,Advanced Microsoft Excel Masterclass,Microsoft Excel,0.6717683672904968,4.39464493597206,0.6595740091479589,2,v3
105,Effective Communication and Active Listening,Active Listening,0.8550388813018799,3.596,0.8112608905792237,3,v3
106,JavaScript Web Development Essentials,JavaScript,0.6920572519302368,4.154761904761905,0.6726251024918016,1,v3
106,Microsoft Office Suite Productivity Boost,Microsoft Office software,0.7261216044425964,4.470012239902081,0.7152051094650734,2,v3
106,Effective Communication and Active Listening,Active Listening,0.8550388813018799,3.596,0.8112608905792237,3,v3
107,FileMaker Pro Database Development,FileMaker Pro,0.8307403922080994,3.0,0.7677187072819678,1,v3
107,Microsoft Office Suite Productivity Boost,Microsoft Office software,0.7261216044425964,4.470012239902081,0.7152051094650734,2,v3
107,Effective Communication and Active Listening,Active Listening,0.8550388813018799,3.596,0.8112608905792237,3,v3
110,Enterprise Resource Planning with SAP,SAP software,0.7140014171600342,4.11660777385159,0.6928258420489397,1,v3
110,Microsoft Office Suite Productivity Boost,Microsoft Office software,0.7261216044425964,4.470012239902081,0.7152051094650734,2,v3
110,Effective Communication and Active Listening,Active Listening,0.8550388813018799,3.596,0.8112608905792237,3,v3
112,FileMaker Pro Database Development,FileMaker Pro,0.8307403922080994,3.0,0.7677187072819678,1,v3
112,IBM Notes Collaboration and Email,IBM Notes,0.7330333590507507,3.0,0.677423931812418,2,v3
112,Critical Thinking and Analytical Problem Solving,Critical Thinking,0.8358204960823059,3.517912087912088,0.7903257634793326,3,v3
113,Designing High-Impact PowerPoint Presentations,Microsoft PowerPoint,0.6504054069519043,4.3116057233704295,0.6363639810839333,1,v3
113,Email Management with Microsoft Outlook,Microsoft Outlook,0.7693076729774475,4.2912772585669785,0.7520521737704767,2,v3
113,Effective Communication and Active Listening,Active Listening,0.8550388813018799,3.596,0.8112608905792237,3,v3
116,Enterprise Resource Planning with SAP,SAP software,0.7140014171600342,4.11660777385159,0.6928258420489397,1,v3
116,Advanced Microsoft Excel Masterclass,Microsoft Excel,0.6717683672904968,4.39464493597206,0.6595740091479589,2,v3
116,Critical Thinking and Analytical Problem Solving,Critical Thinking,0.8358204960823059,3.517912087912088,0.7903257634793326,3,v3
117,SQL Querying for Beginners,Database software,0.6944124102592468,3.0,0.6417328481016489,1,v3
117,Email Management with Microsoft Outlook,Microsoft Exchange,0.538519561290741,3.0,0.4976663531928227,2,v3
117,Effective Communication and Active Listening,Active Listening,0.8550388813018799,3.596,0.8112608905792237,3,v3
118,JavaScript Web Development Essentials,JavaScript,0.6920572519302368,4.154761904761905,0.6726251024918016,1,v3
118,Email Management with Microsoft Outlook,Microsoft Exchange,0.538519561290741,3.0,0.4976663531928227,2,v3
118,Effective Communication and Active Listening,Active Listening,0.8550388813018799,3.596,0.8112608905792237,3,v3
119,Email Management with Microsoft Outlook,Microsoft Outlook,0.7693076729774475,4.2912772585669785,0.7520521737704767,1,v3
119,Continuous Learning Strategies,Active Learning,0.8114772439002991,3.121824175824176,0.7540075583535824,2,v3
119,Effective Learning and Study Strategies,Learning Strategies,0.7836461663246155,2.7872087912087915,0.7172970220518456,3,v3
120,C++ Object-Oriented Programming,C++,0.711704671382904,4.218181818181818,0.6935885524749756,1,v3
120,Microsoft Office Suite Productivity Boost,Microsoft Office software,0.7261216044425964,4.470012239902081,0.7152051094650734,2,v3
120,Critical Thinking and Analytical Problem Solving,Critical Thinking,0.8358204960823059,3.517912087912088,0.7903257634793326,3,v3
121,Enterprise Resource Planning with SAP,SAP software,0.7140014171600342,4.11660777385159,0.6928258420489397,1,v3
121,Email Management with Microsoft Outlook,Microsoft Outlook,0.7693076729774475,4.2912772585669785,0.7520521737704767,2,v3
121,Effective Communication and Active Listening,Active Listening,0.8550388813018799,3.596,0.8112608905792237,3,v3
124,SQL Querying for Beginners,Database software,0.6944124102592468,3.0,0.6417328481016489,1,v3
124,Email Management with Microsoft Outlook,Microsoft Outlook,0.7693076729774475,4.2912772585669785,0.7520521737704767,2,v3
124,Effective Learning and Study Strategies,Learning Strategies,0.7836461663246155,2.7872087912087915,0.7172970220518456,3,v3
125,Enterprise Resource Planning with SAP,SAP software,0.7140014171600342,4.11660777385159,0.6928258420489397,1,v3
125,Email Management with Microsoft Outlook,Microsoft Outlook,0.7693076729774475,4.2912772585669785,0.7520521737704767,2,v3
125,Effective Communication and Active Listening,Active Listening,0.8550388813018799,3.596,0.8112608905792237,3,v3
126,Enterprise Resource Planning with SAP,SAP software,0.7140014171600342,4.11660777385159,0.6928258420489397,1,v3
126,Email Management with Microsoft Outlook,Microsoft Outlook,0.7693076729774475,4.2912772585669785,0.7520521737704767,2,v3
126,Effective Communication and Active Listening,Active Listening,0.8550388813018799,3.596,0.8112608905792237,3,v3
128,C++ Object-Oriented Programming,C++,0.711704671382904,4.218181818181818,0.6935885524749756,1,v3
128,Advanced Microsoft Excel Masterclass,Microsoft Excel,0.6717683672904968,4.39464493597206,0.6595740091479589,2,v3
128,Effective Communication and Active Listening,Active Listening,0.8550388813018799,3.596,0.8112608905792237,3,v3
129,C++ Object-Oriented Programming,C++,0.711704671382904,4.218181818181818,0.6935885524749756,1,v3
129,Email Management with Microsoft Outlook,Microsoft Outlook,0.7693076729774475,4.2912772585669785,0.7520521737704767,2,v3
129,Effective Communication and Active Listening,Active Listening,0.8550388813018799,3.596,0.8112608905792237,3,v3
131,C++ Object-Oriented Programming,C++,0.711704671382904,4.218181818181818,0.6935885524749756,1,v3
131,Email Management with Microsoft Outlook,Microsoft Outlook,0.7693076729774475,4.2912772585669785,0.7520521737704767,2,v3
131,Continuous Learning Strategies,Active Learning,0.8114772439002991,3.121824175824176,0.7540075583535824,3,v3
132,FileMaker Pro Database Development,FileMaker Pro,0.8307403922080994,3.0,0.7677187072819678,1,v3
132,Email Management with Microsoft Outlook,Microsoft Outlook,0.7693076729774475,4.2912772585669785,0.7520521737704767,2,v3
132,Speed Reading and Comprehension,Reading Comprehension,0.7913572788238525,3.4906263736263736,0.7473892405110989,3,v3
133,SQL Querying for Beginners,Database software,0.6944124102592468,3.0,0.6417328481016489,1,v3
133,Email Management with Microsoft Outlook,Microsoft Outlook,0.7693076729774475,4.2912772585669785,0.7520521737704767,2,v3
133,Critical Thinking and Analytical Problem Solving,Critical Thinking,0.8358204960823059,3.517912087912088,0.7903257634793326,3,v3
134,Designing High-Impact PowerPoint Presentations,Microsoft PowerPoint,0.6504054069519043,4.3116057233704295,0.6363639810839333,1,v3
134,Microsoft Office Suite Productivity Boost,Microsoft Dynamics,0.40439698100090027,3.0,0.373718589338763,2,v3
134,Speed Reading and Comprehension,Reading Comprehension,0.7913572788238525,3.4906263736263736,0.7473892405110989,3,v3
137,Enterprise Resource Planning with SAP,SAP software,0.7140014171600342,4.11660777385159,0.6928258420489397,1,v3
137,Email Management with Microsoft Outlook,Microsoft Outlook,0.7693076729774475,4.2912772585669785,0.7520521737704767,2,v3
137,Effective Communication and Active Listening,Active Listening,0.8550388813018799,3.596,0.8112608905792237,3,v3
138,FileMaker Pro Database Development,FileMaker Pro,0.8307403922080994,3.0,0.7677187072819678,1,v3
138,Microsoft Office Suite Productivity Boost,Microsoft Office software,0.7261216044425964,4.470012239902081,0.7152051094650734,2,v3
138,Effective Communication and Active Listening,Active Listening,0.8550388813018799,3.596,0.8112608905792237,3,v3
139,SQL Querying for Beginners,Database software,0.6944124102592468,3.0,0.6417328481016489,1,v3
139,Email Management with Microsoft Outlook,Microsoft Outlook,0.7693076729774475,4.2912772585669785,0.7520521737704767,2,v3
139,Effective Communication and Active Listening,Active Listening,0.8550388813018799,3.596,0.8112608905792237,3,v3
140,FileMaker Pro Database Development,FileMaker Pro,0.8307403922080994,3.0,0.7677187072819678,1,v3
140,Email Management with Microsoft Outlook,Microsoft Outlook,0.7693076729774475,4.2912772585669785,0.7520521737704767,2,v3
140,Effective Communication and Active Listening,Active Listening,0.8550388813018799,3.596,0.8112608905792237,3,v3
141,Enterprise Resource Planning with SAP,SAP software,0.7140014171600342,4.11660777385159,0.6928258420489397,1,v3
141,Advanced Microsoft Excel Masterclass,Microsoft Excel,0.6717683672904968,4.39464493597206,0.6595740091479589,2,v3
141,Critical Thinking and Analytical Problem Solving,Critical Thinking,0.8358204960823059,3.517912087912088,0.7903257634793326,3,v3
142,C++ Object-Oriented Programming,C++,0.711704671382904,4.218181818181818,0.6935885524749756,1,v3
142,Email Management with Microsoft Outlook,Microsoft Outlook,0.7693076729774475,4.2912772585669785,0.7520521737704767,2,v3
142,Critical Thinking and Analytical Problem Solving,Critical Thinking,0.8358204960823059,3.517912087912088,0.7903257634793326,3,v3
143,Microsoft Office Suite Productivity Boost,Microsoft Office software,0.7261216044425964,4.470012239902081,0.7152051094650734,1,v3
143,Speed Reading and Comprehension,Reading Comprehension,0.7913572788238525,3.4906263736263736,0.7473892405110989,2,v3
143,Essential Mathematics for Business,Mathematics,0.727954089641571,2.55278021978022,0.6592587255454687,3,v3
144,Enterprise Resource Planning with SAP,SAP software,0.7140014171600342,4.11660777385159,0.6928258420489397,1,v3
144,Email Management with Microsoft Outlook,Microsoft Outlook,0.7693076729774475,4.2912772585669785,0.7520521737704767,2,v3
144,Critical Thinking and Analytical Problem Solving,Critical Thinking,0.8358204960823059,3.517912087912088,0.7903257634793326,3,v3
145,Designing High-Impact PowerPoint Presentations,Microsoft PowerPoint,0.6504054069519043,4.3116057233704295,0.6363639810839333,1,v3
145,IBM Notes Collaboration and Email,IBM Notes,0.7330333590507507,3.0,0.677423931812418,2,v3
145,Critical Thinking and Analytical Problem Solving,Critical Thinking,0.8358204960823059,3.517912087912088,0.7903257634793326,3,v3
147,FileMaker Pro Database Development,FileMaker Pro,0.8307403922080994,3.0,0.7677187072819678,1,v3
147,Email Management with Microsoft Outlook,Email software,0.5386273264884949,3.0,0.49776594309971256,2,v3
147,Effective Communication and Active Listening,Active Listening,0.8550388813018799,3.596,0.8112608905792237,3,v3
148,FileMaker Pro Database Development,FileMaker Pro,0.8307403922080994,3.0,0.7677187072819678,1,v3
148,Email Management with Microsoft Outlook,Microsoft Outlook,0.7693076729774475,4.2912772585669785,0.7520521737704767,2,v3
148,Effective Learning and Study Strategies,Learning Strategies,0.7836461663246155,2.7872087912087915,0.7172970220518456,3,v3
150,FileMaker Pro Database Development,FileMaker Pro,0.8307403922080994,3.0,0.7677187072819678,1,v3
150,Email Management with Microsoft Outlook,Microsoft Outlook,0.7693076729774475,4.2912772585669785,0.7520521737704767,2,v3
150,Critical Thinking and Analytical Problem Solving,Critical Thinking,0.8358204960823059,3.517912087912088,0.7903257634793326,3,v3
151,FileMaker Pro Database Development,FileMaker Pro,0.8307403922080994,3.0,0.7677187072819678,1,v3
151,IBM Notes Collaboration and Email,IBM Notes,0.7330333590507507,3.0,0.677423931812418,2,v3
151,Effective Communication and Active Listening,Active Listening,0.8550388813018799,3.596,0.8112608905792237,3,v3
152,Enterprise Resource Planning with SAP,SAP Adaptive Server Enterprise,0.7143436670303345,3.0,0.6601520784969988,1,v3
152,Email Management with Microsoft Outlook,Microsoft Outlook,0.7693076729774475,4.2912772585669785,0.7520521737704767,2,v3
152,Critical Thinking and Analytical Problem Solving,Critical Thinking,0.8358204960823059,3.517912087912088,0.7903257634793326,3,v3
153,FileMaker Pro Database Development,FileMaker Pro,0.8307403922080994,3.0,0.7677187072819678,1,v3
153,Professional Document Creation in Microsoft Word,Google Docs,0.49747368693351746,4.0,0.48031942186684445,2,v3
153,Effective Communication and Active Listening,Active Listening,0.8550388813018799,3.596,0.8112608905792237,3,v3
154,Designing High-Impact PowerPoint Presentations,Microsoft PowerPoint,0.6504054069519043,4.3116057233704295,0.6363639810839333,1,v3
154,Advanced Microsoft Excel Masterclass,Microsoft Excel,0.6717683672904968,4.39464493597206,0.6595740091479589,2,v3
154,Effective Communication and Active Listening,Active Listening,0.8550388813018799,3.596,0.8112608905792237,3,v3
155,SQL Querying for Beginners,Database software,0.6944124102592468,3.0,0.6417328481016489,1,v3
155,IBM Notes Collaboration and Email,IBM Notes,0.7330333590507507,3.0,0.677423931812418,2,v3
155,Critical Thinking and Analytical Problem Solving,Critical Thinking,0.8358204960823059,3.517912087912088,0.7903257634793326,3,v3
158,Enterprise Resource Planning with SAP,SAP software,0.7140014171600342,4.11660777385159,0.6928258420489397,1,v3
158,Email Management with Microsoft Outlook,Microsoft Outlook,0.7693076729774475,4.2912772585669785,0.7520521737704767,2,v3
158,Speed Reading and Comprehension,Reading Comprehension,0.7913572788238525,3.4906263736263736,0.7473892405110989,3,v3
159,Linux System Administration Basics,Linux,0.644400417804718,4.163934426229508,0.6265509997875156,1,v3
159,Microsoft Office Suite Productivity Boost,Microsoft Office software,0.7261216044425964,4.470012239902081,0.7152051094650734,2,v3
159,Critical Thinking and Analytical Problem Solving,Critical Thinking,0.8358204960823059,3.517912087912088,0.7903257634793326,3,v3
160,Enterprise Resource Planning with SAP,SAP software,0.7140014171600342,4.11660777385159,0.6928258420489397,1,v3
160,Email Management with Microsoft Outlook,Microsoft Outlook,0.7693076729774475,4.2912772585669785,0.7520521737704767,2,v3
160,Continuous Learning Strategies,Active Learning,0.8114772439002991,3.121824175824176,0.7540075583535824,3,v3
161,SQL Querying for Beginners,Database software,0.6944124102592468,3.0,0.6417328481016489,1,v3
161,IBM Notes Collaboration and Email,IBM Notes,0.7330333590507507,3.0,0.677423931812418,2,v3
161,Effective Communication and Active Listening,Active Listening,0.8550388813018799,3.596,0.8112608905792237,3,v3
162,Designing High-Impact PowerPoint Presentations,Microsoft PowerPoint,0.6504054069519043,4.3116057233704295,0.6363639810839333,1,v3
162,Email Management with Microsoft Outlook,Microsoft Outlook,0.7693076729774475,4.2912772585669785,0.7520521737704767,2,v3
162,Effective Communication and Active Listening,Active Listening,0.8550388813018799,3.596,0.8112608905792237,3,v3
163,Designing High-Impact PowerPoint Presentations,Microsoft PowerPoint,0.6504054069519043,4.3116057233704295,0.6363639810839333,1,v3
163,Advanced Microsoft Excel Masterclass,Microsoft Excel,0.6717683672904968,4.39464493597206,0.6595740091479589,2,v3
163,Critical Thinking and Analytical Problem Solving,Critical Thinking,0.8358204960823059,3.517912087912088,0.7903257634793326,3,v3
164,Python Programming for Data Analytics,Python,0.6116408705711365,4.5,0.6032044447701553,1,v3
164,IBM Notes Collaboration and Email,IBM Notes,0.7330333590507507,3.0,0.677423931812418,2,v3
164,Effective Communication and Active Listening,Active Listening,0.8550388813018799,3.596,0.8112608905792237,3,v3
165,SQL Querying for Beginners,Database software,0.6944124102592468,3.0,0.6417328481016489,1,v3
165,Email Management with Microsoft Outlook,Microsoft Outlook,0.7693076729774475,4.2912772585669785,0.7520521737704767,2,v3
165,Effective Communication and Active Listening,Active Listening,0.8550388813018799,3.596,0.8112608905792237,3,v3
167,Designing High-Impact PowerPoint Presentations,Microsoft PowerPoint,0.6504054069519043,4.3116057233704295,0.6363639810839333,1,v3
167,Email Management with Microsoft Outlook,Microsoft Outlook,0.7693076729774475,4.2912772585669785,0.7520521737704767,2,v3
167,Effective Communication and Active Listening,Active Listening,0.8550388813018799,3.596,0.8112608905792237,3,v3
169,FileMaker Pro Database Development,FileMaker Pro,0.8307403922080994,3.0,0.7677187072819678,1,v3
169,Email Management with Microsoft Outlook,Microsoft Outlook,0.7693076729774475,4.2912772585669785,0.7520521737704767,2,v3
169,Effective Learning and Study Strategies,Learning Strategies,0.7836461663246155,2.7872087912087915,0.7172970220518456,3,v3
170,Enterprise Resource Planning with SAP,SAP software,0.7140014171600342,4.11660777385159,0.6928258420489397,1,v3
170,IBM Notes Collaboration and Email,IBM Notes,0.7330333590507507,3.0,0.677423931812418,2,v3
170,Critical Thinking and Analytical Problem Solving,Critical Thinking,0.8358204960823059,3.517912087912088,0.7903257634793326,3,v3
171,SQL Querying for Beginners,Database software,0.6944124102592468,3.0,0.6417328481016489,1,v3
171,Microsoft Office Suite Productivity Boost,Microsoft Office software,0.7261216044425964,4.470012239902081,0.7152051094650734,2,v3
171,Speed Reading and Comprehension,Reading Comprehension,0.7913572788238525,3.4906263736263736,0.7473892405110989,3,v3
174,Designing High-Impact PowerPoint Presentations,Microsoft PowerPoint,0.6504054069519043,4.3116057233704295,0.6363639810839333,1,v3
174,Microsoft Office Suite Productivity Boost,Microsoft Azure software,0.4527742862701416,4.479166666666667,0.4461388010403206,2,v3
174,Effective Communication and Active Listening,Active Listening,0.8550388813018799,3.596,0.8112608905792237,3,v3
175,JavaScript Web Development Essentials,JavaScript,0.6920572519302368,4.154761904761905,0.6726251024918016,1,v3
175,Advanced Microsoft Excel Masterclass,Microsoft Excel,0.6717683672904968,4.39464493597206,0.6595740091479589,2,v3
175,Continuous Learning Strategies,Active Learning,0.8114772439002991,3.121824175824176,0.7540075583535824,3,v3
176,C++ Object-Oriented Programming,C++,0.711704671382904,4.218181818181818,0.6935885524749756,1,v3
176,Email Management with Microsoft Outlook,Microsoft Outlook,0.7693076729774475,4.2912772585669785,0.7520521737704767,2,v3
176,Critical Thinking and Analytical Problem Solving,Critical Thinking,0.8358204960823059,3.517912087912088,0.7903257634793326,3,v3
177,Enterprise Resource Planning with SAP,SAP software,0.7140014171600342,4.11660777385159,0.6928258420489397,1,v3
177,Advanced Microsoft Excel Masterclass,Microsoft Excel,0.6717683672904968,4.39464493597206,0.6595740091479589,2,v3
177,Critical Thinking and Analytical Problem Solving,Critical Thinking,0.8358204960823059,3.517912087912088,0.7903257634793326,3,v3
178,Enterprise Resource Planning with SAP,Oracle JD Edwards EnterpriseOne,0.4139999449253082,3.0,0.3825930525516642,1,v3
178,Professional Document Creation in Microsoft Word,Microsoft Word,0.6755681037902832,4.103316326530612,0.6551608125480609,2,v3
178,Effective Learning and Study Strategies,Learning Strategies,0.7836461663246155,2.7872087912087915,0.7172970220518456,3,v3
179,JavaScript Web Development Essentials,Web browser software,0.4755171537399292,3.0092807424593966,0.43962605182471604,1,v3
179,Microsoft Office Suite Productivity Boost,Microsoft Office software,0.7261216044425964,4.470012239902081,0.7152051094650734,2,v3
179,Speed Reading and Comprehension,Reading Comprehension,0.7913572788238525,3.4906263736263736,0.7473892405110989,3,v3
182,Enterprise Resource Planning with SAP,SAP Adaptive Server Enterprise,0.7143436670303345,3.0,0.6601520784969988,1,v3
182,Professional Document Creation in Microsoft Word,Microsoft Word,0.6755681037902832,4.103316326530612,0.6551608125480609,2,v3
182,Effective Communication and Active Listening,Active Listening,0.8550388813018799,3.596,0.8112608905792237,3,v3
183,C++ Object-Oriented Programming,C++,0.711704671382904,4.218181818181818,0.6935885524749756,1,v3
183,Email Management with Microsoft Outlook,Microsoft Outlook,0.7693076729774475,4.2912772585669785,0.7520521737704767,2,v3
183,Continuous Learning Strategies,Active Learning,0.8114772439002991,3.121824175824176,0.7540075583535824,3,v3
184,Designing High-Impact PowerPoint Presentations,Microsoft PowerPoint,0.6504054069519043,4.3116057233704295,0.6363639810839333,1,v3
184,Email Management with Microsoft Outlook,Microsoft Outlook,0.7693076729774475,4.2912772585669785,0.7520521737704767,2,v3
184,Effective Communication and Active Listening,Active Listening,0.8550388813018799,3.596,0.8112608905792237,3,v3
190,SQL Querying for Beginners,Data entry software,0.48325756192207336,3.0,0.44659664343143335,1,v3
190,Email Management with Microsoft Outlook,Microsoft Outlook,0.7693076729774475,4.2912772585669785,0.7520521737704767,2,v3
190,Critical Thinking and Analytical Problem Solving,Critical Thinking,0.8358204960823059,3.517912087912088,0.7903257634793326,3,v3
192,SQL Querying for Beginners,Database software,0.6944124102592468,3.0,0.6417328481016489,1,v3
192,IBM Notes Collaboration and Email,IBM Notes,0.7330333590507507,3.0,0.677423931812418,2,v3
192,Effective Communication and Active Listening,Active Listening,0.8550388813018799,3.596,0.8112608905792237,3,v3
193,SQL Querying for Beginners,Database software,0.6944124102592468,3.0,0.6417328481016489,1,v3
193,Microsoft Office Suite Productivity Boost,Microsoft Office software,0.7261216044425964,4.470012239902081,0.7152051094650734,2,v3
193,Speed Reading and Comprehension,Reading Comprehension,0.7913572788238525,3.4906263736263736,0.7473892405110989,3,v3
194,SQL Querying for Beginners,Database software,0.6944124102592468,3.0,0.6417328481016489,1,v3
194,IBM Notes Collaboration and Email,IBM Notes,0.7330333590507507,3.0,0.677423931812418,2,v3
194,Effective Communication and Active Listening,Active Listening,0.8550388813018799,3.596,0.8112608905792237,3,v3
195,C++ Object-Oriented Programming,C++,0.711704671382904,4.218181818181818,0.6935885524749756,1,v3
195,Email Management with Microsoft Outlook,Microsoft Outlook,0.7693076729774475,4.2912772585669785,0.7520521737704767,2,v3
195,Effective Communication and Active Listening,Active Listening,0.8550388813018799,3.596,0.8112608905792237,3,v3
197,Advanced Microsoft Excel Masterclass,Microsoft Excel,0.6717683672904968,4.39464493597206,0.6595740091479589,1,v3
197,Speed Reading and Comprehension,Reading Comprehension,0.7913572788238525,3.4906263736263736,0.7473892405110989,2,v3
197,Essential Mathematics for Business,Mathematics,0.727954089641571,2.55278021978022,0.6592587255454687,3,v3
198,FileMaker Pro Database Development,FileMaker Pro,0.8307403922080994,3.0,0.7677187072819678,1,v3
198,Advanced Microsoft Excel Masterclass,Microsoft Excel,0.6717683672904968,4.39464493597206,0.6595740091479589,2,v3
198,Effective Communication and Active Listening,Active Listening,0.8550388813018799,3.596,0.8112608905792237,3,v3
199,FileMaker Pro Database Development,FileMaker Pro,0.8307403922080994,3.0,0.7677187072819678,1,v3
199,IBM Notes Collaboration and Email,IBM Notes,0.7330333590507507,3.0,0.677423931812418,2,v3
199,Continuous Learning Strategies,Active Learning,0.8114772439002991,3.121824175824176,0.7540075583535824,3,v3
200,FileMaker Pro Database Development,FileMaker Pro,0.8307403922080994,3.0,0.7677187072819678,1,v3
200,Email Management with Microsoft Outlook,Microsoft Outlook,0.7693076729774475,4.2912772585669785,0.7520521737704767,2,v3
200,Business Writing Essentials,Writing,0.5721129179000854,3.193,0.5332802603968259,3,v3
201,FileMaker Pro Database Development,FileMaker Pro,0.8307403922080994,3.0,0.7677187072819678,1,v3
201,Advanced Microsoft Excel Masterclass,Microsoft Excel,0.6717683672904968,4.39464493597206,0.6595740091479589,2,v3
201,Critical Thinking and Analytical Problem Solving,Critical Thinking,0.8358204960823059,3.517912087912088,0.7903257634793326,3,v3
202,Enterprise Resource Planning with SAP,Integrated development environment IDE software,0.3720942437648773,3.0,0.3438664045827142,1,v3
202,Advanced Microsoft Excel Masterclass,Microsoft Excel,0.6717683672904968,4.39464493597206,0.6595740091479589,2,v3
202,Continuous Learning Strategies,Active Learning,0.8114772439002991,3.121824175824176,0.7540075583535824,3,v3
204,C++ Object-Oriented Programming,C++,0.711704671382904,4.218181818181818,0.6935885524749756,1,v3
204,Advanced Microsoft Excel Masterclass,Microsoft Excel,0.6717683672904968,4.39464493597206,0.6595740091479589,2,v3
204,Effective Communication and Active Listening,Active Listening,0.8550388813018799,3.596,0.8112608905792237,3,v3
205,Email Management with Microsoft Outlook,Microsoft Outlook,0.7693076729774475,4.2912772585669785,0.7520521737704767,1,v3
205,Effective Communication and Active Listening,Active Listening,0.8550388813018799,3.596,0.8112608905792237,2,v3
205,Critical Thinking and Analytical Problem Solving,Critical Thinking,0.8358204960823059,3.517912087912088,0.7903257634793326,3,v3
206,Enterprise Resource Planning with SAP,SAP software,0.7140014171600342,4.11660777385159,0.6928258420489397,1,v3
206,Email Management with Microsoft Outlook,Microsoft Outlook,0.7693076729774475,4.2912772585669785,0.7520521737704767,2,v3
206,Effective Communication and Active Listening,Active Listening,0.8550388813018799,3.596,0.8112608905792237,3,v3
207,Enterprise Resource Planning with SAP,SAP Business Objects,0.662801206111908,3.0,0.6125197353034184,1,v3
207,Advanced Microsoft Excel Masterclass,Microsoft Excel,0.6717683672904968,4.39464493597206,0.6595740091479589,2,v3
207,Effective Communication and Active Listening,Active Listening,0.8550388813018799,3.596,0.8112608905792237,3,v3
208,Enterprise Resource Planning with SAP,SAP software,0.7140014171600342,4.11660777385159,0.6928258420489397,1,v3
208,Email Management with Microsoft Outlook,Email software,0.5386273264884949,3.0,0.49776594309971256,2,v3
208,Effective Communication and Active Listening,Active Listening,0.8550388813018799,3.596,0.8112608905792237,3,v3
211,SQL Querying for Beginners,Database software,0.6944124102592468,3.0,0.6417328481016489,1,v3
211,Microsoft Office Suite Productivity Boost,Exact Software JobBOSS,0.3828524053096771,3.0,0.35380842973446025,2,v3
211,Effective Communication and Active Listening,Active Listening,0.8550388813018799,3.596,0.8112608905792237,3,v3
214,SQL Querying for Beginners,Database software,0.6944124102592468,3.0,0.6417328481016489,1,v3
214,Advanced Microsoft Excel Masterclass,Microsoft Excel,0.6717683672904968,4.39464493597206,0.6595740091479589,2,v3
214,Critical Thinking and Analytical Problem Solving,Critical Thinking,0.8358204960823059,3.517912087912088,0.7903257634793326,3,v3
215,Enterprise Resource Planning with SAP,SAP software,0.7140014171600342,4.11660777385159,0.6928258420489397,1,v3
215,Email Management with Microsoft Outlook,Microsoft Outlook,0.7693076729774475,4.2912772585669785,0.7520521737704767,2,v3
215,Effective Communication and Active Listening,Active Listening,0.8550388813018799,3.596,0.8112608905792237,3,v3
216,Designing High-Impact PowerPoint Presentations,Microsoft PowerPoint,0.6504054069519043,4.3116057233704295,0.6363639810839333,1,v3
216,Microsoft Office Suite Productivity Boost,Microsoft Office software,0.7261216044425964,4.470012239902081,0.7152051094650734,2,v3
216,Effective Communication and Active Listening,Active Listening,0.8550388813018799,3.596,0.8112608905792237,3,v3
217,FileMaker Pro Database Development,FileMaker Pro,0.8307403922080994,3.0,0.7677187072819678,1,v3
217,Microsoft Office Suite Productivity Boost,Microsoft Office software,0.7261216044425964,4.470012239902081,0.7152051094650734,2,v3
217,Critical Thinking and Analytical Problem Solving,Critical Thinking,0.8358204960823059,3.517912087912088,0.7903257634793326,3,v3
218,FileMaker Pro Database Development,FileMaker Pro,0.8307403922080994,3.0,0.7677187072819678,1,v3
218,Microsoft Office Suite Productivity Boost,Microsoft Office software,0.7261216044425964,4.470012239902081,0.7152051094650734,2,v3
218,Effective Communication and Active Listening,Active Listening,0.8550388813018799,3.596,0.8112608905792237,3,v3
221,SQL Querying for Beginners,Database software,0.6944124102592468,3.0,0.6417328481016489,1,v3
221,Advanced Microsoft Excel Masterclass,Microsoft Excel,0.6717683672904968,4.39464493597206,0.6595740091479589,2,v3
221,Effective Communication and Active Listening,Active Listening,0.8550388813018799,3.596,0.8112608905792237,3,v3
223,SQL Querying for Beginners,Database software,0.6944124102592468,3.0,0.6417328481016489,1,v3
223,Email Management with Microsoft Outlook,Microsoft Outlook,0.7693076729774475,4.2912772585669785,0.7520521737704767,2,v3
223,Critical Thinking and Analytical Problem Solving,Critical Thinking,0.8358204960823059,3.517912087912088,0.7903257634793326,3,v3
224,Linux System Administration Basics,Linux,0.644400417804718,4.163934426229508,0.6265509997875156,1,v3
224,Microsoft Office Suite Productivity Boost,Microsoft Office software,0.7261216044425964,4.470012239902081,0.7152051094650734,2,v3
224,Continuous Learning Strategies,Active Learning,0.8114772439002991,3.121824175824176,0.7540075583535824,3,v3
226,SQL Querying for Beginners,Database software,0.6944124102592468,3.0,0.6417328481016489,1,v3
226,Email Management with Microsoft Outlook,Microsoft Outlook,0.7693076729774475,4.2912772585669785,0.7520521737704767,2,v3
226,Critical Thinking and Analytical Problem Solving,Critical Thinking,0.8358204960823059,3.517912087912088,0.7903257634793326,3,v3
227,SQL Querying for Beginners,Database software,0.6944124102592468,3.0,0.6417328481016489,1,v3
227,Email Management with Microsoft Outlook,Microsoft Exchange,0.538519561290741,3.0,0.4976663531928227,2,v3
227,Speed Reading and Comprehension,Reading Comprehension,0.7913572788238525,3.4906263736263736,0.7473892405110989,3,v3
228,Enterprise Resource Planning with SAP,SAP Adaptive Server Enterprise,0.7143436670303345,3.0,0.6601520784969988,1,v3
228,Microsoft Office Suite Productivity Boost,Google Workspace software,0.445892870426178,4.153846153846154,0.4333558295070335,2,v3
228,Business Writing Essentials,Writing,0.5721129179000854,3.193,0.5332802603968259,3,v3
230,Enterprise Resource Planning with SAP,SAP software,0.7140014171600342,4.11660777385159,0.6928258420489397,1,v3
230,Email Management with Microsoft Outlook,Microsoft Outlook,0.7693076729774475,4.2912772585669785,0.7520521737704767,2,v3
230,Effective Communication and Active Listening,Active Listening,0.8550388813018799,3.596,0.8112608905792237,3,v3
231,Enterprise Resource Planning with SAP,Integrated development environment IDE software,0.3720942437648773,3.0,0.3438664045827142,1,v3
231,IBM Notes Collaboration and Email,IBM Notes,0.7330333590507507,3.0,0.677423931812418,2,v3
231,Critical Thinking and Analytical Problem Solving,Critical Thinking,0.8358204960823059,3.517912087912088,0.7903257634793326,3,v3
233,SQL Querying for Beginners,Database software,0.6944124102592468,3.0,0.6417328481016489,1,v3
233,Microsoft Office Suite Productivity Boost,Microsoft Office software,0.7261216044425964,4.470012239902081,0.7152051094650734,2,v3
233,Effective Communication and Active Listening,Active Listening,0.8550388813018799,3.596,0.8112608905792237,3,v3
235,SQL Querying for Beginners,Salesforce software,0.45659494400024414,4.204545454545454,0.4447148874635607,1,v3
235,Email Management with Microsoft Outlook,Microsoft Outlook,0.7693076729774475,4.2912772585669785,0.7520521737704767,2,v3
235,Critical Thinking and Analytical Problem Solving,Critical Thinking,0.8358204960823059,3.517912087912088,0.7903257634793326,3,v3
238,SQL Querying for Beginners,Data entry software,0.48325756192207336,3.0,0.44659664343143335,1,v3
238,Email Management with Microsoft Outlook,Email software,0.5386273264884949,3.0,0.49776594309971256,2,v3
238,Effective Communication and Active Listening,Active Listening,0.8550388813018799,3.596,0.8112608905792237,3,v3
239,FileMaker Pro Database Development,FileMaker Pro,0.8307403922080994,3.0,0.7677187072819678,1,v3
239,IBM Notes Collaboration and Email,IBM Notes,0.7330333590507507,3.0,0.677423931812418,2,v3
239,Effective Communication and Active Listening,Active Listening,0.8550388813018799,3.596,0.8112608905792237,3,v3
240,Enterprise Resource Planning with SAP,SAP software,0.7140014171600342,4.11660777385159,0.6928258420489397,1,v3
240,Microsoft Office Suite Productivity Boost,Microsoft Office software,0.7261216044425964,4.470012239902081,0.7152051094650734,2,v3
240,Advanced Microsoft Excel Masterclass,Microsoft Excel,0.6717683672904968,4.39464493597206,0.6595740091479589,3,v3
241,SQL Querying for Beginners,Database software,0.6944124102592468,3.0,0.6417328481016489,1,v3
241,Advanced Microsoft Excel Masterclass,Microsoft Excel,0.6717683672904968,4.39464493597206,0.6595740091479589,2,v3
241,Continuous Learning Strategies,Active Learning,0.8114772439002991,3.121824175824176,0.7540075583535824,3,v3
242,Designing High-Impact PowerPoint Presentations,Microsoft PowerPoint,0.6504054069519043,4.3116057233704295,0.6363639810839333,1,v3
242,Microsoft Office Suite Productivity Boost,Microsoft Office software,0.7261216044425964,4.470012239902081,0.7152051094650734,2,v3
242,Critical Thinking and Analytical Problem Solving,Critical Thinking,0.8358204960823059,3.517912087912088,0.7903257634793326,3,v3
243,Enterprise Resource Planning with SAP,SAP software,0.7140014171600342,4.11660777385159,0.6928258420489397,1,v3
243,Professional Document Creation in Microsoft Word,Microsoft Word,0.6755681037902832,4.103316326530612,0.6551608125480609,2,v3
243,Effective Learning and Study Strategies,Learning Strategies,0.7836461663246155,2.7872087912087915,0.7172970220518456,3,v3
244,C++ Object-Oriented Programming,C++,0.711704671382904,4.218181818181818,0.6935885524749756,1,v3
244,Professional Document Creation in Microsoft Word,Microsoft Word,0.6755681037902832,4.103316326530612,0.6551608125480609,2,v3
244,Critical Thinking and Analytical Problem Solving,Critical Thinking,0.8358204960823059,3.517912087912088,0.7903257634793326,3,v3
245,Email Management with Microsoft Outlook,Microsoft Outlook,0.7693076729774475,4.2912772585669785,0.7520521737704767,1,v3
245,Effective Communication and Active Listening,Active Listening,0.8550388813018799,3.596,0.8112608905792237,2,v3
245,Continuous Learning Strategies,Active Learning,0.8114772439002991,3.121824175824176,0.7540075583535824,3,v3
246,SQL Querying for Beginners,Database software,0.6944124102592468,3.0,0.6417328481016489,1,v3
246,Microsoft Office Suite Productivity Boost,Microsoft Office software,0.7261216044425964,4.470012239902081,0.7152051094650734,2,v3
246,Continuous Learning Strategies,Active Learning,0.8114772439002991,3.121824175824176,0.7540075583535824,3,v3
247,FileMaker Pro Database Development,FileMaker Pro,0.8307403922080994,3.0,0.7677187072819678,1,v3
247,Microsoft Office Suite Productivity Boost,Microsoft Office software,0.7261216044425964,4.470012239902081,0.7152051094650734,2,v3
247,Continuous Learning Strategies,Active Learning,0.8114772439002991,3.121824175824176,0.7540075583535824,3,v3
248,Designing High-Impact PowerPoint Presentations,Microsoft PowerPoint,0.6504054069519043,4.3116057233704295,0.6363639810839333,1,v3
248,Email Management with Microsoft Outlook,Microsoft Outlook,0.7693076729774475,4.2912772585669785,0.7520521737704767,2,v3
248,Speed Reading and Comprehension,Reading Comprehension,0.7913572788238525,3.4906263736263736,0.7473892405110989,3,v3
249,Enterprise Resource Planning with SAP,SAP software,0.7140014171600342,4.11660777385159,0.6928258420489397,1,v3
249,IBM Notes Collaboration and Email,IBM Notes,0.7330333590507507,3.0,0.677423931812418,2,v3
249,Effective Communication and Active Listening,Active Listening,0.8550388813018799,3.596,0.8112608905792237,3,v3
250,FileMaker Pro Database Development,FileMaker Pro,0.8307403922080994,3.0,0.7677187072819678,1,v3
250,Email Management with Microsoft Outlook,Microsoft Outlook,0.7693076729774475,4.2912772585669785,0.7520521737704767,2,v3
250,Effective Communication and Active Listening,Active Listening,0.8550388813018799,3.596,0.8112608905792237,3,v3
252,FileMaker Pro Database Development,FileMaker Pro,0.8307403922080994,3.0,0.7677187072819678,1,v3
252,IBM Notes Collaboration and Email,IBM Notes,0.7330333590507507,3.0,0.677423931812418,2,v3
252,Business Writing Essentials,Writing,0.5721129179000854,3.193,0.5332802603968259,3,v3
253,FileMaker Pro Database Development,FileMaker Pro,0.8307403922080994,3.0,0.7677187072819678,1,v3
253,Email Management with Microsoft Outlook,Microsoft Outlook,0.7693076729774475,4.2912772585669785,0.7520521737704767,2,v3
253,Critical Thinking and Analytical Problem Solving,Critical Thinking,0.8358204960823059,3.517912087912088,0.7903257634793326,3,v3
254,Enterprise Resource Planning with SAP,SAP Business Objects,0.662801206111908,3.0,0.6125197353034184,1,v3
254,Email Management with Microsoft Outlook,Microsoft Outlook,0.7693076729774475,4.2912772585669785,0.7520521737704767,2,v3
254,Effective Communication and Active Listening,Active Listening,0.8550388813018799,3.596,0.8112608905792237,3,v3
256,Enterprise Resource Planning with SAP,SAP software,0.7140014171600342,4.11660777385159,0.6928258420489397,1,v3
256,Email Management with Microsoft Outlook,Microsoft Outlook,0.7693076729774475,4.2912772585669785,0.7520521737704767,2,v3
256,Critical Thinking and Analytical Problem Solving,Critical Thinking,0.8358204960823059,3.517912087912088,0.7903257634793326,3,v3
258,SQL Querying for Beginners,Database software,0.6944124102592468,3.0,0.6417328481016489,1,v3
258,IBM Notes Collaboration and Email,IBM Notes,0.7330333590507507,3.0,0.677423931812418,2,v3
258,Effective Communication and Active Listening,Active Listening,0.8550388813018799,3.596,0.8112608905792237,3,v3
259,FileMaker Pro Database Development,FileMaker Pro,0.8307403922080994,3.0,0.7677187072819678,1,v3
259,Microsoft Office Suite Productivity Boost,Microsoft Office software,0.7261216044425964,4.470012239902081,0.7152051094650734,2,v3
259,Effective Communication and Active Listening,Active Listening,0.8550388813018799,3.596,0.8112608905792237,3,v3
260,SQL Querying for Beginners,Database software,0.6944124102592468,3.0,0.6417328481016489,1,v3
260,Microsoft Office Suite Productivity Boost,Microsoft Office software,0.7261216044425964,4.470012239902081,0.7152051094650734,2,v3
260,Effective Communication and Active Listening,Active Listening,0.8550388813018799,3.596,0.8112608905792237,3,v3
261,FileMaker Pro Database Development,FileMaker Pro,0.8307403922080994,3.0,0.7677187072819678,1,v3
261,Microsoft Office Suite Productivity Boost,Microsoft Office software,0.7261216044425964,4.470012239902081,0.7152051094650734,2,v3
261,Critical Thinking and Analytical Problem Solving,Critical Thinking,0.8358204960823059,3.517912087912088,0.7903257634793326,3,v3
262,Linux System Administration Basics,Linux,0.644400417804718,4.163934426229508,0.6265509997875156,1,v3
262,Microsoft Office Suite Productivity Boost,Microsoft Office software,0.7261216044425964,4.470012239902081,0.7152051094650734,2,v3
262,Effective Communication and Active Listening,Active Listening,0.8550388813018799,3.596,0.8112608905792237,3,v3
264,SQL Querying for Beginners,Database software,0.6944124102592468,3.0,0.6417328481016489,1,v3
264,Microsoft Office Suite Productivity Boost,Microsoft Office software,0.7261216044425964,4.470012239902081,0.7152051094650734,2,v3
264,Speed Reading and Comprehension,Reading Comprehension,0.7913572788238525,3.4906263736263736,0.7473892405110989,3,v3
267,SQL Querying for Beginners,Database software,0.6944124102592468,3.0,0.6417328481016489,1,v3
267,IBM Notes Collaboration and Email,IBM Notes,0.7330333590507507,3.0,0.677423931812418,2,v3
267,Effective Communication and Active Listening,Active Listening,0.8550388813018799,3.596,0.8112608905792237,3,v3
269,FileMaker Pro Database Development,FileMaker Pro,0.8307403922080994,3.0,0.7677187072819678,1,v3
269,Microsoft Office Suite Productivity Boost,Microsoft Office software,0.7261216044425964,4.470012239902081,0.7152051094650734,2,v3
269,Continuous Learning Strategies,Active Learning,0.8114772439002991,3.121824175824176,0.7540075583535824,3,v3
270,SQL Querying for Beginners,Database software,0.6944124102592468,3.0,0.6417328481016489,1,v3
270,Email Management with Microsoft Outlook,Email software,0.5386273264884949,3.0,0.49776594309971256,2,v3
270,Critical Thinking and Analytical Problem Solving,Critical Thinking,0.8358204960823059,3.517912087912088,0.7903257634793326,3,v3
271,FileMaker Pro Database Development,FileMaker Pro,0.8307403922080994,3.0,0.7677187072819678,1,v3
271,Email Management with Microsoft Outlook,Email software,0.5386273264884949,3.0,0.49776594309971256,2,v3
271,Effective Communication and Active Listening,Active Listening,0.8550388813018799,3.596,0.8112608905792237,3,v3
273,Enterprise Resource Planning with SAP,SAP software,0.7140014171600342,4.11660777385159,0.6928258420489397,1,v3
273,IBM Notes Collaboration and Email,IBM Notes,0.7330333590507507,3.0,0.677423931812418,2,v3
273,Effective Communication and Active Listening,Active Listening,0.8550388813018799,3.596,0.8112608905792237,3,v3
274,FileMaker Pro Database Development,FileMaker Pro,0.8307403922080994,3.0,0.7677187072819678,1,v3
274,Email Management with Microsoft Outlook,Microsoft Outlook,0.7693076729774475,4.2912772585669785,0.7520521737704767,2,v3
274,Critical Thinking and Analytical Problem Solving,Critical Thinking,0.8358204960823059,3.517912087912088,0.7903257634793326,3,v3
275,FileMaker Pro Database Development,FileMaker Pro,0.8307403922080994,3.0,0.7677187072819678,1,v3
275,IBM Notes Collaboration and Email,IBM Notes,0.7330333590507507,3.0,0.677423931812418,2,v3
275,Effective Communication and Active Listening,Active Listening,0.8550388813018799,3.596,0.8112608905792237,3,v3
277,SQL Querying for Beginners,Database software,0.6944124102592468,3.0,0.6417328481016489,1,v3
277,Advanced Microsoft Excel Masterclass,Microsoft Excel,0.6717683672904968,4.39464493597206,0.6595740091479589,2,v3
277,Continuous Learning Strategies,Active Learning,0.8114772439002991,3.121824175824176,0.7540075583535824,3,v3
281,Enterprise Resource Planning with SAP,SAP software,0.7140014171600342,4.11660777385159,0.6928258420489397,1,v3
281,Email Management with Microsoft Outlook,Microsoft Outlook,0.7693076729774475,4.2912772585669785,0.7520521737704767,2,v3
281,Effective Communication and Active Listening,Active Listening,0.8550388813018799,3.596,0.8112608905792237,3,v3
282,SQL Querying for Beginners,Database software,0.6944124102592468,3.0,0.6417328481016489,1,v3
282,IBM Notes Collaboration and Email,IBM Notes,0.7330333590507507,3.0,0.677423931812418,2,v3
282,Effective Communication and Active Listening,Active Listening,0.8550388813018799,3.596,0.8112608905792237,3,v3
283,Enterprise Resource Planning with SAP,SAP software,0.7140014171600342,4.11660777385159,0.6928258420489397,1,v3
283,Email Management with Microsoft Outlook,Microsoft Outlook,0.7693076729774475,4.2912772585669785,0.7520521737704767,2,v3
283,Continuous Learning Strategies,Active Learning,0.8114772439002991,3.121824175824176,0.7540075583535824,3,v3
284,FileMaker Pro Database Development,FileMaker Pro,0.8307403922080994,3.0,0.7677187072819678,1,v3
284,Microsoft Office Suite Productivity Boost,Microsoft Office software,0.7261216044425964,4.470012239902081,0.7152051094650734,2,v3
284,Effective Communication and Active Listening,Active Listening,0.8550388813018799,3.596,0.8112608905792237,3,v3
286,FileMaker Pro Database Development,FileMaker Pro,0.8307403922080994,3.0,0.7677187072819678,1,v3
286,Advanced Microsoft Excel Masterclass,Microsoft Excel,0.6717683672904968,4.39464493597206,0.6595740091479589,2,v3
286,Effective Communication and Active Listening,Active Listening,0.8550388813018799,3.596,0.8112608905792237,3,v3
287,Designing High-Impact PowerPoint Presentations,Microsoft PowerPoint,0.6504054069519043,4.3116057233704295,0.6363639810839333,1,v3
287,Microsoft Office Suite Productivity Boost,Microsoft Office software,0.7261216044425964,4.470012239902081,0.7152051094650734,2,v3
287,Speed Reading and Comprehension,Reading Comprehension,0.7913572788238525,3.4906263736263736,0.7473892405110989,3,v3
288,JavaScript Web Development Essentials,Web browser software,0.4755171537399292,3.0092807424593966,0.43962605182471604,1,v3
288,Microsoft Office Suite Productivity Boost,Microsoft Office software,0.7261216044425964,4.470012239902081,0.7152051094650734,2,v3
288,Speed Reading and Comprehension,Reading Comprehension,0.7913572788238525,3.4906263736263736,0.7473892405110989,3,v3
291,JavaScript Web Development Essentials,JavaScript,0.6920572519302368,4.154761904761905,0.6726251024918016,1,v3
291,Email Management with Microsoft Outlook,Microsoft Outlook,0.7693076729774475,4.2912772585669785,0.7520521737704767,2,v3
291,Critical Thinking and Analytical Problem Solving,Critical Thinking,0.8358204960823059,3.517912087912088,0.7903257634793326,3,v3
292,FileMaker Pro Database Development,FileMaker Pro,0.8307403922080994,3.0,0.7677187072819678,1,v3
292,Email Management with Microsoft Outlook,Microsoft Outlook,0.7693076729774475,4.2912772585669785,0.7520521737704767,2,v3
292,Effective Learning and Study Strategies,Learning Strategies,0.7836461663246155,2.7872087912087915,0.7172970220518456,3,v3
293,Enterprise Resource Planning with SAP,SAP software,0.7140014171600342,4.11660777385159,0.6928258420489397,1,v3
293,Email Management with Microsoft Outlook,Microsoft Outlook,0.7693076729774475,4.2912772585669785,0.7520521737704767,2,v3
293,Critical Thinking and Analytical Problem Solving,Critical Thinking,0.8358204960823059,3.517912087912088,0.7903257634793326,3,v3
296,Enterprise Resource Planning with SAP,SAP Business Objects,0.662801206111908,3.0,0.6125197353034184,1,v3
296,Email Management with Microsoft Outlook,Microsoft Outlook,0.7693076729774475,4.2912772585669785,0.7520521737704767,2,v3
296,Critical Thinking and Analytical Problem Solving,Critical Thinking,0.8358204960823059,3.517912087912088,0.7903257634793326,3,v3
297,FileMaker Pro Database Development,FileMaker Pro,0.8307403922080994,3.0,0.7677187072819678,1,v3
297,IBM Notes Collaboration and Email,IBM Notes,0.7330333590507507,3.0,0.677423931812418,2,v3
297,Speed Reading and Comprehension,Reading Comprehension,0.7913572788238525,3.4906263736263736,0.7473892405110989,3,v3
298,SQL Querying for Beginners,Database software,0.6944124102592468,3.0,0.6417328481016489,1,v3
298,Email Management with Microsoft Outlook,Microsoft Outlook,0.7693076729774475,4.2912772585669785,0.7520521737704767,2,v3
298,Effective Communication and Active Listening,Active Listening,0.8550388813018799,3.596,0.8112608905792237,3,v3
299,C++ Object-Oriented Programming,C++,0.711704671382904,4.218181818181818,0.6935885524749756,1,v3
299,Email Management with Microsoft Outlook,Microsoft Outlook,0.7693076729774475,4.2912772585669785,0.7520521737704767,2,v3
299,Continuous Learning Strategies,Active Learning,0.8114772439002991,3.121824175824176,0.7540075583535824,3,v3
300,FileMaker Pro Database Development,FileMaker Pro,0.8307403922080994,3.0,0.7677187072819678,1,v3
300,Advanced Microsoft Excel Masterclass,Microsoft Visual Basic,0.39220210909843445,4.0,0.37867789843986777,2,v3
300,Critical Thinking and Analytical Problem Solving,Critical Thinking,0.8358204960823059,3.517912087912088,0.7903257634793326,3,v3
302,C++ Object-Oriented Programming,C++,0.711704671382904,4.218181818181818,0.6935885524749756,1,v3
302,Email Management with Microsoft Outlook,Microsoft Outlook,0.7693076729774475,4.2912772585669785,0.7520521737704767,2,v3
302,Business Writing Essentials,Writing,0.5721129179000854,3.193,0.5332802603968259,3,v3
303,C++ Object-Oriented Programming,C++,0.711704671382904,4.218181818181818,0.6935885524749756,1,v3
303,Email Management with Microsoft Outlook,Microsoft Outlook,0.7693076729774475,4.2912772585669785,0.7520521737704767,2,v3
303,Effective Communication and Active Listening,Active Listening,0.8550388813018799,3.596,0.8112608905792237,3,v3
304,FileMaker Pro Database Development,FileMaker Pro,0.8307403922080994,3.0,0.7677187072819678,1,v3
304,Microsoft Office Suite Productivity Boost,Microsoft Office software,0.7261216044425964,4.470012239902081,0.7152051094650734,2,v3
304,Critical Thinking and Analytical Problem Solving,Critical Thinking,0.8358204960823059,3.517912087912088,0.7903257634793326,3,v3
305,FileMaker Pro Database Development,FileMaker Pro,0.8307403922080994,3.0,0.7677187072819678,1,v3
305,Email Management with Microsoft Outlook,Microsoft Exchange,0.538519561290741,3.0,0.4976663531928227,2,v3
305,Effective Communication and Active Listening,Active Listening,0.8550388813018799,3.596,0.8112608905792237,3,v3
306,Designing High-Impact PowerPoint Presentations,Microsoft PowerPoint,0.6504054069519043,4.3116057233704295,0.6363639810839333,1,v3
306,Email Management with Microsoft Outlook,Microsoft Outlook,0.7693076729774475,4.2912772585669785,0.7520521737704767,2,v3
306,Critical Thinking and Analytical Problem Solving,Critical Thinking,0.8358204960823059,3.517912087912088,0.7903257634793326,3,v3
307,Enterprise Resource Planning with SAP,SAP software,0.7140014171600342,4.11660777385159,0.6928258420489397,1,v3
307,Advanced Microsoft Excel Masterclass,Microsoft Excel,0.6717683672904968,4.39464493597206,0.6595740091479589,2,v3
307,Effective Communication and Active Listening,Active Listening,0.8550388813018799,3.596,0.8112608905792237,3,v3
308,FileMaker Pro Database Development,FileMaker Pro,0.8307403922080994,3.0,0.7677187072819678,1,v3
308,Email Management with Microsoft Outlook,Microsoft Outlook,0.7693076729774475,4.2912772585669785,0.7520521737704767,2,v3
308,Effective Communication and Active Listening,Active Listening,0.8550388813018799,3.596,0.8112608905792237,3,v3
309,Linux System Administration Basics,UNIX,0.4989496171474457,4.056179775280899,0.4829043563093063,1,v3
309,Microsoft Office Suite Productivity Boost,Microsoft Office software,0.7261216044425964,4.470012239902081,0.7152051094650734,2,v3
309,Critical Thinking and Analytical Problem Solving,Critical Thinking,0.8358204960823059,3.517912087912088,0.7903257634793326,3,v3
311,Microsoft Office Suite Productivity Boost,Microsoft Office software,0.7261216044425964,4.470012239902081,0.7152051094650734,1,v3
311,Critical Thinking and Analytical Problem Solving,Critical Thinking,0.8358204960823059,3.517912087912088,0.7903257634793326,2,v3
311,Continuous Learning Strategies,Active Learning,0.8114772439002991,3.121824175824176,0.7540075583535824,3,v3
312,Enterprise Resource Planning with SAP,SAP software,0.7140014171600342,4.11660777385159,0.6928258420489397,1,v3
312,Email Management with Microsoft Outlook,Microsoft Outlook,0.7693076729774475,4.2912772585669785,0.7520521737704767,2,v3
312,Continuous Learning Strategies,Active Learning,0.8114772439002991,3.121824175824176,0.7540075583535824,3,v3
314,C++ Object-Oriented Programming,C++,0.711704671382904,4.218181818181818,0.6935885524749756,1,v3
314,Email Management with Microsoft Outlook,Microsoft Outlook,0.7693076729774475,4.2912772585669785,0.7520521737704767,2,v3
314,Effective Communication and Active Listening,Active Listening,0.8550388813018799,3.596,0.8112608905792237,3,v3
315,FileMaker Pro Database Development,FileMaker Pro,0.8307403922080994,3.0,0.7677187072819678,1,v3
315,Microsoft Office Suite Productivity Boost,Microsoft Office software,0.7261216044425964,4.470012239902081,0.7152051094650734,2,v3
315,Continuous Learning Strategies,Active Learning,0.8114772439002991,3.121824175824176,0.7540075583535824,3,v3
316,SQL Querying for Beginners,Database software,0.6944124102592468,3.0,0.6417328481016489,1,v3
316,Microsoft Office Suite Productivity Boost,Microsoft Office software,0.7261216044425964,4.470012239902081,0.7152051094650734,2,v3
316,Critical Thinking and Analytical Problem Solving,Critical Thinking,0.8358204960823059,3.517912087912088,0.7903257634793326,3,v3
319,FileMaker Pro Database Development,FileMaker Pro,0.8307403922080994,3.0,0.7677187072819678,1,v3
319,Microsoft Office Suite Productivity Boost,Microsoft Office software,0.7261216044425964,4.470012239902081,0.7152051094650734,2,v3
319,Continuous Learning Strategies,Active Learning,0.8114772439002991,3.121824175824176,0.7540075583535824,3,v3
321,FileMaker Pro Database Development,FileMaker Pro,0.8307403922080994,3.0,0.7677187072819678,1,v3
321,Email Management with Microsoft Outlook,Microsoft Outlook,0.7693076729774475,4.2912772585669785,0.7520521737704767,2,v3
321,Effective Communication and Active Listening,Active Listening,0.8550388813018799,3.596,0.8112608905792237,3,v3
323,Enterprise Resource Planning with SAP,SAP software,0.7140014171600342,4.11660777385159,0.6928258420489397,1,v3
323,IBM Notes Collaboration and Email,Microsoft OneNote,0.5396938920021057,3.0,0.4987515967467736,2,v3
323,Critical Thinking and Analytical Problem Solving,Critical Thinking,0.8358204960823059,3.517912087912088,0.7903257634793326,3,v3
325,Enterprise Resource Planning with SAP,SAP software,0.7140014171600342,4.11660777385159,0.6928258420489397,1,v3
325,Microsoft Office Suite Productivity Boost,Microsoft Office software,0.7261216044425964,4.470012239902081,0.7152051094650734,2,v3
325,Effective Communication and Active Listening,Active Listening,0.8550388813018799,3.596,0.8112608905792237,3,v3
327,FileMaker Pro Database Development,FileMaker Pro,0.8307403922080994,3.0,0.7677187072819678,1,v3
327,IBM Notes Collaboration and Email,IBM Notes,0.7330333590507507,3.0,0.677423931812418,2,v3
327,Performance Monitoring and Quality Assurance,Monitoring,0.6809203624725342,3.3096043956043952,0.6379877530688813,3,v3
328,IBM Notes Collaboration and Email,IBM Notes,0.7330333590507507,3.0,0.677423931812418,1,v3
328,Effective Communication and Active Listening,Active Listening,0.8550388813018799,3.596,0.8112608905792237,2,v3
328,Continuous Learning Strategies,Active Learning,0.8114772439002991,3.121824175824176,0.7540075583535824,3,v3
329,SQL Querying for Beginners,Structured query language SQL,0.5648560523986816,4.264900662251655,0.5515698744135106,1,v3
329,Microsoft Office Suite Productivity Boost,Microsoft Office software,0.7261216044425964,4.470012239902081,0.7152051094650734,2,v3
329,Critical Thinking and Analytical Problem Solving,Critical Thinking,0.8358204960823059,3.517912087912088,0.7903257634793326,3,v3
330,Email Management with Microsoft Outlook,Microsoft Outlook,0.7693076729774475,4.2912772585669785,0.7520521737704767,1,v3
330,Critical Thinking and Analytical Problem Solving,Critical Thinking,0.8358204960823059,3.517912087912088,0.7903257634793326,2,v3
330,Continuous Learning Strategies,Active Learning,0.8114772439002991,3.121824175824176,0.7540075583535824,3,v3
331,Designing High-Impact PowerPoint Presentations,Microsoft PowerPoint,0.6504054069519043,4.3116057233704295,0.6363639810839333,1,v3
331,Advanced Microsoft Excel Masterclass,Microsoft Excel,0.6717683672904968,4.39464493597206,0.6595740091479589,2,v3
331,Speed Reading and Comprehension,Reading Comprehension,0.7913572788238525,3.4906263736263736,0.7473892405110989,3,v3
332,Enterprise Resource Planning with SAP,SAP software,0.7140014171600342,4.11660777385159,0.6928258420489397,1,v3
332,Email Management with Microsoft Outlook,Microsoft Outlook,0.7693076729774475,4.2912772585669785,0.7520521737704767,2,v3
332,Effective Communication and Active Listening,Active Listening,0.8550388813018799,3.596,0.8112608905792237,3,v3
333,Enterprise Resource Planning with SAP,SAP software,0.7140014171600342,4.11660777385159,0.6928258420489397,1,v3
333,Professional Document Creation in Microsoft Word,Microsoft Word,0.6755681037902832,4.103316326530612,0.6551608125480609,2,v3
333,Effective Communication and Active Listening,Active Listening,0.8550388813018799,3.596,0.8112608905792237,3,v3
334,FileMaker Pro Database Development,FileMaker Pro,0.8307403922080994,3.0,0.7677187072819678,1,v3
334,Advanced Microsoft Excel Masterclass,Microsoft Visual Basic,0.39220210909843445,4.0,0.37867789843986777,2,v3
334,Effective Communication and Active Listening,Active Listening,0.8550388813018799,3.596,0.8112608905792237,3,v3
335,SQL Querying for Beginners,Database software,0.6944124102592468,3.0,0.6417328481016489,1,v3
335,Microsoft Office Suite Productivity Boost,Microsoft Office software,0.7261216044425964,4.470012239902081,0.7152051094650734,2,v3
335,Critical Thinking and Analytical Problem Solving,Critical Thinking,0.8358204960823059,3.517912087912088,0.7903257634793326,3,v3
336,FileMaker Pro Database Development,FileMaker Pro,0.8307403922080994,3.0,0.7677187072819678,1,v3
336,Email Management with Microsoft Outlook,Microsoft Outlook,0.7693076729774475,4.2912772585669785,0.7520521737704767,2,v3
336,Speed Reading and Comprehension,Reading Comprehension,0.7913572788238525,3.4906263736263736,0.7473892405110989,3,v3
337,Enterprise Resource Planning with SAP,SAP software,0.7140014171600342,4.11660777385159,0.6928258420489397,1,v3
337,Microsoft Office Suite Productivity Boost,Microsoft Office software,0.7261216044425964,4.470012239902081,0.7152051094650734,2,v3
337,Effective Communication and Active Listening,Active Listening,0.8550388813018799,3.596,0.8112608905792237,3,v3
338,FileMaker Pro Database Development,FileMaker Pro,0.8307403922080994,3.0,0.7677187072819678,1,v3
338,IBM Notes Collaboration and Email,IBM Notes,0.7330333590507507,3.0,0.677423931812418,2,v3
338,Effective Communication and Active Listening,Active Listening,0.8550388813018799,3.596,0.8112608905792237,3,v3
339,Enterprise Resource Planning with SAP,SAP software,0.7140014171600342,4.11660777385159,0.6928258420489397,1,v3
339,Email Management with Microsoft Outlook,Microsoft Outlook,0.7693076729774475,4.2912772585669785,0.7520521737704767,2,v3
339,Critical Thinking and Analytical Problem Solving,Critical Thinking,0.8358204960823059,3.517912087912088,0.7903257634793326,3,v3
340,SQL Querying for Beginners,Database software,0.6944124102592468,3.0,0.6417328481016489,1,v3
340,Microsoft Office Suite Productivity Boost,Microsoft Office software,0.7261216044425964,4.470012239902081,0.7152051094650734,2,v3
340,Business Writing Essentials,Writing,0.5721129179000854,3.193,0.5332802603968259,3,v3
341,Enterprise Resource Planning with SAP,SAP software,0.7140014171600342,4.11660777385159,0.6928258420489397,1,v3
341,Email Management with Microsoft Outlook,Microsoft Outlook,0.7693076729774475,4.2912772585669785,0.7520521737704767,2,v3
341,Effective Communication and Active Listening,Active Listening,0.8550388813018799,3.596,0.8112608905792237,3,v3
342,FileMaker Pro Database Development,FileMaker Pro,0.8307403922080994,3.0,0.7677187072819678,1,v3
342,Advanced Microsoft Excel Masterclass,Microsoft Excel,0.6717683672904968,4.39464493597206,0.6595740091479589,2,v3
342,Continuous Learning Strategies,Active Learning,0.8114772439002991,3.121824175824176,0.7540075583535824,3,v3
343,Designing High-Impact PowerPoint Presentations,Microsoft PowerPoint,0.6504054069519043,4.3116057233704295,0.6363639810839333,1,v3
343,Microsoft Office Suite Productivity Boost,Microsoft Office software,0.7261216044425964,4.470012239902081,0.7152051094650734,2,v3
343,Critical Thinking and Analytical Problem Solving,Critical Thinking,0.8358204960823059,3.517912087912088,0.7903257634793326,3,v3
346,FileMaker Pro Database Development,FileMaker Pro,0.8307403922080994,3.0,0.7677187072819678,1,v3
346,Microsoft Office Suite Productivity Boost,Microsoft Office software,0.7261216044425964,4.470012239902081,0.7152051094650734,2,v3
346,Speed Reading and Comprehension,Reading Comprehension,0.7913572788238525,3.4906263736263736,0.7473892405110989,3,v3
347,FileMaker Pro Database Development,FileMaker Pro,0.8307403922080994,3.0,0.7677187072819678,1,v3
347,Microsoft Office Suite Productivity Boost,Microsoft Office software,0.7261216044425964,4.470012239902081,0.7152051094650734,2,v3
347,Critical Thinking and Analytical Problem Solving,Critical Thinking,0.8358204960823059,3.517912087912088,0.7903257634793326,3,v3
349,C++ Object-Oriented Programming,C++,0.711704671382904,4.218181818181818,0.6935885524749756,1,v3
349,Email Management with Microsoft Outlook,Microsoft Outlook,0.7693076729774475,4.2912772585669785,0.7520521737704767,2,v3
349,Continuous Learning Strategies,Active Learning,0.8114772439002991,3.121824175824176,0.7540075583535824,3,v3
350,Enterprise Resource Planning with SAP,SAP software,0.7140014171600342,4.11660777385159,0.6928258420489397,1,v3
350,Microsoft Office Suite Productivity Boost,Microsoft Office software,0.7261216044425964,4.470012239902081,0.7152051094650734,2,v3
350,Effective Communication and Active Listening,Active Listening,0.8550388813018799,3.596,0.8112608905792237,3,v3
351,SQL Querying for Beginners,Database software,0.6944124102592468,3.0,0.6417328481016489,1,v3
351,Email Management with Microsoft Outlook,Microsoft Outlook,0.7693076729774475,4.2912772585669785,0.7520521737704767,2,v3
351,Critical Thinking and Analytical Problem Solving,Critical Thinking,0.8358204960823059,3.517912087912088,0.7903257634793326,3,v3
352,Enterprise Resource Planning with SAP,SAP software,0.7140014171600342,4.11660777385159,0.6928258420489397,1,v3
352,Microsoft Office Suite Productivity Boost,Microsoft Office software,0.7261216044425964,4.470012239902081,0.7152051094650734,2,v3
352,Continuous Learning Strategies,Active Learning,0.8114772439002991,3.121824175824176,0.7540075583535824,3,v3
353,FileMaker Pro Database Development,FileMaker Pro,0.8307403922080994,3.0,0.7677187072819678,1,v3
353,IBM Notes Collaboration and Email,IBM Notes,0.7330333590507507,3.0,0.677423931812418,2,v3
353,Effective Communication and Active Listening,Active Listening,0.8550388813018799,3.596,0.8112608905792237,3,v3
355,Email Management with Microsoft Outlook,Microsoft Outlook,0.7693076729774475,4.2912772585669785,0.7520521737704767,1,v3
355,Effective Communication and Active Listening,Active Listening,0.8550388813018799,3.596,0.8112608905792237,2,v3
355,Continuous Learning Strategies,Active Learning,0.8114772439002991,3.121824175824176,0.7540075583535824,3,v3
359,FileMaker Pro Database Development,FileMaker Pro,0.8307403922080994,3.0,0.7677187072819678,1,v3
359,Email Management with Microsoft Outlook,Microsoft Outlook,0.7693076729774475,4.2912772585669785,0.7520521737704767,2,v3
359,Continuous Learning Strategies,Active Learning,0.8114772439002991,3.121824175824176,0.7540075583535824,3,v3
361,Enterprise Resource Planning with SAP,SAP software,0.7140014171600342,4.11660777385159,0.6928258420489397,1,v3
361,Professional Document Creation in Microsoft Word,Microsoft Word,0.6755681037902832,4.103316326530612,0.6551608125480609,2,v3
361,Continuous Learning Strategies,Active Learning,0.8114772439002991,3.121824175824176,0.7540075583535824,3,v3
362,FileMaker Pro Database Development,FileMaker Pro,0.8307403922080994,3.0,0.7677187072819678,1,v3
362,Email Management with Microsoft Outlook,Microsoft Outlook,0.7693076729774475,4.2912772585669785,0.7520521737704767,2,v3
362,Speed Reading and Comprehension,Reading Comprehension,0.7913572788238525,3.4906263736263736,0.7473892405110989,3,v3
363,Enterprise Resource Planning with SAP,SAP software,0.7140014171600342,4.11660777385159,0.6928258420489397,1,v3
363,Email Management with Microsoft Outlook,Microsoft Outlook,0.7693076729774475,4.2912772585669785,0.7520521737704767,2,v3
363,Effective Communication and Active Listening,Active Listening,0.8550388813018799,3.596,0.8112608905792237,3,v3
364,FileMaker Pro Database Development,FileMaker Pro,0.8307403922080994,3.0,0.7677187072819678,1,v3
364,Microsoft Office Suite Productivity Boost,Microsoft Office software,0.7261216044425964,4.470012239902081,0.7152051094650734,2,v3
364,Continuous Learning Strategies,Active Learning,0.8114772439002991,3.121824175824176,0.7540075583535824,3,v3
366,C++ Object-Oriented Programming,C++,0.711704671382904,4.218181818181818,0.6935885524749756,1,v3
366,Email Management with Microsoft Outlook,Microsoft Outlook,0.7693076729774475,4.2912772585669785,0.7520521737704767,2,v3
366,Effective Communication and Active Listening,Active Listening,0.8550388813018799,3.596,0.8112608905792237,3,v3
367,SQL Querying for Beginners,Database software,0.6944124102592468,3.0,0.6417328481016489,1,v3
367,Microsoft Office Suite Productivity Boost,Microsoft Office software,0.7261216044425964,4.470012239902081,0.7152051094650734,2,v3
367,Critical Thinking and Analytical Problem Solving,Critical Thinking,0.8358204960823059,3.517912087912088,0.7903257634793326,3,v3
369,SQL Querying for Beginners,Database software,0.6944124102592468,3.0,0.6417328481016489,1,v3
369,Email Management with Microsoft Outlook,Microsoft Exchange,0.538519561290741,3.0,0.4976663531928227,2,v3
369,Critical Thinking and Analytical Problem Solving,Critical Thinking,0.8358204960823059,3.517912087912088,0.7903257634793326,3,v3
372,SQL Querying for Beginners,Database software,0.6944124102592468,3.0,0.6417328481016489,1,v3
372,Email Management with Microsoft Outlook,Microsoft Outlook,0.7693076729774475,4.2912772585669785,0.7520521737704767,2,v3
372,Effective Communication and Active Listening,Active Listening,0.8550388813018799,3.596,0.8112608905792237,3,v3
373,FileMaker Pro Database Development,FileMaker Pro,0.8307403922080994,3.0,0.7677187072819678,1,v3
373,Microsoft Office Suite Productivity Boost,Microsoft Office software,0.7261216044425964,4.470012239902081,0.7152051094650734,2,v3
373,Effective Communication and Active Listening,Active Listening,0.8550388813018799,3.596,0.8112608905792237,3,v3
374,FileMaker Pro Database Development,FileMaker Pro,0.8307403922080994,3.0,0.7677187072819678,1,v3
374,Email Management with Microsoft Outlook,Microsoft Outlook,0.7693076729774475,4.2912772585669785,0.7520521737704767,2,v3
374,Continuous Learning Strategies,Active Learning,0.8114772439002991,3.121824175824176,0.7540075583535824,3,v3
376,Enterprise Resource Planning with SAP,SAP software,0.7140014171600342,4.11660777385159,0.6928258420489397,1,v3
376,Email Management with Microsoft Outlook,Microsoft Outlook,0.7693076729774475,4.2912772585669785,0.7520521737704767,2,v3
376,Effective Learning and Study Strategies,Learning Strategies,0.7836461663246155,2.7872087912087915,0.7172970220518456,3,v3
377,FileMaker Pro Database Development,FileMaker Pro,0.8307403922080994,3.0,0.7677187072819678,1,v3
377,Microsoft Office Suite Productivity Boost,Microsoft Office software,0.7261216044425964,4.470012239902081,0.7152051094650734,2,v3
377,Continuous Learning Strategies,Active Learning,0.8114772439002991,3.121824175824176,0.7540075583535824,3,v3
378,C++ Object-Oriented Programming,C++,0.711704671382904,4.218181818181818,0.6935885524749756,1,v3
378,Email Management with Microsoft Outlook,Microsoft Outlook,0.7693076729774475,4.2912772585669785,0.7520521737704767,2,v3
378,Critical Thinking and Analytical Problem Solving,Critical Thinking,0.8358204960823059,3.517912087912088,0.7903257634793326,3,v3
379,FileMaker Pro Database Development,FileMaker Pro,0.8307403922080994,3.0,0.7677187072819678,1,v3
379,IBM Notes Collaboration and Email,IBM Notes,0.7330333590507507,3.0,0.677423931812418,2,v3
379,Effective Communication and Active Listening,Active Listening,0.8550388813018799,3.596,0.8112608905792237,3,v3
380,Enterprise Resource Planning with SAP,SAP software,0.7140014171600342,4.11660777385159,0.6928258420489397,1,v3
380,Advanced Microsoft Excel Masterclass,Microsoft Excel,0.6717683672904968,4.39464493597206,0.6595740091479589,2,v3
380,Effective Communication and Active Listening,Active Listening,0.8550388813018799,3.596,0.8112608905792237,3,v3
381,FileMaker Pro Database Development,FileMaker Pro,0.8307403922080994,3.0,0.7677187072819678,1,v3
381,Microsoft Office Suite Productivity Boost,Microsoft Office software,0.7261216044425964,4.470012239902081,0.7152051094650734,2,v3
381,Effective Communication and Active Listening,Active Listening,0.8550388813018799,3.596,0.8112608905792237,3,v3
382,Enterprise Resource Planning with SAP,SAP software,0.7140014171600342,4.11660777385159,0.6928258420489397,1,v3
382,Email Management with Microsoft Outlook,Microsoft Outlook,0.7693076729774475,4.2912772585669785,0.7520521737704767,2,v3
382,Effective Communication and Active Listening,Active Listening,0.8550388813018799,3.596,0.8112608905792237,3,v3
384,FileMaker Pro Database Development,FileMaker Pro,0.8307403922080994,3.0,0.7677187072819678,1,v3
384,IBM Notes Collaboration and Email,IBM Notes,0.7330333590507507,3.0,0.677423931812418,2,v3
384,Effective Communication and Active Listening,Active Listening,0.8550388813018799,3.596,0.8112608905792237,3,v3
385,Designing High-Impact PowerPoint Presentations,Microsoft PowerPoint,0.6504054069519043,4.3116057233704295,0.6363639810839333,1,v3
385,IBM Notes Collaboration and Email,IBM Lotus 1-2-3,0.41979876160621643,3.0,0.38795195900160695,2,v3
385,Effective Learning and Study Strategies,Learning Strategies,0.7836461663246155,2.7872087912087915,0.7172970220518456,3,v3
386,Designing High-Impact PowerPoint Presentations,Microsoft PowerPoint,0.6504054069519043,4.3116057233704295,0.6363639810839333,1,v3
386,Microsoft Office Suite Productivity Boost,Microsoft Office software,0.7261216044425964,4.470012239902081,0.7152051094650734,2,v3
386,Critical Thinking and Analytical Problem Solving,Critical Thinking,0.8358204960823059,3.517912087912088,0.7903257634793326,3,v3
387,Enterprise Resource Planning with SAP,SAP software,0.7140014171600342,4.11660777385159,0.6928258420489397,1,v3
387,Microsoft Office Suite Productivity Boost,Microsoft Office software,0.7261216044425964,4.470012239902081,0.7152051094650734,2,v3
387,Effective Communication and Active Listening,Active Listening,0.8550388813018799,3.596,0.8112608905792237,3,v3
388,Enterprise Resource Planning with SAP,SAP software,0.7140014171600342,4.11660777385159,0.6928258420489397,1,v3
388,Microsoft Office Suite Productivity Boost,Microsoft Office software,0.7261216044425964,4.470012239902081,0.7152051094650734,2,v3
388,Critical Thinking and Analytical Problem Solving,Critical Thinking,0.8358204960823059,3.517912087912088,0.7903257634793326,3,v3
389,FileMaker Pro Database Development,FileMaker Pro,0.8307403922080994,3.0,0.7677187072819678,1,v3
389,Professional Document Creation in Microsoft Word,Microsoft Word,0.6755681037902832,4.103316326530612,0.6551608125480609,2,v3
389,Public Speaking and Presentation Skills,Speaking,0.48659005761146545,3.536846153846154,0.46048559810694717,3,v3
390,Designing High-Impact PowerPoint Presentations,Microsoft PowerPoint,0.6504054069519043,4.3116057233704295,0.6363639810839333,1,v3
390,Email Management with Microsoft Outlook,Microsoft Outlook,0.7693076729774475,4.2912772585669785,0.7520521737704767,2,v3
390,Effective Communication and Active Listening,Active Listening,0.8550388813018799,3.596,0.8112608905792237,3,v3
391,SQL Querying for Beginners,Database software,0.6944124102592468,3.0,0.6417328481016489,1,v3
391,Advanced Microsoft Excel Masterclass,Microsoft Excel,0.6717683672904968,4.39464493597206,0.6595740091479589,2,v3
391,Effective Communication and Active Listening,Active Listening,0.8550388813018799,3.596,0.8112608905792237,3,v3
392,FileMaker Pro Database Development,FileMaker Pro,0.8307403922080994,3.0,0.7677187072819678,1,v3
392,Email Management with Microsoft Outlook,Microsoft Outlook,0.7693076729774475,4.2912772585669785,0.7520521737704767,2,v3
392,Continuous Learning Strategies,Active Learning,0.8114772439002991,3.121824175824176,0.7540075583535824,3,v3
393,JavaScript Web Development Essentials,Web browser software,0.4755171537399292,3.0092807424593966,0.43962605182471604,1,v3
393,Microsoft Office Suite Productivity Boost,Microsoft Office software,0.7261216044425964,4.470012239902081,0.7152051094650734,2,v3
393,Effective Communication and Active Listening,Active Listening,0.8550388813018799,3.596,0.8112608905792237,3,v3
394,FileMaker Pro Database Development,FileMaker Pro,0.8307403922080994,3.0,0.7677187072819678,1,v3
394,Email Management with Microsoft Outlook,Microsoft Outlook,0.7693076729774475,4.2912772585669785,0.7520521737704767,2,v3
394,Effective Communication and Active Listening,Active Listening,0.8550388813018799,3.596,0.8112608905792237,3,v3
395,Enterprise Resource Planning with SAP,ESRI ArcGIS software,0.3975674510002136,4.225806451612903,0.387572985602433,1,v3
395,Microsoft Office Suite Productivity Boost,Microsoft Office software,0.7261216044425964,4.470012239902081,0.7152051094650734,2,v3
395,Critical Thinking and Analytical Problem Solving,Critical Thinking,0.8358204960823059,3.517912087912088,0.7903257634793326,3,v3
396,Enterprise Resource Planning with SAP,SAP software,0.7140014171600342,4.11660777385159,0.6928258420489397,1,v3
396,Microsoft Office Suite Productivity Boost,Microsoft Office software,0.7261216044425964,4.470012239902081,0.7152051094650734,2,v3
396,Effective Communication and Active Listening,Active Listening,0.8550388813018799,3.596,0.8112608905792237,3,v3
397,FileMaker Pro Database Development,FileMaker Pro,0.8307403922080994,3.0,0.7677187072819678,1,v3
397,Professional Document Creation in Microsoft Word,Microsoft Word,0.6755681037902832,4.103316326530612,0.6551608125480609,2,v3
397,Critical Thinking and Analytical Problem Solving,Critical Thinking,0.8358204960823059,3.517912087912088,0.7903257634793326,3,v3
399,Enterprise Resource Planning with SAP,Enterprise application integration EAI software,0.4598567485809326,3.1333333333333333,0.42750820488765323,1,v3
399,Email Management with Microsoft Outlook,Microsoft Outlook,0.7693076729774475,4.2912772585669785,0.7520521737704767,2,v3
399,Effective Communication and Active Listening,Active Listening,0.8550388813018799,3.596,0.8112608905792237,3,v3
401,Designing High-Impact PowerPoint Presentations,Microsoft PowerPoint,0.6504054069519043,4.3116057233704295,0.6363639810839333,1,v3
401,Microsoft Office Suite Productivity Boost,Microsoft Office software,0.7261216044425964,4.470012239902081,0.7152051094650734,2,v3
401,Continuous Learning Strategies,Active Learning,0.8114772439002991,3.121824175824176,0.7540075583535824,3,v3
403,SQL Querying for Beginners,Database software,0.6944124102592468,3.0,0.6417328481016489,1,v3
403,IBM Notes Collaboration and Email,IBM Notes,0.7330333590507507,3.0,0.677423931812418,2,v3
403,Effective Communication and Active Listening,Active Listening,0.8550388813018799,3.596,0.8112608905792237,3,v3
404,Enterprise Resource Planning with SAP,SAP software,0.7140014171600342,4.11660777385159,0.6928258420489397,1,v3
404,Email Management with Microsoft Outlook,Microsoft Outlook,0.7693076729774475,4.2912772585669785,0.7520521737704767,2,v3
404,Effective Communication and Active Listening,Active Listening,0.8550388813018799,3.596,0.8112608905792237,3,v3
405,SQL Querying for Beginners,Database software,0.6944124102592468,3.0,0.6417328481016489,1,v3
405,Email Management with Microsoft Outlook,Microsoft Outlook,0.7693076729774475,4.2912772585669785,0.7520521737704767,2,v3
405,Effective Communication and Active Listening,Active Listening,0.8550388813018799,3.596,0.8112608905792237,3,v3
406,C++ Object-Oriented Programming,C++,0.711704671382904,4.218181818181818,0.6935885524749756,1,v3
406,Email Management with Microsoft Outlook,Microsoft Outlook,0.7693076729774475,4.2912772585669785,0.7520521737704767,2,v3
406,Effective Communication and Active Listening,Active Listening,0.8550388813018799,3.596,0.8112608905792237,3,v3
407,Designing High-Impact PowerPoint Presentations,Microsoft PowerPoint,0.6504054069519043,4.3116057233704295,0.6363639810839333,1,v3
407,IBM Notes Collaboration and Email,IBM Notes,0.7330333590507507,3.0,0.677423931812418,2,v3
407,Continuous Learning Strategies,Active Learning,0.8114772439002991,3.121824175824176,0.7540075583535824,3,v3
408,Enterprise Resource Planning with SAP,SAP software,0.7140014171600342,4.11660777385159,0.6928258420489397,1,v3
408,Professional Document Creation in Microsoft Word,Microsoft Word,0.6755681037902832,4.103316326530612,0.6551608125480609,2,v3
408,Effective Communication and Active Listening,Active Listening,0.8550388813018799,3.596,0.8112608905792237,3,v3
410,FileMaker Pro Database Development,FileMaker Pro,0.8307403922080994,3.0,0.7677187072819678,1,v3
410,Professional Document Creation in Microsoft Word,Microsoft Word,0.6755681037902832,4.103316326530612,0.6551608125480609,2,v3
410,Critical Thinking and Analytical Problem Solving,Critical Thinking,0.8358204960823059,3.517912087912088,0.7903257634793326,3,v3
411,SQL Querying for Beginners,Salesforce software,0.45659494400024414,4.204545454545454,0.4447148874635607,1,v3
411,Email Management with Microsoft Outlook,Microsoft Outlook,0.7693076729774475,4.2912772585669785,0.7520521737704767,2,v3
411,Effective Communication and Active Listening,Active Listening,0.8550388813018799,3.596,0.8112608905792237,3,v3
412,Designing High-Impact PowerPoint Presentations,Microsoft PowerPoint,0.6504054069519043,4.3116057233704295,0.6363639810839333,1,v3
412,Microsoft Office Suite Productivity Boost,Microsoft Office software,0.7261216044425964,4.470012239902081,0.7152051094650734,2,v3
412,Effective Communication and Active Listening,Active Listening,0.8550388813018799,3.596,0.8112608905792237,3,v3
416,C++ Object-Oriented Programming,C++,0.711704671382904,4.218181818181818,0.6935885524749756,1,v3
416,Email Management with Microsoft Outlook,Microsoft Outlook,0.7693076729774475,4.2912772585669785,0.7520521737704767,2,v3
416,Continuous Learning Strategies,Active Learning,0.8114772439002991,3.121824175824176,0.7540075583535824,3,v3
417,SQL Querying for Beginners,Database software,0.6944124102592468,3.0,0.6417328481016489,1,v3
417,Microsoft Office Suite Productivity Boost,Microsoft Office software,0.7261216044425964,4.470012239902081,0.7152051094650734,2,v3
417,Critical Thinking and Analytical Problem Solving,Critical Thinking,0.8358204960823059,3.517912087912088,0.7903257634793326,3,v3
419,FileMaker Pro Database Development,FileMaker Pro,0.8307403922080994,3.0,0.7677187072819678,1,v3
419,Email Management with Microsoft Outlook,Microsoft Outlook,0.7693076729774475,4.2912772585669785,0.7520521737704767,2,v3
419,Critical Thinking and Analytical Problem Solving,Critical Thinking,0.8358204960823059,3.517912087912088,0.7903257634793326,3,v3
420,JavaScript Web Development Essentials,JavaScript,0.6920572519302368,4.154761904761905,0.6726251024918016,1,v3
420,Email Management with Microsoft Outlook,Microsoft Outlook,0.7693076729774475,4.2912772585669785,0.7520521737704767,2,v3
420,Critical Thinking and Analytical Problem Solving,Critical Thinking,0.8358204960823059,3.517912087912088,0.7903257634793326,3,v3
421,Enterprise Resource Planning with SAP,SAP Business Objects,0.662801206111908,3.0,0.6125197353034184,1,v3
421,Email Management with Microsoft Outlook,Microsoft Outlook,0.7693076729774475,4.2912772585669785,0.7520521737704767,2,v3
421,Effective Communication and Active Listening,Active Listening,0.8550388813018799,3.596,0.8112608905792237,3,v3
422,SQL Querying for Beginners,Database software,0.6944124102592468,3.0,0.6417328481016489,1,v3
422,Microsoft Office Suite Productivity Boost,Microsoft Office software,0.7261216044425964,4.470012239902081,0.7152051094650734,2,v3
422,Effective Communication and Active Listening,Active Listening,0.8550388813018799,3.596,0.8112608905792237,3,v3
423,SQL Querying for Beginners,Database software,0.6944124102592468,3.0,0.6417328481016489,1,v3
423,Microsoft Office Suite Productivity Boost,Microsoft Office software,0.7261216044425964,4.470012239902081,0.7152051094650734,2,v3
423,Effective Communication and Active Listening,Active Listening,0.8550388813018799,3.596,0.8112608905792237,3,v3
424,SQL Querying for Beginners,Database software,0.6944124102592468,3.0,0.6417328481016489,1,v3
424,IBM Notes Collaboration and Email,IBM Notes,0.7330333590507507,3.0,0.677423931812418,2,v3
424,Effective Communication and Active Listening,Active Listening,0.8550388813018799,3.596,0.8112608905792237,3,v3
425,SQL Querying for Beginners,Database software,0.6944124102592468,3.0,0.6417328481016489,1,v3
425,IBM Notes Collaboration and Email,IBM Notes,0.7330333590507507,3.0,0.677423931812418,2,v3
425,Continuous Learning Strategies,Active Learning,0.8114772439002991,3.121824175824176,0.7540075583535824,3,v3
426,FileMaker Pro Database Development,FileMaker Pro,0.8307403922080994,3.0,0.7677187072819678,1,v3
426,IBM Notes Collaboration and Email,IBM Notes,0.7330333590507507,3.0,0.677423931812418,2,v3
426,Effective Communication and Active Listening,Active Listening,0.8550388813018799,3.596,0.8112608905792237,3,v3
428,FileMaker Pro Database Development,FileMaker Pro,0.8307403922080994,3.0,0.7677187072819678,1,v3
428,Email Management with Microsoft Outlook,Microsoft Outlook,0.7693076729774475,4.2912772585669785,0.7520521737704767,2,v3
428,Effective Communication and Active Listening,Active Listening,0.8550388813018799,3.596,0.8112608905792237,3,v3
429,FileMaker Pro Database Development,FileMaker Pro,0.8307403922080994,3.0,0.7677187072819678,1,v3
429,Microsoft Office Suite Productivity Boost,Microsoft Office software,0.7261216044425964,4.470012239902081,0.7152051094650734,2,v3
429,Effective Communication and Active Listening,Active Listening,0.8550388813018799,3.596,0.8112608905792237,3,v3
430,FileMaker Pro Database Development,FileMaker Pro,0.8307403922080994,3.0,0.7677187072819678,1,v3
430,Email Management with Microsoft Outlook,Microsoft Outlook,0.7693076729774475,4.2912772585669785,0.7520521737704767,2,v3
430,Speed Reading and Comprehension,Reading Comprehension,0.7913572788238525,3.4906263736263736,0.7473892405110989,3,v3
431,JavaScript Web Development Essentials,Web browser software,0.4755171537399292,3.0092807424593966,0.43962605182471604,1,v3
431,Microsoft Office Suite Productivity Boost,Microsoft Office software,0.7261216044425964,4.470012239902081,0.7152051094650734,2,v3
431,Critical Thinking and Analytical Problem Solving,Critical Thinking,0.8358204960823059,3.517912087912088,0.7903257634793326,3,v3
433,Designing High-Impact PowerPoint Presentations,Microsoft PowerPoint,0.6504054069519043,4.3116057233704295,0.6363639810839333,1,v3
433,Microsoft Office Suite Productivity Boost,Microsoft Office software,0.7261216044425964,4.470012239902081,0.7152051094650734,2,v3
433,Effective Communication and Active Listening,Active Listening,0.8550388813018799,3.596,0.8112608905792237,3,v3
434,FileMaker Pro Database Development,FileMaker Pro,0.8307403922080994,3.0,0.7677187072819678,1,v3
434,Microsoft Office Suite Productivity Boost,Microsoft Office software,0.7261216044425964,4.470012239902081,0.7152051094650734,2,v3
434,Continuous Learning Strategies,Active Learning,0.8114772439002991,3.121824175824176,0.7540075583535824,3,v3
436,C++ Object-Oriented Programming,C++,0.711704671382904,4.218181818181818,0.6935885524749756,1,v3
436,Email Management with Microsoft Outlook,Microsoft Outlook,0.7693076729774475,4.2912772585669785,0.7520521737704767,2,v3
436,Effective Communication and Active Listening,Active Listening,0.8550388813018799,3.596,0.8112608905792237,3,v3
437,C++ Object-Oriented Programming,C++,0.711704671382904,4.218181818181818,0.6935885524749756,1,v3
437,Professional Document Creation in Microsoft Word,Microsoft Word,0.6755681037902832,4.103316326530612,0.6551608125480609,2,v3
437,Critical Thinking and Analytical Problem Solving,Critical Thinking,0.8358204960823059,3.517912087912088,0.7903257634793326,3,v3
438,Enterprise Resource Planning with SAP,SAP Business One,0.698078453540802,3.0,0.6451207777549481,1,v3
438,Email Management with Microsoft Outlook,Microsoft Outlook,0.7693076729774475,4.2912772585669785,0.7520521737704767,2,v3
438,Effective Communication and Active Listening,Active Listening,0.8550388813018799,3.596,0.8112608905792237,3,v3
439,SQL Querying for Beginners,Database software,0.6944124102592468,3.0,0.6417328481016489,1,v3
439,IBM Notes Collaboration and Email,IBM Notes,0.7330333590507507,3.0,0.677423931812418,2,v3
439,Effective Communication and Active Listening,Active Listening,0.8550388813018799,3.596,0.8112608905792237,3,v3
440,Designing High-Impact PowerPoint Presentations,Microsoft PowerPoint,0.6504054069519043,4.3116057233704295,0.6363639810839333,1,v3
440,Advanced Microsoft Excel Masterclass,Microsoft Excel,0.6717683672904968,4.39464493597206,0.6595740091479589,2,v3
440,Critical Thinking and Analytical Problem Solving,Critical Thinking,0.8358204960823059,3.517912087912088,0.7903257634793326,3,v3
441,FileMaker Pro Database Development,FileMaker Pro,0.8307403922080994,3.0,0.7677187072819678,1,v3
441,IBM Notes Collaboration and Email,IBM Notes,0.7330333590507507,3.0,0.677423931812418,2,v3
441,Effective Communication and Active Listening,Active Listening,0.8550388813018799,3.596,0.8112608905792237,3,v3
442,FileMaker Pro Database Development,FileMaker Pro,0.8307403922080994,3.0,0.7677187072819678,1,v3
442,IBM Notes Collaboration and Email,IBM Notes,0.7330333590507507,3.0,0.677423931812418,2,v3
442,Effective Communication and Active Listening,Active Listening,0.8550388813018799,3.596,0.8112608905792237,3,v3
444,Designing High-Impact PowerPoint Presentations,Microsoft PowerPoint,0.6504054069519043,4.3116057233704295,0.6363639810839333,1,v3
444,Email Management with Microsoft Outlook,Microsoft Outlook,0.7693076729774475,4.2912772585669785,0.7520521737704767,2,v3
444,Critical Thinking and Analytical Problem Solving,Critical Thinking,0.8358204960823059,3.517912087912088,0.7903257634793326,3,v3
445,Enterprise Resource Planning with SAP,SAP software,0.7140014171600342,4.11660777385159,0.6928258420489397,1,v3
445,Advanced Microsoft Excel Masterclass,Microsoft Excel,0.6717683672904968,4.39464493597206,0.6595740091479589,2,v3
445,Effective Learning and Study Strategies,Learning Strategies,0.7836461663246155,2.7872087912087915,0.7172970220518456,3,v3
446,JavaScript Web Development Essentials,JavaScript,0.6920572519302368,4.154761904761905,0.6726251024918016,1,v3
446,Professional Document Creation in Microsoft Word,Microsoft Word,0.6755681037902832,4.103316326530612,0.6551608125480609,2,v3
446,Critical Thinking and Analytical Problem Solving,Critical Thinking,0.8358204960823059,3.517912087912088,0.7903257634793326,3,v3
447,Designing High-Impact PowerPoint Presentations,Microsoft PowerPoint,0.6504054069519043,4.3116057233704295,0.6363639810839333,1,v3
447,Microsoft Office Suite Productivity Boost,Microsoft Office software,0.7261216044425964,4.470012239902081,0.7152051094650734,2,v3
447,Continuous Learning Strategies,Active Learning,0.8114772439002991,3.121824175824176,0.7540075583535824,3,v3
448,SQL Querying for Beginners,Database software,0.6944124102592468,3.0,0.6417328481016489,1,v3
448,IBM Notes Collaboration and Email,IBM Notes,0.7330333590507507,3.0,0.677423931812418,2,v3
448,Effective Communication and Active Listening,Active Listening,0.8550388813018799,3.596,0.8112608905792237,3,v3
449,C++ Object-Oriented Programming,C++,0.711704671382904,4.218181818181818,0.6935885524749756,1,v3
449,Email Management with Microsoft Outlook,Microsoft Outlook,0.7693076729774475,4.2912772585669785,0.7520521737704767,2,v3
449,Effective Communication and Active Listening,Active Listening,0.8550388813018799,3.596,0.8112608905792237,3,v3
450,FileMaker Pro Database Development,FileMaker Pro,0.8307403922080994,3.0,0.7677187072819678,1,v3
450,Advanced Microsoft Excel Masterclass,Microsoft Excel,0.6717683672904968,4.39464493597206,0.6595740091479589,2,v3
450,Critical Thinking and Analytical Problem Solving,Critical Thinking,0.8358204960823059,3.517912087912088,0.7903257634793326,3,v3
451,SQL Querying for Beginners,Database software,0.6944124102592468,3.0,0.6417328481016489,1,v3
451,Email Management with Microsoft Outlook,Microsoft Outlook,0.7693076729774475,4.2912772585669785,0.7520521737704767,2,v3
451,Effective Communication and Active Listening,Active Listening,0.8550388813018799,3.596,0.8112608905792237,3,v3
452,FileMaker Pro Database Development,FileMaker Pro,0.8307403922080994,3.0,0.7677187072819678,1,v3
452,IBM Notes Collaboration and Email,IBM Notes,0.7330333590507507,3.0,0.677423931812418,2,v3
452,Effective Communication and Active Listening,Active Listening,0.8550388813018799,3.596,0.8112608905792237,3,v3
453,C++ Object-Oriented Programming,C++,0.711704671382904,4.218181818181818,0.6935885524749756,1,v3
453,Email Management with Microsoft Outlook,Microsoft Outlook,0.7693076729774475,4.2912772585669785,0.7520521737704767,2,v3
453,Effective Communication and Active Listening,Active Listening,0.8550388813018799,3.596,0.8112608905792237,3,v3
454,SQL Querying for Beginners,Data entry software,0.48325756192207336,3.0,0.44659664343143335,1,v3
454,Microsoft Office Suite Productivity Boost,Microsoft Office software,0.7261216044425964,4.470012239902081,0.7152051094650734,2,v3
454,Continuous Learning Strategies,Active Learning,0.8114772439002991,3.121824175824176,0.7540075583535824,3,v3
455,SQL Querying for Beginners,Database software,0.6944124102592468,3.0,0.6417328481016489,1,v3
455,IBM Notes Collaboration and Email,IBM Notes,0.7330333590507507,3.0,0.677423931812418,2,v3
455,Critical Thinking and Analytical Problem Solving,Critical Thinking,0.8358204960823059,3.517912087912088,0.7903257634793326,3,v3
456,Enterprise Resource Planning with SAP,SAP Adaptive Server Enterprise,0.7143436670303345,3.0,0.6601520784969988,1,v3
456,Email Management with Microsoft Outlook,Microsoft Exchange,0.538519561290741,3.0,0.4976663531928227,2,v3
456,Critical Thinking and Analytical Problem Solving,Critical Thinking,0.8358204960823059,3.517912087912088,0.7903257634793326,3,v3
458,C++ Object-Oriented Programming,C++,0.711704671382904,4.218181818181818,0.6935885524749756,1,v3
458,Advanced Microsoft Excel Masterclass,Microsoft Excel,0.6717683672904968,4.39464493597206,0.6595740091479589,2,v3
458,Effective Communication and Active Listening,Active Listening,0.8550388813018799,3.596,0.8112608905792237,3,v3
460,FileMaker Pro Database Development,FileMaker Pro,0.8307403922080994,3.0,0.7677187072819678,1,v3
460,Microsoft Office Suite Productivity Boost,Microsoft Office software,0.7261216044425964,4.470012239902081,0.7152051094650734,2,v3
460,Critical Thinking and Analytical Problem Solving,Critical Thinking,0.8358204960823059,3.517912087912088,0.7903257634793326,3,v3
461,Enterprise Resource Planning with SAP,SAP software,0.7140014171600342,4.11660777385159,0.6928258420489397,1,v3
461,Email Management with Microsoft Outlook,Microsoft Outlook,0.7693076729774475,4.2912772585669785,0.7520521737704767,2,v3
461,Speed Reading and Comprehension,Reading Comprehension,0.7913572788238525,3.4906263736263736,0.7473892405110989,3,v3
462,FileMaker Pro Database Development,FileMaker Pro,0.8307403922080994,3.0,0.7677187072819678,1,v3
462,IBM Notes Collaboration and Email,IBM Notes,0.7330333590507507,3.0,0.677423931812418,2,v3
462,Effective Communication and Active Listening,Active Listening,0.8550388813018799,3.596,0.8112608905792237,3,v3
463,Enterprise Resource Planning with SAP,SAP software,0.7140014171600342,4.11660777385159,0.6928258420489397,1,v3
463,Email Management with Microsoft Outlook,Microsoft Exchange,0.538519561290741,3.0,0.4976663531928227,2,v3
463,Effective Communication and Active Listening,Active Listening,0.8550388813018799,3.596,0.8112608905792237,3,v3
464,SQL Querying for Beginners,Database software,0.6944124102592468,3.0,0.6417328481016489,1,v3
464,Email Management with Microsoft Outlook,Microsoft Outlook,0.7693076729774475,4.2912772585669785,0.7520521737704767,2,v3
464,Critical Thinking and Analytical Problem Solving,Critical Thinking,0.8358204960823059,3.517912087912088,0.7903257634793326,3,v3
465,Designing High-Impact PowerPoint Presentations,Microsoft PowerPoint,0.6504054069519043,4.3116057233704295,0.6363639810839333,1,v3
465,Advanced Microsoft Excel Masterclass,Microsoft Excel,0.6717683672904968,4.39464493597206,0.6595740091479589,2,v3
465,Critical Thinking and Analytical Problem Solving,Critical Thinking,0.8358204960823059,3.517912087912088,0.7903257634793326,3,v3
466,Enterprise Resource Planning with SAP,SAP Business Objects,0.662801206111908,3.0,0.6125197353034184,1,v3
466,Email Management with Microsoft Outlook,Microsoft Outlook,0.7693076729774475,4.2912772585669785,0.7520521737704767,2,v3
466,Public Speaking and Presentation Skills,Speaking,0.48659005761146545,3.536846153846154,0.46048559810694717,3,v3
467,SQL Querying for Beginners,Salesforce software,0.45659494400024414,4.204545454545454,0.4447148874635607,1,v3
467,Email Management with Microsoft Outlook,Microsoft Outlook,0.7693076729774475,4.2912772585669785,0.7520521737704767,2,v3
467,Continuous Learning Strategies,Active Learning,0.8114772439002991,3.121824175824176,0.7540075583535824,3,v3
468,Enterprise Resource Planning with SAP,SAP Business Objects,0.662801206111908,3.0,0.6125197353034184,1,v3
468,Effective Communication and Active Listening,Active Listening,0.8550388813018799,3.596,0.8112608905792237,2,v3
468,Continuous Learning Strategies,Active Learning,0.8114772439002991,3.121824175824176,0.7540075583535824,3,v3
469,C++ Object-Oriented Programming,C++,0.711704671382904,4.218181818181818,0.6935885524749756,1,v3
469,Email Management with Microsoft Outlook,Microsoft Outlook,0.7693076729774475,4.2912772585669785,0.7520521737704767,2,v3
469,Effective Learning and Study Strategies,Learning Strategies,0.7836461663246155,2.7872087912087915,0.7172970220518456,3,v3
470,FileMaker Pro Database Development,FileMaker Pro,0.8307403922080994,3.0,0.7677187072819678,1,v3
470,Email Management with Microsoft Outlook,Microsoft Outlook,0.7693076729774475,4.2912772585669785,0.7520521737704767,2,v3
470,Effective Learning and Study Strategies,Learning Strategies,0.7836461663246155,2.7872087912087915,0.7172970220518456,3,v3
471,Email Management with Microsoft Outlook,Microsoft Outlook,0.7693076729774475,4.2912772585669785,0.7520521737704767,1,v3
471,Continuous Learning Strategies,Active Learning,0.8114772439002991,3.121824175824176,0.7540075583535824,2,v3
471,Microsoft Office Suite Productivity Boost,Microsoft Office software,0.7261216044425964,4.470012239902081,0.7152051094650734,3,v3
473,FileMaker Pro Database Development,FileMaker Pro,0.8307403922080994,3.0,0.7677187072819678,1,v3
473,Microsoft Office Suite Productivity Boost,Microsoft Office software,0.7261216044425964,4.470012239902081,0.7152051094650734,2,v3
473,Speed Reading and Comprehension,Reading Comprehension,0.7913572788238525,3.4906263736263736,0.7473892405110989,3,v3
474,FileMaker Pro Database Development,FileMaker Pro,0.8307403922080994,3.0,0.7677187072819678,1,v3
474,Microsoft Office Suite Productivity Boost,Microsoft Office software,0.7261216044425964,4.470012239902081,0.7152051094650734,2,v3
474,Effective Communication and Active Listening,Active Listening,0.8550388813018799,3.596,0.8112608905792237,3,v3
475,C++ Object-Oriented Programming,C++,0.711704671382904,4.218181818181818,0.6935885524749756,1,v3
475,Advanced Microsoft Excel Masterclass,Microsoft Excel,0.6717683672904968,4.39464493597206,0.6595740091479589,2,v3
475,Performance Monitoring and Quality Assurance,Monitoring,0.6809203624725342,3.3096043956043952,0.6379877530688813,3,v3
476,Enterprise Resource Planning with SAP,SAP Adaptive Server Enterprise,0.7143436670303345,3.0,0.6601520784969988,1,v3
476,Microsoft Office Suite Productivity Boost,Microsoft Office software,0.7261216044425964,4.470012239902081,0.7152051094650734,2,v3
476,Effective Communication and Active Listening,Active Listening,0.8550388813018799,3.596,0.8112608905792237,3,v3
477,SQL Querying for Beginners,Database software,0.6944124102592468,3.0,0.6417328481016489,1,v3
477,Advanced Microsoft Excel Masterclass,Microsoft Excel,0.6717683672904968,4.39464493597206,0.6595740091479589,2,v3
477,Continuous Learning Strategies,Active Learning,0.8114772439002991,3.121824175824176,0.7540075583535824,3,v3
478,Enterprise Resource Planning with SAP,Enterprise application integration EAI software,0.4598567485809326,3.1333333333333333,0.42750820488765323,1,v3
478,Professional Document Creation in Microsoft Word,Microsoft Word,0.6755681037902832,4.103316326530612,0.6551608125480609,2,v3
478,Effective Communication and Active Listening,Active Listening,0.8550388813018799,3.596,0.8112608905792237,3,v3
479,Python Programming for Data Analytics,Python,0.6116408705711365,4.5,0.6032044447701553,1,v3
479,Microsoft Office Suite Productivity Boost,Microsoft Office software,0.7261216044425964,4.470012239902081,0.7152051094650734,2,v3
479,Public Speaking and Presentation Skills,Speaking,0.48659005761146545,3.536846153846154,0.46048559810694717,3,v3
481,Enterprise Resource Planning with SAP,SAP software,0.7140014171600342,4.11660777385159,0.6928258420489397,1,v3
481,Email Management with Microsoft Outlook,Microsoft Exchange,0.538519561290741,3.0,0.4976663531928227,2,v3
481,Continuous Learning Strategies,Active Learning,0.8114772439002991,3.121824175824176,0.7540075583535824,3,v3
482,SQL Querying for Beginners,Data entry software,0.48325756192207336,3.0,0.44659664343143335,1,v3
482,Email Management with Microsoft Outlook,Microsoft Outlook,0.7693076729774475,4.2912772585669785,0.7520521737704767,2,v3
482,Effective Communication and Active Listening,Active Listening,0.8550388813018799,3.596,0.8112608905792237,3,v3
483,Enterprise Resource Planning with SAP,SAP software,0.7140014171600342,4.11660777385159,0.6928258420489397,1,v3
483,Email Management with Microsoft Outlook,Microsoft Outlook,0.7693076729774475,4.2912772585669785,0.7520521737704767,2,v3
483,Effective Communication and Active Listening,Active Listening,0.8550388813018799,3.596,0.8112608905792237,3,v3
484,Email Management with Microsoft Outlook,Microsoft Outlook,0.7693076729774475,4.2912772585669785,0.7520521737704767,1,v3
484,Speed Reading and Comprehension,Reading Comprehension,0.7913572788238525,3.4906263736263736,0.7473892405110989,2,v3
484,Microsoft Office Suite Productivity Boost,Microsoft Office software,0.7261216044425964,4.470012239902081,0.7152051094650734,3,v3
485,Designing High-Impact PowerPoint Presentations,Microsoft PowerPoint,0.6504054069519043,4.3116057233704295,0.6363639810839333,1,v3
485,Email Management with Microsoft Outlook,Microsoft Outlook,0.7693076729774475,4.2912772585669785,0.7520521737704767,2,v3
485,Effective Communication and Active Listening,Active Listening,0.8550388813018799,3.596,0.8112608905792237,3,v3
486,SQL Querying for Beginners,Database software,0.6944124102592468,3.0,0.6417328481016489,1,v3
486,Email Management with Microsoft Outlook,Microsoft Outlook,0.7693076729774475,4.2912772585669785,0.7520521737704767,2,v3
486,Effective Communication and Active Listening,Active Listening,0.8550388813018799,3.596,0.8112608905792237,3,v3
487,FileMaker Pro Database Development,FileMaker Pro,0.8307403922080994,3.0,0.7677187072819678,1,v3
487,Microsoft Office Suite Productivity Boost,Microsoft Office software,0.7261216044425964,4.470012239902081,0.7152051094650734,2,v3
487,Effective Communication and Active Listening,Active Listening,0.8550388813018799,3.596,0.8112608905792237,3,v3
488,C++ Object-Oriented Programming,C++,0.711704671382904,4.218181818181818,0.6935885524749756,1,v3
488,Microsoft Office Suite Productivity Boost,Microsoft Office software,0.7261216044425964,4.470012239902081,0.7152051094650734,2,v3
488,Effective Communication and Active Listening,Active Listening,0.8550388813018799,3.596,0.8112608905792237,3,v3
491,JavaScript Web Development Essentials,Web browser software,0.4755171537399292,3.0092807424593966,0.43962605182471604,1,v3
491,IBM Notes Collaboration and Email,IBM Notes,0.7330333590507507,3.0,0.677423931812418,2,v3
491,Effective Communication and Active Listening,Active Listening,0.8550388813018799,3.596,0.8112608905792237,3,v3
492,JavaScript Web Development Essentials,JavaScript,0.6920572519302368,4.154761904761905,0.6726251024918016,1,v3
492,Advanced Microsoft Excel Masterclass,Microsoft Excel,0.6717683672904968,4.39464493597206,0.6595740091479589,2,v3
492,Effective Communication and Active Listening,Active Listening,0.8550388813018799,3.596,0.8112608905792237,3,v3
493,FileMaker Pro Database Development,FileMaker Pro,0.8307403922080994,3.0,0.7677187072819678,1,v3
493,Microsoft Office Suite Productivity Boost,Microsoft Office software,0.7261216044425964,4.470012239902081,0.7152051094650734,2,v3
493,Critical Thinking and Analytical Problem Solving,Critical Thinking,0.8358204960823059,3.517912087912088,0.7903257634793326,3,v3
494,Enterprise Resource Planning with SAP,Enterprise application integration EAI software,0.4598567485809326,3.1333333333333333,0.42750820488765323,1,v3
494,Email Management with Microsoft Outlook,Microsoft Outlook,0.7693076729774475,4.2912772585669785,0.7520521737704767,2,v3
494,Effective Communication and Active Listening,Active Listening,0.8550388813018799,3.596,0.8112608905792237,3,v3
495,FileMaker Pro Database Development,FileMaker Pro,0.8307403922080994,3.0,0.7677187072819678,1,v3
495,IBM Notes Collaboration and Email,IBM Notes,0.7330333590507507,3.0,0.677423931812418,2,v3
495,Speed Reading and Comprehension,Reading Comprehension,0.7913572788238525,3.4906263736263736,0.7473892405110989,3,v3
496,SQL Querying for Beginners,Microsoft Access,0.38778817653656006,4.024193548387097,0.3748043899806641,1,v3
496,Professional Document Creation in Microsoft Word,Microsoft Word,0.6755681037902832,4.103316326530612,0.6551608125480609,2,v3
496,Effective Communication and Active Listening,Active Listening,0.8550388813018799,3.596,0.8112608905792237,3,v3
497,Enterprise Resource Planning with SAP,SAP software,0.7140014171600342,4.11660777385159,0.6928258420489397,1,v3
497,Email Management with Microsoft Outlook,Microsoft Outlook,0.7693076729774475,4.2912772585669785,0.7520521737704767,2,v3
497,Continuous Learning Strategies,Active Learning,0.8114772439002991,3.121824175824176,0.7540075583535824,3,v3
498,C++ Object-Oriented Programming,C++,0.711704671382904,4.218181818181818,0.6935885524749756,1,v3
498,Microsoft Office Suite Productivity Boost,Microsoft Office software,0.7261216044425964,4.470012239902081,0.7152051094650734,2,v3
498,Performance Monitoring and Quality Assurance,Monitoring,0.6809203624725342,3.3096043956043952,0.6379877530688813,3,v3
499,SQL Querying for Beginners,Data entry software,0.48325756192207336,3.0,0.44659664343143335,1,v3
499,Email Management with Microsoft Outlook,Microsoft Outlook,0.7693076729774475,4.2912772585669785,0.7520521737704767,2,v3
499,Effective Communication and Active Listening,Active Listening,0.8550388813018799,3.596,0.8112608905792237,3,v3
500,Enterprise Resource Planning with SAP,SAP Adaptive Server Enterprise,0.7143436670303345,3.0,0.6601520784969988,1,v3
500,Email Management with Microsoft Outlook,Microsoft Active Directory,0.40165695548057556,4.571428571428571,0.397304022958126,2,v3
500,Effective Communication and Active Listening,Active Listening,0.8550388813018799,3.596,0.8112608905792237,3,v3
501,SQL Querying for Beginners,Database software,0.6944124102592468,3.0,0.6417328481016489,1,v3
501,Effective Communication and Active Listening,Active Listening,0.8550388813018799,3.596,0.8112608905792237,2,v3
501,Continuous Learning Strategies,Active Learning,0.8114772439002991,3.121824175824176,0.7540075583535824,3,v3
502,C++ Object-Oriented Programming,C++,0.711704671382904,4.218181818181818,0.6935885524749756,1,v3
502,Advanced Microsoft Excel Masterclass,Microsoft Excel,0.6717683672904968,4.39464493597206,0.6595740091479589,2,v3
502,Effective Communication and Active Listening,Active Listening,0.8550388813018799,3.596,0.8112608905792237,3,v3
505,FileMaker Pro Database Development,FileMaker Pro,0.8307403922080994,3.0,0.7677187072819678,1,v3
505,Microsoft Office Suite Productivity Boost,Microsoft Office software,0.7261216044425964,4.470012239902081,0.7152051094650734,2,v3
505,Continuous Learning Strategies,Active Learning,0.8114772439002991,3.121824175824176,0.7540075583535824,3,v3
507,Enterprise Resource Planning with SAP,SAP Business One,0.698078453540802,3.0,0.6451207777549481,1,v3
507,Email Management with Microsoft Outlook,Microsoft Outlook,0.7693076729774475,4.2912772585669785,0.7520521737704767,2,v3
507,Continuous Learning Strategies,Active Learning,0.8114772439002991,3.121824175824176,0.7540075583535824,3,v3
508,Email Management with Microsoft Outlook,Microsoft Outlook,0.7693076729774475,4.2912772585669785,0.7520521737704767,1,v3
508,Effective Communication and Active Listening,Active Listening,0.8550388813018799,3.596,0.8112608905792237,2,v3
508,Critical Thinking and Analytical Problem Solving,Critical Thinking,0.8358204960823059,3.517912087912088,0.7903257634793326,3,v3
510,FileMaker Pro Database Development,FileMaker Pro,0.8307403922080994,3.0,0.7677187072819678,1,v3
510,Professional Document Creation in Microsoft Word,Microsoft Word,0.6755681037902832,4.103316326530612,0.6551608125480609,2,v3
510,Effective Communication and Active Listening,Active Listening,0.8550388813018799,3.596,0.8112608905792237,3,v3
511,FileMaker Pro Database Development,FileMaker Pro,0.8307403922080994,3.0,0.7677187072819678,1,v3
511,Advanced Microsoft Excel Masterclass,Microsoft Excel,0.6717683672904968,4.39464493597206,0.6595740091479589,2,v3
511,Critical Thinking and Analytical Problem Solving,Critical Thinking,0.8358204960823059,3.517912087912088,0.7903257634793326,3,v3
513,JavaScript Web Development Essentials,JavaScript,0.6920572519302368,4.154761904761905,0.6726251024918016,1,v3
513,Email Management with Microsoft Outlook,Microsoft Outlook,0.7693076729774475,4.2912772585669785,0.7520521737704767,2,v3
513,Effective Communication and Active Listening,Active Listening,0.8550388813018799,3.596,0.8112608905792237,3,v3
514,FileMaker Pro Database Development,FileMaker Pro,0.8307403922080994,3.0,0.7677187072819678,1,v3
514,Microsoft Office Suite Productivity Boost,Microsoft Office software,0.7261216044425964,4.470012239902081,0.7152051094650734,2,v3
514,Effective Communication and Active Listening,Active Listening,0.8550388813018799,3.596,0.8112608905792237,3,v3
515,FileMaker Pro Database Development,FileMaker Pro,0.8307403922080994,3.0,0.7677187072819678,1,v3
515,Email Management with Microsoft Outlook,Microsoft Outlook,0.7693076729774475,4.2912772585669785,0.7520521737704767,2,v3
515,Performance Monitoring and Quality Assurance,Monitoring,0.6809203624725342,3.3096043956043952,0.6379877530688813,3,v3
516,C++ Object-Oriented Programming,C++,0.711704671382904,4.218181818181818,0.6935885524749756,1,v3
516,Microsoft Office Suite Productivity Boost,Microsoft Office software,0.7261216044425964,4.470012239902081,0.7152051094650734,2,v3
516,Critical Thinking and Analytical Problem Solving,Critical Thinking,0.8358204960823059,3.517912087912088,0.7903257634793326,3,v3
517,Enterprise Resource Planning with SAP,SAP software,0.7140014171600342,4.11660777385159,0.6928258420489397,1,v3
517,Professional Document Creation in Microsoft Word,Microsoft Word,0.6755681037902832,4.103316326530612,0.6551608125480609,2,v3
517,Critical Thinking and Analytical Problem Solving,Critical Thinking,0.8358204960823059,3.517912087912088,0.7903257634793326,3,v3
518,Enterprise Resource Planning with SAP,SAP software,0.7140014171600342,4.11660777385159,0.6928258420489397,1,v3
518,Advanced Microsoft Excel Masterclass,Microsoft Excel,0.6717683672904968,4.39464493597206,0.6595740091479589,2,v3
518,Speed Reading and Comprehension,Reading Comprehension,0.7913572788238525,3.4906263736263736,0.7473892405110989,3,v3
520,SQL Querying for Beginners,Structured query language SQL,0.5648560523986816,4.264900662251655,0.5515698744135106,1,v3
520,Email Management with Microsoft Outlook,Microsoft Outlook,0.7693076729774475,4.2912772585669785,0.7520521737704767,2,v3
520,Speed Reading and Comprehension,Reading Comprehension,0.7913572788238525,3.4906263736263736,0.7473892405110989,3,v3
521,Designing High-Impact PowerPoint Presentations,Microsoft PowerPoint,0.6504054069519043,4.3116057233704295,0.6363639810839333,1,v3
521,Email Management with Microsoft Outlook,Microsoft Outlook,0.7693076729774475,4.2912772585669785,0.7520521737704767,2,v3
521,Continuous Learning Strategies,Active Learning,0.8114772439002991,3.121824175824176,0.7540075583535824,3,v3
522,Enterprise Resource Planning with SAP,SAP software,0.7140014171600342,4.11660777385159,0.6928258420489397,1,v3
522,Email Management with Microsoft Outlook,Microsoft Outlook,0.7693076729774475,4.2912772585669785,0.7520521737704767,2,v3
522,Critical Thinking and Analytical Problem Solving,Critical Thinking,0.8358204960823059,3.517912087912088,0.7903257634793326,3,v3
523,C++ Object-Oriented Programming,C++,0.711704671382904,4.218181818181818,0.6935885524749756,1,v3
523,Email Management with Microsoft Outlook,Microsoft Exchange,0.538519561290741,3.0,0.4976663531928227,2,v3
523,Speed Reading and Comprehension,Reading Comprehension,0.7913572788238525,3.4906263736263736,0.7473892405110989,3,v3
524,SQL Querying for Beginners,Database software,0.6944124102592468,3.0,0.6417328481016489,1,v3
524,Email Management with Microsoft Outlook,Email software,0.5386273264884949,3.0,0.49776594309971256,2,v3
524,Critical Thinking and Analytical Problem Solving,Critical Thinking,0.8358204960823059,3.517912087912088,0.7903257634793326,3,v3
525,FileMaker Pro Database Development,FileMaker Pro,0.8307403922080994,3.0,0.7677187072819678,1,v3
525,Microsoft Office Suite Productivity Boost,Microsoft Office software,0.7261216044425964,4.470012239902081,0.7152051094650734,2,v3
525,Effective Communication and Active Listening,Active Listening,0.8550388813018799,3.596,0.8112608905792237,3,v3
526,SQL Querying for Beginners,Microsoft Access,0.38778817653656006,4.024193548387097,0.3748043899806641,1,v3
526,IBM Notes Collaboration and Email,IBM Notes,0.7330333590507507,3.0,0.677423931812418,2,v3
526,Speed Reading and Comprehension,Reading Comprehension,0.7913572788238525,3.4906263736263736,0.7473892405110989,3,v3
527,JavaScript Web Development Essentials,JavaScript,0.6920572519302368,4.154761904761905,0.6726251024918016,1,v3
527,Email Management with Microsoft Outlook,Microsoft Outlook,0.7693076729774475,4.2912772585669785,0.7520521737704767,2,v3
527,Effective Learning and Study Strategies,Learning Strategies,0.7836461663246155,2.7872087912087915,0.7172970220518456,3,v3
529,SQL Querying for Beginners,Database software,0.6944124102592468,3.0,0.6417328481016489,1,v3
529,Professional Document Creation in Microsoft Word,Microsoft Word,0.6755681037902832,4.103316326530612,0.6551608125480609,2,v3
529,Effective Communication and Active Listening,Active Listening,0.8550388813018799,3.596,0.8112608905792237,3,v3
530,SQL Querying for Beginners,Database software,0.6944124102592468,3.0,0.6417328481016489,1,v3
530,Email Management with Microsoft Outlook,Microsoft Outlook,0.7693076729774475,4.2912772585669785,0.7520521737704767,2,v3
530,Continuous Learning Strategies,Active Learning,0.8114772439002991,3.121824175824176,0.7540075583535824,3,v3
531,Enterprise Resource Planning with SAP,SAP software,0.7140014171600342,4.11660777385159,0.6928258420489397,1,v3
531,Email Management with Microsoft Outlook,Microsoft Outlook,0.7693076729774475,4.2912772585669785,0.7520521737704767,2,v3
531,Effective Communication and Active Listening,Active Listening,0.8550388813018799,3.596,0.8112608905792237,3,v3
532,Enterprise Resource Planning with SAP,SAP software,0.7140014171600342,4.11660777385159,0.6928258420489397,1,v3
532,Microsoft Office Suite Productivity Boost,Microsoft Office software,0.7261216044425964,4.470012239902081,0.7152051094650734,2,v3
532,Critical Thinking and Analytical Problem Solving,Critical Thinking,0.8358204960823059,3.517912087912088,0.7903257634793326,3,v3
533,Enterprise Resource Planning with SAP,SAP software,0.7140014171600342,4.11660777385159,0.6928258420489397,1,v3
533,Email Management with Microsoft Outlook,Microsoft Outlook,0.7693076729774475,4.2912772585669785,0.7520521737704767,2,v3
533,Continuous Learning Strategies,Active Learning,0.8114772439002991,3.121824175824176,0.7540075583535824,3,v3
534,C++ Object-Oriented Programming,C++,0.711704671382904,4.218181818181818,0.6935885524749756,1,v3
534,Email Management with Microsoft Outlook,Microsoft Outlook,0.7693076729774475,4.2912772585669785,0.7520521737704767,2,v3
534,Critical Thinking and Analytical Problem Solving,Critical Thinking,0.8358204960823059,3.517912087912088,0.7903257634793326,3,v3
536,FileMaker Pro Database Development,FileMaker Pro,0.8307403922080994,3.0,0.7677187072819678,1,v3
536,Microsoft Office Suite Productivity Boost,Microsoft Office software,0.7261216044425964,4.470012239902081,0.7152051094650734,2,v3
536,Critical Thinking and Analytical Problem Solving,Critical Thinking,0.8358204960823059,3.517912087912088,0.7903257634793326,3,v3
538,Enterprise Resource Planning with SAP,SAP software,0.7140014171600342,4.11660777385159,0.6928258420489397,1,v3
538,Email Management with Microsoft Outlook,Microsoft Outlook,0.7693076729774475,4.2912772585669785,0.7520521737704767,2,v3
538,Effective Communication and Active Listening,Active Listening,0.8550388813018799,3.596,0.8112608905792237,3,v3
543,Designing High-Impact PowerPoint Presentations,Microsoft PowerPoint,0.6504054069519043,4.3116057233704295,0.6363639810839333,1,v3
543,Email Management with Microsoft Outlook,Microsoft Outlook,0.7693076729774475,4.2912772585669785,0.7520521737704767,2,v3
543,Speed Reading and Comprehension,Reading Comprehension,0.7913572788238525,3.4906263736263736,0.7473892405110989,3,v3
544,Designing High-Impact PowerPoint Presentations,Microsoft PowerPoint,0.6504054069519043,4.3116057233704295,0.6363639810839333,1,v3
544,Advanced Microsoft Excel Masterclass,Microsoft Excel,0.6717683672904968,4.39464493597206,0.6595740091479589,2,v3
544,Continuous Learning Strategies,Active Learning,0.8114772439002991,3.121824175824176,0.7540075583535824,3,v3
546,Enterprise Resource Planning with SAP,SAP software,0.7140014171600342,4.11660777385159,0.6928258420489397,1,v3
546,IBM Notes Collaboration and Email,IBM Notes,0.7330333590507507,3.0,0.677423931812418,2,v3
546,Critical Thinking and Analytical Problem Solving,Critical Thinking,0.8358204960823059,3.517912087912088,0.7903257634793326,3,v3
547,FileMaker Pro Database Development,FileMaker Pro,0.8307403922080994,3.0,0.7677187072819678,1,v3
547,Microsoft Office Suite Productivity Boost,Microsoft Office software,0.7261216044425964,4.470012239902081,0.7152051094650734,2,v3
547,Critical Thinking and Analytical Problem Solving,Critical Thinking,0.8358204960823059,3.517912087912088,0.7903257634793326,3,v3
548,Enterprise Resource Planning with SAP,SAP Business Objects,0.662801206111908,3.0,0.6125197353034184,1,v3
548,IBM Notes Collaboration and Email,IBM Notes,0.7330333590507507,3.0,0.677423931812418,2,v3
548,Critical Thinking and Analytical Problem Solving,Critical Thinking,0.8358204960823059,3.517912087912088,0.7903257634793326,3,v3
549,Enterprise Resource Planning with SAP,Oracle Business Intelligence Enterprise Edition,0.5856750011444092,3.0,0.5412444838162127,1,v3
549,Microsoft Office Suite Productivity Boost,Microsoft Office software,0.7261216044425964,4.470012239902081,0.7152051094650734,2,v3
549,Continuous Learning Strategies,Active Learning,0.8114772439002991,3.121824175824176,0.7540075583535824,3,v3
550,Enterprise Resource Planning with SAP,SAP software,0.7140014171600342,4.11660777385159,0.6928258420489397,1,v3
550,Microsoft Office Suite Productivity Boost,Microsoft Office software,0.7261216044425964,4.470012239902081,0.7152051094650734,2,v3
550,Business Writing Essentials,Writing,0.5721129179000854,3.193,0.5332802603968259,3,v3
551,Designing High-Impact PowerPoint Presentations,Microsoft PowerPoint,0.6504054069519043,4.3116057233704295,0.6363639810839333,1,v3
551,Microsoft Office Suite Productivity Boost,Microsoft Office software,0.7261216044425964,4.470012239902081,0.7152051094650734,2,v3
551,Critical Thinking and Analytical Problem Solving,Critical Thinking,0.8358204960823059,3.517912087912088,0.7903257634793326,3,v3
554,Designing High-Impact PowerPoint Presentations,Microsoft PowerPoint,0.6504054069519043,4.3116057233704295,0.6363639810839333,1,v3
554,Email Management with Microsoft Outlook,Microsoft Outlook,0.7693076729774475,4.2912772585669785,0.7520521737704767,2,v3
554,Continuous Learning Strategies,Active Learning,0.8114772439002991,3.121824175824176,0.7540075583535824,3,v3
555,Designing High-Impact PowerPoint Presentations,Microsoft PowerPoint,0.6504054069519043,4.3116057233704295,0.6363639810839333,1,v3
555,Email Management with Microsoft Outlook,Microsoft Outlook,0.7693076729774475,4.2912772585669785,0.7520521737704767,2,v3
555,Effective Communication and Active Listening,Active Listening,0.8550388813018799,3.596,0.8112608905792237,3,v3
556,Enterprise Resource Planning with SAP,SAP software,0.7140014171600342,4.11660777385159,0.6928258420489397,1,v3
556,Microsoft Office Suite Productivity Boost,Microsoft Office software,0.7261216044425964,4.470012239902081,0.7152051094650734,2,v3
556,Critical Thinking and Analytical Problem Solving,Critical Thinking,0.8358204960823059,3.517912087912088,0.7903257634793326,3,v3
558,Designing High-Impact PowerPoint Presentations,Microsoft PowerPoint,0.6504054069519043,4.3116057233704295,0.6363639810839333,1,v3
558,IBM Notes Collaboration and Email,Microsoft OneNote,0.5396938920021057,3.0,0.4987515967467736,2,v3
558,Effective Communication and Active Listening,Active Listening,0.8550388813018799,3.596,0.8112608905792237,3,v3
560,SQL Querying for Beginners,Database software,0.6944124102592468,3.0,0.6417328481016489,1,v3
560,Advanced Microsoft Excel Masterclass,Microsoft Excel,0.6717683672904968,4.39464493597206,0.6595740091479589,2,v3
560,Effective Communication and Active Listening,Active Listening,0.8550388813018799,3.596,0.8112608905792237,3,v3
562,FileMaker Pro Database Development,FileMaker Pro,0.8307403922080994,3.0,0.7677187072819678,1,v3
562,Microsoft Office Suite Productivity Boost,Microsoft Office software,0.7261216044425964,4.470012239902081,0.7152051094650734,2,v3
562,Critical Thinking and Analytical Problem Solving,Critical Thinking,0.8358204960823059,3.517912087912088,0.7903257634793326,3,v3
564,Enterprise Resource Planning with SAP,SAP software,0.7140014171600342,4.11660777385159,0.6928258420489397,1,v3
564,Advanced Microsoft Excel Masterclass,Microsoft Excel,0.6717683672904968,4.39464493597206,0.6595740091479589,2,v3
564,Effective Communication and Active Listening,Active Listening,0.8550388813018799,3.596,0.8112608905792237,3,v3
565,SQL Querying for Beginners,Database software,0.6944124102592468,3.0,0.6417328481016489,1,v3
565,Advanced Microsoft Excel Masterclass,Microsoft Excel,0.6717683672904968,4.39464493597206,0.6595740091479589,2,v3
565,Critical Thinking and Analytical Problem Solving,Critical Thinking,0.8358204960823059,3.517912087912088,0.7903257634793326,3,v3
566,SQL Querying for Beginners,Database software,0.6944124102592468,3.0,0.6417328481016489,1,v3
566,Email Management with Microsoft Outlook,Microsoft Outlook,0.7693076729774475,4.2912772585669785,0.7520521737704767,2,v3
566,Effective Communication and Active Listening,Active Listening,0.8550388813018799,3.596,0.8112608905792237,3,v3
567,Enterprise Resource Planning with SAP,SAP software,0.7140014171600342,4.11660777385159,0.6928258420489397,1,v3
567,Microsoft Office Suite Productivity Boost,Microsoft Office software,0.7261216044425964,4.470012239902081,0.7152051094650734,2,v3
567,Speed Reading and Comprehension,Reading Comprehension,0.7913572788238525,3.4906263736263736,0.7473892405110989,3,v3
568,Enterprise Resource Planning with SAP,SAP software,0.7140014171600342,4.11660777385159,0.6928258420489397,1,v3
568,Microsoft Office Suite Productivity Boost,Microsoft Office software,0.7261216044425964,4.470012239902081,0.7152051094650734,2,v3
568,Critical Thinking and Analytical Problem Solving,Critical Thinking,0.8358204960823059,3.517912087912088,0.7903257634793326,3,v3
569,Enterprise Resource Planning with SAP,Oracle Business Intelligence Enterprise Edition,0.5856750011444092,3.0,0.5412444838162127,1,v3
569,Microsoft Office Suite Productivity Boost,Microsoft Office software,0.7261216044425964,4.470012239902081,0.7152051094650734,2,v3
569,Continuous Learning Strategies,Active Learning,0.8114772439002991,3.121824175824176,0.7540075583535824,3,v3
571,FileMaker Pro Database Development,FileMaker Pro,0.8307403922080994,3.0,0.7677187072819678,1,v3
571,Email Management with Microsoft Outlook,Microsoft Outlook,0.7693076729774475,4.2912772585669785,0.7520521737704767,2,v3
571,Effective Communication and Active Listening,Active Listening,0.8550388813018799,3.596,0.8112608905792237,3,v3
573,Enterprise Resource Planning with SAP,SAP Adaptive Server Enterprise,0.7143436670303345,3.0,0.6601520784969988,1,v3
573,Advanced Microsoft Excel Masterclass,Microsoft Excel,0.6717683672904968,4.39464493597206,0.6595740091479589,2,v3
573,Effective Communication and Active Listening,Active Listening,0.8550388813018799,3.596,0.8112608905792237,3,v3
574,JavaScript Web Development Essentials,Web browser software,0.4755171537399292,3.0092807424593966,0.43962605182471604,1,v3
574,IBM Notes Collaboration and Email,IBM Notes,0.7330333590507507,3.0,0.677423931812418,2,v3
574,Critical Thinking and Analytical Problem Solving,Critical Thinking,0.8358204960823059,3.517912087912088,0.7903257634793326,3,v3
575,Enterprise Resource Planning with SAP,SAP Business Objects,0.662801206111908,3.0,0.6125197353034184,1,v3
575,Microsoft Office Suite Productivity Boost,Microsoft Office software,0.7261216044425964,4.470012239902081,0.7152051094650734,2,v3
575,Effective Communication and Active Listening,Active Listening,0.8550388813018799,3.596,0.8112608905792237,3,v3
577,FileMaker Pro Database Development,FileMaker Pro,0.8307403922080994,3.0,0.7677187072819678,1,v3
577,IBM Notes Collaboration and Email,IBM Notes,0.7330333590507507,3.0,0.677423931812418,2,v3
577,Effective Learning and Study Strategies,Learning Strategies,0.7836461663246155,2.7872087912087915,0.7172970220518456,3,v3
578,SQL Querying for Beginners,Database software,0.6944124102592468,3.0,0.6417328481016489,1,v3
578,Email Management with Microsoft Outlook,Microsoft Outlook,0.7693076729774475,4.2912772585669785,0.7520521737704767,2,v3
578,Critical Thinking and Analytical Problem Solving,Critical Thinking,0.8358204960823059,3.517912087912088,0.7903257634793326,3,v3
579,FileMaker Pro Database Development,FileMaker Pro,0.8307403922080994,3.0,0.7677187072819678,1,v3
579,IBM Notes Collaboration and Email,IBM Notes,0.7330333590507507,3.0,0.677423931812418,2,v3
579,Effective Communication and Active Listening,Active Listening,0.8550388813018799,3.596,0.8112608905792237,3,v3
580,Enterprise Resource Planning with SAP,SAP software,0.7140014171600342,4.11660777385159,0.6928258420489397,1,v3
580,Email Management with Microsoft Outlook,Microsoft Outlook,0.7693076729774475,4.2912772585669785,0.7520521737704767,2,v3
580,Effective Communication and Active Listening,Active Listening,0.8550388813018799,3.596,0.8112608905792237,3,v3
581,FileMaker Pro Database Development,FileMaker Pro,0.8307403922080994,3.0,0.7677187072819678,1,v3
581,Email Management with Microsoft Outlook,Microsoft Outlook,0.7693076729774475,4.2912772585669785,0.7520521737704767,2,v3
581,Performance Monitoring and Quality Assurance,Monitoring,0.6809203624725342,3.3096043956043952,0.6379877530688813,3,v3
582,SQL Querying for Beginners,Database software,0.6944124102592468,3.0,0.6417328481016489,1,v3
582,Microsoft Office Suite Productivity Boost,Microsoft Office software,0.7261216044425964,4.470012239902081,0.7152051094650734,2,v3
582,Continuous Learning Strategies,Active Learning,0.8114772439002991,3.121824175824176,0.7540075583535824,3,v3
584,SQL Querying for Beginners,Database software,0.6944124102592468,3.0,0.6417328481016489,1,v3
584,Advanced Microsoft Excel Masterclass,Microsoft Excel,0.6717683672904968,4.39464493597206,0.6595740091479589,2,v3
584,Effective Communication and Active Listening,Active Listening,0.8550388813018799,3.596,0.8112608905792237,3,v3
585,SQL Querying for Beginners,Salesforce software,0.45659494400024414,4.204545454545454,0.4447148874635607,1,v3
585,Email Management with Microsoft Outlook,Microsoft Outlook,0.7693076729774475,4.2912772585669785,0.7520521737704767,2,v3
585,Effective Communication and Active Listening,Active Listening,0.8550388813018799,3.596,0.8112608905792237,3,v3
586,SQL Querying for Beginners,Database software,0.6944124102592468,3.0,0.6417328481016489,1,v3
586,Effective Communication and Active Listening,Active Listening,0.8550388813018799,3.596,0.8112608905792237,2,v3
586,Critical Thinking and Analytical Problem Solving,Critical Thinking,0.8358204960823059,3.517912087912088,0.7903257634793326,3,v3
587,Designing High-Impact PowerPoint Presentations,Microsoft PowerPoint,0.6504054069519043,4.3116057233704295,0.6363639810839333,1,v3
587,Advanced Microsoft Excel Masterclass,Microsoft Excel,0.6717683672904968,4.39464493597206,0.6595740091479589,2,v3
587,Critical Thinking and Analytical Problem Solving,Critical Thinking,0.8358204960823059,3.517912087912088,0.7903257634793326,3,v3
590,FileMaker Pro Database Development,FileMaker Pro,0.8307403922080994,3.0,0.7677187072819678,1,v3
590,Email Management with Microsoft Outlook,Microsoft Outlook,0.7693076729774475,4.2912772585669785,0.7520521737704767,2,v3
590,Effective Communication and Active Listening,Active Listening,0.8550388813018799,3.596,0.8112608905792237,3,v3
591,SQL Querying for Beginners,Database software,0.6944124102592468,3.0,0.6417328481016489,1,v3
591,Microsoft Office Suite Productivity Boost,Microsoft Office software,0.7261216044425964,4.470012239902081,0.7152051094650734,2,v3
591,Critical Thinking and Analytical Problem Solving,Critical Thinking,0.8358204960823059,3.517912087912088,0.7903257634793326,3,v3
592,C++ Object-Oriented Programming,C++,0.711704671382904,4.218181818181818,0.6935885524749756,1,v3
592,Email Management with Microsoft Outlook,Microsoft Outlook,0.7693076729774475,4.2912772585669785,0.7520521737704767,2,v3
592,Critical Thinking and Analytical Problem Solving,Critical Thinking,0.8358204960823059,3.517912087912088,0.7903257634793326,3,v3
593,IBM Notes Collaboration and Email,IBM Notes,0.7330333590507507,3.0,0.677423931812418,1,v3
593,Continuous Learning Strategies,Active Learning,0.8114772439002991,3.121824175824176,0.7540075583535824,2,v3
593,Statistical Quality Control and Analysis,Quality control software,0.7494341135025024,3.0,0.6925804910988643,3,v3
595,Enterprise Resource Planning with SAP,SAP software,0.7140014171600342,4.11660777385159,0.6928258420489397,1,v3
595,Advanced Microsoft Excel Masterclass,Microsoft Excel,0.6717683672904968,4.39464493597206,0.6595740091479589,2,v3
595,Continuous Learning Strategies,Active Learning,0.8114772439002991,3.121824175824176,0.7540075583535824,3,v3
597,SQL Querying for Beginners,Database software,0.6944124102592468,3.0,0.6417328481016489,1,v3
597,Microsoft Office Suite Productivity Boost,Microsoft Office software,0.7261216044425964,4.470012239902081,0.7152051094650734,2,v3
597,Effective Communication and Active Listening,Active Listening,0.8550388813018799,3.596,0.8112608905792237,3,v3
599,JavaScript Web Development Essentials,JavaScript,0.6920572519302368,4.154761904761905,0.6726251024918016,1,v3
599,Email Management with Microsoft Outlook,Microsoft Exchange,0.538519561290741,3.0,0.4976663531928227,2,v3
599,Speed Reading and Comprehension,Reading Comprehension,0.7913572788238525,3.4906263736263736,0.7473892405110989,3,v3
600,Enterprise Resource Planning with SAP,SAP software,0.7140014171600342,4.11660777385159,0.6928258420489397,1,v3
600,Microsoft Office Suite Productivity Boost,Microsoft Office software,0.7261216044425964,4.470012239902081,0.7152051094650734,2,v3
600,Public Speaking and Presentation Skills,Speaking,0.48659005761146545,3.536846153846154,0.46048559810694717,3,v3
601,FileMaker Pro Database Development,FileMaker Pro,0.8307403922080994,3.0,0.7677187072819678,1,v3
601,Microsoft Office Suite Productivity Boost,Microsoft Office software,0.7261216044425964,4.470012239902081,0.7152051094650734,2,v3
601,Effective Communication and Active Listening,Active Listening,0.8550388813018799,3.596,0.8112608905792237,3,v3
602,SQL Querying for Beginners,Database software,0.6944124102592468,3.0,0.6417328481016489,1,v3
602,Email Management with Microsoft Outlook,Microsoft Outlook,0.7693076729774475,4.2912772585669785,0.7520521737704767,2,v3
602,Effective Communication and Active Listening,Active Listening,0.8550388813018799,3.596,0.8112608905792237,3,v3
604,C++ Object-Oriented Programming,C++,0.711704671382904,4.218181818181818,0.6935885524749756,1,v3
604,Advanced Microsoft Excel Masterclass,Microsoft Excel,0.6717683672904968,4.39464493597206,0.6595740091479589,2,v3
604,Continuous Learning Strategies,Active Learning,0.8114772439002991,3.121824175824176,0.7540075583535824,3,v3
605,FileMaker Pro Database Development,FileMaker Pro,0.8307403922080994,3.0,0.7677187072819678,1,v3
605,Email Management with Microsoft Outlook,Microsoft Outlook,0.7693076729774475,4.2912772585669785,0.7520521737704767,2,v3
605,Effective Communication and Active Listening,Active Listening,0.8550388813018799,3.596,0.8112608905792237,3,v3
606,JavaScript Web Development Essentials,JavaScript,0.6920572519302368,4.154761904761905,0.6726251024918016,1,v3
606,Email Management with Microsoft Outlook,Microsoft Outlook,0.7693076729774475,4.2912772585669785,0.7520521737704767,2,v3
606,Effective Communication and Active Listening,Active Listening,0.8550388813018799,3.596,0.8112608905792237,3,v3
608,FileMaker Pro Database Development,FileMaker Pro,0.8307403922080994,3.0,0.7677187072819678,1,v3
608,Microsoft Office Suite Productivity Boost,Microsoft Office software,0.7261216044425964,4.470012239902081,0.7152051094650734,2,v3
608,Effective Communication and Active Listening,Active Listening,0.8550388813018799,3.596,0.8112608905792237,3,v3
611,FileMaker Pro Database Development,FileMaker Pro,0.8307403922080994,3.0,0.7677187072819678,1,v3
611,IBM Notes Collaboration and Email,IBM Notes,0.7330333590507507,3.0,0.677423931812418,2,v3
611,Critical Thinking and Analytical Problem Solving,Critical Thinking,0.8358204960823059,3.517912087912088,0.7903257634793326,3,v3
612,Enterprise Resource Planning with SAP,SAP software,0.7140014171600342,4.11660777385159,0.6928258420489397,1,v3
612,Professional Document Creation in Microsoft Word,Microsoft Word,0.6755681037902832,4.103316326530612,0.6551608125480609,2,v3
612,Effective Communication and Active Listening,Active Listening,0.8550388813018799,3.596,0.8112608905792237,3,v3
613,SQL Querying for Beginners,Database software,0.6944124102592468,3.0,0.6417328481016489,1,v3
613,Email Management with Microsoft Outlook,Microsoft Outlook,0.7693076729774475,4.2912772585669785,0.7520521737704767,2,v3
613,Effective Learning and Study Strategies,Learning Strategies,0.7836461663246155,2.7872087912087915,0.7172970220518456,3,v3
614,Enterprise Resource Planning with SAP,Enterprise application integration EAI software,0.4598567485809326,3.1333333333333333,0.42750820488765323,1,v3
614,Microsoft Office Suite Productivity Boost,Microsoft Dynamics,0.40439698100090027,3.0,0.373718589338763,2,v3
614,Effective Communication and Active Listening,Active Listening,0.8550388813018799,3.596,0.8112608905792237,3,v3
615,JavaScript Web Development Essentials,JavaScript,0.6920572519302368,4.154761904761905,0.6726251024918016,1,v3
615,Microsoft Office Suite Productivity Boost,Microsoft Office software,0.7261216044425964,4.470012239902081,0.7152051094650734,2,v3
615,Effective Communication and Active Listening,Active Listening,0.8550388813018799,3.596,0.8112608905792237,3,v3
616,SQL Querying for Beginners,Database software,0.6944124102592468,3.0,0.6417328481016489,1,v3
616,Microsoft Office Suite Productivity Boost,Microsoft Office software,0.7261216044425964,4.470012239902081,0.7152051094650734,2,v3
616,Effective Communication and Active Listening,Active Listening,0.8550388813018799,3.596,0.8112608905792237,3,v3
618,Designing High-Impact PowerPoint Presentations,Microsoft PowerPoint,0.6504054069519043,4.3116057233704295,0.6363639810839333,1,v3
618,Advanced Microsoft Excel Masterclass,Microsoft Excel,0.6717683672904968,4.39464493597206,0.6595740091479589,2,v3
618,Effective Communication and Active Listening,Active Listening,0.8550388813018799,3.596,0.8112608905792237,3,v3
620,C++ Object-Oriented Programming,C++,0.711704671382904,4.218181818181818,0.6935885524749756,1,v3
620,Email Management with Microsoft Outlook,Microsoft Outlook,0.7693076729774475,4.2912772585669785,0.7520521737704767,2,v3
620,Continuous Learning Strategies,Active Learning,0.8114772439002991,3.121824175824176,0.7540075583535824,3,v3
621,Designing High-Impact PowerPoint Presentations,Microsoft PowerPoint,0.6504054069519043,4.3116057233704295,0.6363639810839333,1,v3
621,Email Management with Microsoft Outlook,Microsoft Outlook,0.7693076729774475,4.2912772585669785,0.7520521737704767,2,v3
621,Effective Communication and Active Listening,Active Listening,0.8550388813018799,3.596,0.8112608905792237,3,v3
622,FileMaker Pro Database Development,FileMaker Pro,0.8307403922080994,3.0,0.7677187072819678,1,v3
622,Professional Document Creation in Microsoft Word,Microsoft Word,0.6755681037902832,4.103316326530612,0.6551608125480609,2,v3
622,Continuous Learning Strategies,Active Learning,0.8114772439002991,3.121824175824176,0.7540075583535824,3,v3
623,FileMaker Pro Database Development,FileMaker Pro,0.8307403922080994,3.0,0.7677187072819678,1,v3
623,Microsoft Office Suite Productivity Boost,Microsoft Office software,0.7261216044425964,4.470012239902081,0.7152051094650734,2,v3
623,Effective Communication and Active Listening,Active Listening,0.8550388813018799,3.596,0.8112608905792237,3,v3
624,JavaScript Web Development Essentials,Web browser software,0.4755171537399292,3.0092807424593966,0.43962605182471604,1,v3
624,Microsoft Office Suite Productivity Boost,Microsoft Office software,0.7261216044425964,4.470012239902081,0.7152051094650734,2,v3
624,Critical Thinking and Analytical Problem Solving,Critical Thinking,0.8358204960823059,3.517912087912088,0.7903257634793326,3,v3
625,SQL Querying for Beginners,Database software,0.6944124102592468,3.0,0.6417328481016489,1,v3
625,Microsoft Office Suite Productivity Boost,Maximizer Software Maximizer Enterprise,0.4150509536266327,3.0,0.3835643295584054,2,v3
625,Effective Communication and Active Listening,Active Listening,0.8550388813018799,3.596,0.8112608905792237,3,v3
626,C++ Object-Oriented Programming,C++,0.711704671382904,4.218181818181818,0.6935885524749756,1,v3
626,Advanced Microsoft Excel Masterclass,Microsoft Excel,0.6717683672904968,4.39464493597206,0.6595740091479589,2,v3
626,Critical Thinking and Analytical Problem Solving,Critical Thinking,0.8358204960823059,3.517912087912088,0.7903257634793326,3,v3
630,Designing High-Impact PowerPoint Presentations,Microsoft PowerPoint,0.6504054069519043,4.3116057233704295,0.6363639810839333,1,v3
630,IBM Notes Collaboration and Email,IBM Notes,0.7330333590507507,3.0,0.677423931812418,2,v3
630,Critical Thinking and Analytical Problem Solving,Critical Thinking,0.8358204960823059,3.517912087912088,0.7903257634793326,3,v3
631,JavaScript Web Development Essentials,JavaScript,0.6920572519302368,4.154761904761905,0.6726251024918016,1,v3
631,Advanced Microsoft Excel Masterclass,Microsoft Excel,0.6717683672904968,4.39464493597206,0.6595740091479589,2,v3
631,Critical Thinking and Analytical Problem Solving,Critical Thinking,0.8358204960823059,3.517912087912088,0.7903257634793326,3,v3
632,Email Management with Microsoft Outlook,Microsoft Outlook,0.7693076729774475,4.2912772585669785,0.7520521737704767,1,v3
632,Public Speaking and Presentation Skills,Speaking,0.48659005761146545,3.536846153846154,0.46048559810694717,2,v3
632,Advanced Microsoft Excel Masterclass,Microsoft Excel,0.6717683672904968,4.39464493597206,0.6595740091479589,3,v3
634,SQL Querying for Beginners,Database software,0.6944124102592468,3.0,0.6417328481016489,1,v3
634,Email Management with Microsoft Outlook,Microsoft Outlook,0.7693076729774475,4.2912772585669785,0.7520521737704767,2,v3
634,Critical Thinking and Analytical Problem Solving,Critical Thinking,0.8358204960823059,3.517912087912088,0.7903257634793326,3,v3
635,FileMaker Pro Database Development,FileMaker Pro,0.8307403922080994,3.0,0.7677187072819678,1,v3
635,Email Management with Microsoft Outlook,Microsoft Outlook,0.7693076729774475,4.2912772585669785,0.7520521737704767,2,v3
635,Effective Communication and Active Listening,Active Listening,0.8550388813018799,3.596,0.8112608905792237,3,v3
638,JavaScript Web Development Essentials,Web browser software,0.4755171537399292,3.0092807424593966,0.43962605182471604,1,v3
638,Professional Document Creation in Microsoft Word,Microsoft Word,0.6755681037902832,4.103316326530612,0.6551608125480609,2,v3
638,Critical Thinking and Analytical Problem Solving,Critical Thinking,0.8358204960823059,3.517912087912088,0.7903257634793326,3,v3
639,FileMaker Pro Database Development,FileMaker Pro,0.8307403922080994,3.0,0.7677187072819678,1,v3
639,Professional Document Creation in Microsoft Word,Microsoft Word,0.6755681037902832,4.103316326530612,0.6551608125480609,2,v3
639,Business Writing Essentials,Writing,0.5721129179000854,3.193,0.5332802603968259,3,v3
641,C++ Object-Oriented Programming,C++,0.711704671382904,4.218181818181818,0.6935885524749756,1,v3
641,Microsoft Office Suite Productivity Boost,Microsoft Office software,0.7261216044425964,4.470012239902081,0.7152051094650734,2,v3
641,Continuous Learning Strategies,Active Learning,0.8114772439002991,3.121824175824176,0.7540075583535824,3,v3
643,FileMaker Pro Database Development,FileMaker Pro,0.8307403922080994,3.0,0.7677187072819678,1,v3
643,Email Management with Microsoft Outlook,Microsoft Outlook,0.7693076729774475,4.2912772585669785,0.7520521737704767,2,v3
643,Continuous Learning Strategies,Active Learning,0.8114772439002991,3.121824175824176,0.7540075583535824,3,v3
644,FileMaker Pro Database Development,FileMaker Pro,0.8307403922080994,3.0,0.7677187072819678,1,v3
644,Email Management with Microsoft Outlook,Microsoft Outlook,0.7693076729774475,4.2912772585669785,0.7520521737704767,2,v3
644,Effective Communication and Active Listening,Active Listening,0.8550388813018799,3.596,0.8112608905792237,3,v3
645,Enterprise Resource Planning with SAP,Enterprise application integration EAI software,0.4598567485809326,3.1333333333333333,0.42750820488765323,1,v3
645,Microsoft Office Suite Productivity Boost,Microsoft Office software,0.7261216044425964,4.470012239902081,0.7152051094650734,2,v3
645,Effective Communication and Active Listening,Active Listening,0.8550388813018799,3.596,0.8112608905792237,3,v3
647,Enterprise Resource Planning with SAP,SAP software,0.7140014171600342,4.11660777385159,0.6928258420489397,1,v3
647,Professional Document Creation in Microsoft Word,Microsoft Word,0.6755681037902832,4.103316326530612,0.6551608125480609,2,v3
647,Public Speaking and Presentation Skills,Speaking,0.48659005761146545,3.536846153846154,0.46048559810694717,3,v3
648,SQL Querying for Beginners,Salesforce software,0.45659494400024414,4.204545454545454,0.4447148874635607,1,v3
648,Critical Thinking and Analytical Problem Solving,Critical Thinking,0.8358204960823059,3.517912087912088,0.7903257634793326,2,v3
648,Speed Reading and Comprehension,Reading Comprehension,0.7913572788238525,3.4906263736263736,0.7473892405110989,3,v3
649,SQL Querying for Beginners,Database software,0.6944124102592468,3.0,0.6417328481016489,1,v3
649,Microsoft Office Suite Productivity Boost,Microsoft Office software,0.7261216044425964,4.470012239902081,0.7152051094650734,2,v3
649,Effective Communication and Active Listening,Active Listening,0.8550388813018799,3.596,0.8112608905792237,3,v3
650,C++ Object-Oriented Programming,C++,0.711704671382904,4.218181818181818,0.6935885524749756,1,v3
650,Microsoft Office Suite Productivity Boost,Microsoft Office software,0.7261216044425964,4.470012239902081,0.7152051094650734,2,v3
650,Effective Communication and Active Listening,Active Listening,0.8550388813018799,3.596,0.8112608905792237,3,v3
652,FileMaker Pro Database Development,FileMaker Pro,0.8307403922080994,3.0,0.7677187072819678,1,v3
652,Microsoft Office Suite Productivity Boost,Microsoft Office software,0.7261216044425964,4.470012239902081,0.7152051094650734,2,v3
652,Effective Communication and Active Listening,Active Listening,0.8550388813018799,3.596,0.8112608905792237,3,v3
653,Enterprise Resource Planning with SAP,SAP Adaptive Server Enterprise,0.7143436670303345,3.0,0.6601520784969988,1,v3
653,Email Management with Microsoft Outlook,Microsoft Outlook,0.7693076729774475,4.2912772585669785,0.7520521737704767,2,v3
653,Effective Communication and Active Listening,Active Listening,0.8550388813018799,3.596,0.8112608905792237,3,v3
655,Linux System Administration Basics,Linux,0.644400417804718,4.163934426229508,0.6265509997875156,1,v3
655,Microsoft Office Suite Productivity Boost,Microsoft Office software,0.7261216044425964,4.470012239902081,0.7152051094650734,2,v3
655,Continuous Learning Strategies,Active Learning,0.8114772439002991,3.121824175824176,0.7540075583535824,3,v3
656,Linux System Administration Basics,Linux,0.644400417804718,4.163934426229508,0.6265509997875156,1,v3
656,Microsoft Office Suite Productivity Boost,Microsoft Office software,0.7261216044425964,4.470012239902081,0.7152051094650734,2,v3
656,Speed Reading and Comprehension,Reading Comprehension,0.7913572788238525,3.4906263736263736,0.7473892405110989,3,v3
657,SQL Querying for Beginners,Database software,0.6944124102592468,3.0,0.6417328481016489,1,v3
657,Microsoft Office Suite Productivity Boost,Microsoft Office software,0.7261216044425964,4.470012239902081,0.7152051094650734,2,v3
657,Critical Thinking and Analytical Problem Solving,Critical Thinking,0.8358204960823059,3.517912087912088,0.7903257634793326,3,v3
659,IBM Notes Collaboration and Email,IBM Notes,0.7330333590507507,3.0,0.677423931812418,1,v3
659,Continuous Learning Strategies,Active Learning,0.8114772439002991,3.121824175824176,0.7540075583535824,2,v3
659,Effective Learning and Study Strategies,Learning Strategies,0.7836461663246155,2.7872087912087915,0.7172970220518456,3,v3
661,Designing High-Impact PowerPoint Presentations,Microsoft PowerPoint,0.6504054069519043,4.3116057233704295,0.6363639810839333,1,v3
661,Microsoft Office Suite Productivity Boost,Microsoft Office software,0.7261216044425964,4.470012239902081,0.7152051094650734,2,v3
661,Continuous Learning Strategies,Active Learning,0.8114772439002991,3.121824175824176,0.7540075583535824,3,v3
662,FileMaker Pro Database Development,FileMaker Pro,0.8307403922080994,3.0,0.7677187072819678,1,v3
662,Professional Document Creation in Microsoft Word,Microsoft Word,0.6755681037902832,4.103316326530612,0.6551608125480609,2,v3
662,Continuous Learning Strategies,Active Learning,0.8114772439002991,3.121824175824176,0.7540075583535824,3,v3
663,FileMaker Pro Database Development,FileMaker Pro,0.8307403922080994,3.0,0.7677187072819678,1,v3
663,Advanced Microsoft Excel Masterclass,Microsoft Excel,0.6717683672904968,4.39464493597206,0.6595740091479589,2,v3
663,Business Writing Essentials,Writing,0.5721129179000854,3.193,0.5332802603968259,3,v3
664,Enterprise Resource Planning with SAP,SAP software,0.7140014171600342,4.11660777385159,0.6928258420489397,1,v3
664,Email Management with Microsoft Outlook,Microsoft Outlook,0.7693076729774475,4.2912772585669785,0.7520521737704767,2,v3
664,Effective Learning and Study Strategies,Learning Strategies,0.7836461663246155,2.7872087912087915,0.7172970220518456,3,v3
665,SQL Querying for Beginners,Database software,0.6944124102592468,3.0,0.6417328481016489,1,v3
665,Microsoft Office Suite Productivity Boost,Microsoft Office software,0.7261216044425964,4.470012239902081,0.7152051094650734,2,v3
665,Speed Reading and Comprehension,Reading Comprehension,0.7913572788238525,3.4906263736263736,0.7473892405110989,3,v3
666,Designing High-Impact PowerPoint Presentations,Microsoft PowerPoint,0.6504054069519043,4.3116057233704295,0.6363639810839333,1,v3
666,Microsoft Office Suite Productivity Boost,Microsoft Dynamics,0.40439698100090027,3.0,0.373718589338763,2,v3
666,Effective Communication and Active Listening,Active Listening,0.8550388813018799,3.596,0.8112608905792237,3,v3
667,Email Management with Microsoft Outlook,Microsoft Outlook,0.7693076729774475,4.2912772585669785,0.7520521737704767,1,v3
667,Effective Communication and Active Listening,Active Listening,0.8550388813018799,3.596,0.8112608905792237,2,v3
667,Critical Thinking and Analytical Problem Solving,Critical Thinking,0.8358204960823059,3.517912087912088,0.7903257634793326,3,v3
669,Designing High-Impact PowerPoint Presentations,Microsoft PowerPoint,0.6504054069519043,4.3116057233704295,0.6363639810839333,1,v3
669,Professional Document Creation in Microsoft Word,Microsoft Word,0.6755681037902832,4.103316326530612,0.6551608125480609,2,v3
669,Effective Communication and Active Listening,Active Listening,0.8550388813018799,3.596,0.8112608905792237,3,v3
671,FileMaker Pro Database Development,FileMaker Pro,0.8307403922080994,3.0,0.7677187072819678,1,v3
671,Advanced Microsoft Excel Masterclass,Microsoft Excel,0.6717683672904968,4.39464493597206,0.6595740091479589,2,v3
671,Effective Communication and Active Listening,Active Listening,0.8550388813018799,3.596,0.8112608905792237,3,v3
675,SQL Querying for Beginners,Database software,0.6944124102592468,3.0,0.6417328481016489,1,v3
675,IBM Notes Collaboration and Email,IBM Notes,0.7330333590507507,3.0,0.677423931812418,2,v3
675,Critical Thinking and Analytical Problem Solving,Critical Thinking,0.8358204960823059,3.517912087912088,0.7903257634793326,3,v3
677,C++ Object-Oriented Programming,C++,0.711704671382904,4.218181818181818,0.6935885524749756,1,v3
677,Email Management with Microsoft Outlook,Microsoft Outlook,0.7693076729774475,4.2912772585669785,0.7520521737704767,2,v3
677,Effective Communication and Active Listening,Active Listening,0.8550388813018799,3.596,0.8112608905792237,3,v3
679,FileMaker Pro Database Development,FileMaker Pro,0.8307403922080994,3.0,0.7677187072819678,1,v3
679,IBM Notes Collaboration and Email,IBM Notes,0.7330333590507507,3.0,0.677423931812418,2,v3
679,Continuous Learning Strategies,Active Learning,0.8114772439002991,3.121824175824176,0.7540075583535824,3,v3
680,SQL Querying for Beginners,Database software,0.6944124102592468,3.0,0.6417328481016489,1,v3
680,Advanced Microsoft Excel Masterclass,Microsoft Excel,0.6717683672904968,4.39464493597206,0.6595740091479589,2,v3
680,Effective Communication and Active Listening,Active Listening,0.8550388813018799,3.596,0.8112608905792237,3,v3
682,C++ Object-Oriented Programming,C++,0.711704671382904,4.218181818181818,0.6935885524749756,1,v3
682,Email Management with Microsoft Outlook,Microsoft Outlook,0.7693076729774475,4.2912772585669785,0.7520521737704767,2,v3
682,Speed Reading and Comprehension,Reading Comprehension,0.7913572788238525,3.4906263736263736,0.7473892405110989,3,v3
683,FileMaker Pro Database Development,FileMaker Pro,0.8307403922080994,3.0,0.7677187072819678,1,v3
683,Microsoft Office Suite Productivity Boost,Microsoft Office software,0.7261216044425964,4.470012239902081,0.7152051094650734,2,v3
683,Effective Communication and Active Listening,Active Listening,0.8550388813018799,3.596,0.8112608905792237,3,v3
684,C++ Object-Oriented Programming,C++,0.711704671382904,4.218181818181818,0.6935885524749756,1,v3
684,Microsoft Office Suite Productivity Boost,Microsoft Office software,0.7261216044425964,4.470012239902081,0.7152051094650734,2,v3
684,Effective Communication and Active Listening,Active Listening,0.8550388813018799,3.596,0.8112608905792237,3,v3
686,SQL Querying for Beginners,Database software,0.6944124102592468,3.0,0.6417328481016489,1,v3
686,Microsoft Office Suite Productivity Boost,Microsoft Office software,0.7261216044425964,4.470012239902081,0.7152051094650734,2,v3
686,Effective Communication and Active Listening,Active Listening,0.8550388813018799,3.596,0.8112608905792237,3,v3
689,FileMaker Pro Database Development,FileMaker Pro,0.8307403922080994,3.0,0.7677187072819678,1,v3
689,Professional Document Creation in Microsoft Word,Microsoft Word,0.6755681037902832,4.103316326530612,0.6551608125480609,2,v3
689,Effective Communication and Active Listening,Active Listening,0.8550388813018799,3.596,0.8112608905792237,3,v3
690,C++ Object-Oriented Programming,C++,0.711704671382904,4.218181818181818,0.6935885524749756,1,v3
690,Professional Document Creation in Microsoft Word,Microsoft Word,0.6755681037902832,4.103316326530612,0.6551608125480609,2,v3
690,Continuous Learning Strategies,Active Learning,0.8114772439002991,3.121824175824176,0.7540075583535824,3,v3
691,FileMaker Pro Database Development,FileMaker Pro,0.8307403922080994,3.0,0.7677187072819678,1,v3
691,IBM Notes Collaboration and Email,IBM Notes,0.7330333590507507,3.0,0.677423931812418,2,v3
691,Effective Communication and Active Listening,Active Listening,0.8550388813018799,3.596,0.8112608905792237,3,v3
692,SQL Querying for Beginners,Database software,0.6944124102592468,3.0,0.6417328481016489,1,v3
692,IBM Notes Collaboration and Email,IBM Notes,0.7330333590507507,3.0,0.677423931812418,2,v3
692,Critical Thinking and Analytical Problem Solving,Critical Thinking,0.8358204960823059,3.517912087912088,0.7903257634793326,3,v3
698,Designing High-Impact PowerPoint Presentations,Microsoft PowerPoint,0.6504054069519043,4.3116057233704295,0.6363639810839333,1,v3
698,Email Management with Microsoft Outlook,Microsoft Outlook,0.7693076729774475,4.2912772585669785,0.7520521737704767,2,v3
698,Effective Communication and Active Listening,Active Listening,0.8550388813018799,3.596,0.8112608905792237,3,v3
699,FileMaker Pro Database Development,FileMaker Pro,0.8307403922080994,3.0,0.7677187072819678,1,v3
699,Professional Document Creation in Microsoft Word,Microsoft Word,0.6755681037902832,4.103316326530612,0.6551608125480609,2,v3
699,Effective Communication and Active Listening,Active Listening,0.8550388813018799,3.596,0.8112608905792237,3,v3
700,FileMaker Pro Database Development,FileMaker Pro,0.8307403922080994,3.0,0.7677187072819678,1,v3
700,Microsoft Office Suite Productivity Boost,Microsoft Office software,0.7261216044425964,4.470012239902081,0.7152051094650734,2,v3
700,Effective Communication and Active Listening,Active Listening,0.8550388813018799,3.596,0.8112608905792237,3,v3
701,Designing High-Impact PowerPoint Presentations,Microsoft PowerPoint,0.6504054069519043,4.3116057233704295,0.6363639810839333,1,v3
701,Microsoft Office Suite Productivity Boost,Microsoft Office software,0.7261216044425964,4.470012239902081,0.7152051094650734,2,v3
701,Speed Reading and Comprehension,Reading Comprehension,0.7913572788238525,3.4906263736263736,0.7473892405110989,3,v3
702,FileMaker Pro Database Development,FileMaker Pro,0.8307403922080994,3.0,0.7677187072819678,1,v3
702,Microsoft Office Suite Productivity Boost,Microsoft Office software,0.7261216044425964,4.470012239902081,0.7152051094650734,2,v3
702,Public Speaking and Presentation Skills,Speaking,0.48659005761146545,3.536846153846154,0.46048559810694717,3,v3
704,FileMaker Pro Database Development,FileMaker Pro,0.8307403922080994,3.0,0.7677187072819678,1,v3
704,Email Management with Microsoft Outlook,Microsoft Outlook,0.7693076729774475,4.2912772585669785,0.7520521737704767,2,v3
704,Effective Communication and Active Listening,Active Listening,0.8550388813018799,3.596,0.8112608905792237,3,v3
705,Enterprise Resource Planning with SAP,ESRI ArcGIS software,0.3975674510002136,4.225806451612903,0.387572985602433,1,v3
705,Advanced Microsoft Excel Masterclass,Microsoft Excel,0.6717683672904968,4.39464493597206,0.6595740091479589,2,v3
705,Effective Communication and Active Listening,Active Listening,0.8550388813018799,3.596,0.8112608905792237,3,v3
707,C++ Object-Oriented Programming,C++,0.711704671382904,4.218181818181818,0.6935885524749756,1,v3
707,Microsoft Office Suite Productivity Boost,Microsoft Azure software,0.4527742862701416,4.479166666666667,0.4461388010403206,2,v3
707,Effective Communication and Active Listening,Active Listening,0.8550388813018799,3.596,0.8112608905792237,3,v3
709,Enterprise Resource Planning with SAP,SAP Adaptive Server Enterprise,0.7143436670303345,3.0,0.6601520784969988,1,v3
709,Microsoft Office Suite Productivity Boost,Microsoft Office software,0.7261216044425964,4.470012239902081,0.7152051094650734,2,v3
709,Speed Reading and Comprehension,Reading Comprehension,0.7913572788238525,3.4906263736263736,0.7473892405110989,3,v3
710,FileMaker Pro Database Development,FileMaker Pro,0.8307403922080994,3.0,0.7677187072819678,1,v3
710,Microsoft Office Suite Productivity Boost,Microsoft Office software,0.7261216044425964,4.470012239902081,0.7152051094650734,2,v3
710,Critical Thinking and Analytical Problem Solving,Critical Thinking,0.8358204960823059,3.517912087912088,0.7903257634793326,3,v3
712,Enterprise Resource Planning with SAP,SAP software,0.7140014171600342,4.11660777385159,0.6928258420489397,1,v3
712,Microsoft Office Suite Productivity Boost,Microsoft Office software,0.7261216044425964,4.470012239902081,0.7152051094650734,2,v3
712,Critical Thinking and Analytical Problem Solving,Critical Thinking,0.8358204960823059,3.517912087912088,0.7903257634793326,3,v3
714,C++ Object-Oriented Programming,C++,0.711704671382904,4.218181818181818,0.6935885524749756,1,v3
714,Professional Document Creation in Microsoft Word,Microsoft Word,0.6755681037902832,4.103316326530612,0.6551608125480609,2,v3
714,Business Writing Essentials,Writing,0.5721129179000854,3.193,0.5332802603968259,3,v3
715,SQL Querying for Beginners,Database software,0.6944124102592468,3.0,0.6417328481016489,1,v3
715,Advanced Microsoft Excel Masterclass,Microsoft Visual Basic,0.39220210909843445,4.0,0.37867789843986777,2,v3
715,Continuous Learning Strategies,Active Learning,0.8114772439002991,3.121824175824176,0.7540075583535824,3,v3
716,FileMaker Pro Database Development,FileMaker Pro,0.8307403922080994,3.0,0.7677187072819678,1,v3
716,Email Management with Microsoft Outlook,Microsoft Outlook,0.7693076729774475,4.2912772585669785,0.7520521737704767,2,v3
716,Effective Communication and Active Listening,Active Listening,0.8550388813018799,3.596,0.8112608905792237,3,v3
717,Email Management with Microsoft Outlook,Microsoft Outlook,0.7693076729774475,4.2912772585669785,0.7520521737704767,1,v3
717,Critical Thinking and Analytical Problem Solving,Critical Thinking,0.8358204960823059,3.517912087912088,0.7903257634793326,2,v3
717,Continuous Learning Strategies,Active Learning,0.8114772439002991,3.121824175824176,0.7540075583535824,3,v3
720,Linux System Administration Basics,Linux,0.644400417804718,4.163934426229508,0.6265509997875156,1,v3
720,Advanced Microsoft Excel Masterclass,Microsoft Excel,0.6717683672904968,4.39464493597206,0.6595740091479589,2,v3
720,Speed Reading and Comprehension,Reading Comprehension,0.7913572788238525,3.4906263736263736,0.7473892405110989,3,v3
721,SQL Querying for Beginners,Database software,0.6944124102592468,3.0,0.6417328481016489,1,v3
721,Email Management with Microsoft Outlook,Microsoft Outlook,0.7693076729774475,4.2912772585669785,0.7520521737704767,2,v3
721,Effective Communication and Active Listening,Active Listening,0.8550388813018799,3.596,0.8112608905792237,3,v3
722,Enterprise Resource Planning with SAP,SAP software,0.7140014171600342,4.11660777385159,0.6928258420489397,1,v3
722,Email Management with Microsoft Outlook,Microsoft Outlook,0.7693076729774475,4.2912772585669785,0.7520521737704767,2,v3
722,Critical Thinking and Analytical Problem Solving,Critical Thinking,0.8358204960823059,3.517912087912088,0.7903257634793326,3,v3
723,C++ Object-Oriented Programming,C++,0.711704671382904,4.218181818181818,0.6935885524749756,1,v3
723,Microsoft Office Suite Productivity Boost,Microsoft Office software,0.7261216044425964,4.470012239902081,0.7152051094650734,2,v3
723,Critical Thinking and Analytical Problem Solving,Critical Thinking,0.8358204960823059,3.517912087912088,0.7903257634793326,3,v3
724,Designing High-Impact PowerPoint Presentations,Microsoft PowerPoint,0.6504054069519043,4.3116057233704295,0.6363639810839333,1,v3
724,Email Management with Microsoft Outlook,Microsoft Outlook,0.7693076729774475,4.2912772585669785,0.7520521737704767,2,v3
724,Effective Learning and Study Strategies,Learning Strategies,0.7836461663246155,2.7872087912087915,0.7172970220518456,3,v3
725,Enterprise Resource Planning with SAP,SAP software,0.7140014171600342,4.11660777385159,0.6928258420489397,1,v3
725,Microsoft Office Suite Productivity Boost,Microsoft Office software,0.7261216044425964,4.470012239902081,0.7152051094650734,2,v3
725,Effective Learning and Study Strategies,Learning Strategies,0.7836461663246155,2.7872087912087915,0.7172970220518456,3,v3
727,Enterprise Resource Planning with SAP,SAP software,0.7140014171600342,4.11660777385159,0.6928258420489397,1,v3
727,Microsoft Office Suite Productivity Boost,Microsoft Office software,0.7261216044425964,4.470012239902081,0.7152051094650734,2,v3
727,Effective Communication and Active Listening,Active Listening,0.8550388813018799,3.596,0.8112608905792237,3,v3
728,Enterprise Resource Planning with SAP,SAP Adaptive Server Enterprise,0.7143436670303345,3.0,0.6601520784969988,1,v3
728,Email Management with Microsoft Outlook,Microsoft Outlook,0.7693076729774475,4.2912772585669785,0.7520521737704767,2,v3
728,Effective Communication and Active Listening,Active Listening,0.8550388813018799,3.596,0.8112608905792237,3,v3
729,Enterprise Resource Planning with SAP,SAP software,0.7140014171600342,4.11660777385159,0.6928258420489397,1,v3
729,Professional Document Creation in Microsoft Word,Microsoft Word,0.6755681037902832,4.103316326530612,0.6551608125480609,2,v3
729,Continuous Learning Strategies,Active Learning,0.8114772439002991,3.121824175824176,0.7540075583535824,3,v3
730,Designing High-Impact PowerPoint Presentations,Microsoft PowerPoint,0.6504054069519043,4.3116057233704295,0.6363639810839333,1,v3
730,Professional Document Creation in Microsoft Word,Microsoft Word,0.6755681037902832,4.103316326530612,0.6551608125480609,2,v3
730,Effective Communication and Active Listening,Active Listening,0.8550388813018799,3.596,0.8112608905792237,3,v3
731,SQL Querying for Beginners,Database software,0.6944124102592468,3.0,0.6417328481016489,1,v3
731,Professional Document Creation in Microsoft Word,Microsoft Word,0.6755681037902832,4.103316326530612,0.6551608125480609,2,v3
731,Continuous Learning Strategies,Active Learning,0.8114772439002991,3.121824175824176,0.7540075583535824,3,v3
732,Enterprise Resource Planning with SAP,SAP software,0.7140014171600342,4.11660777385159,0.6928258420489397,1,v3
732,Microsoft Office Suite Productivity Boost,Microsoft Office software,0.7261216044425964,4.470012239902081,0.7152051094650734,2,v3
732,Effective Communication and Active Listening,Active Listening,0.8550388813018799,3.596,0.8112608905792237,3,v3
733,FileMaker Pro Database Development,FileMaker Pro,0.8307403922080994,3.0,0.7677187072819678,1,v3
733,Email Management with Microsoft Outlook,Microsoft Outlook,0.7693076729774475,4.2912772585669785,0.7520521737704767,2,v3
733,Effective Communication and Active Listening,Active Listening,0.8550388813018799,3.596,0.8112608905792237,3,v3
734,Enterprise Resource Planning with SAP,SAP software,0.7140014171600342,4.11660777385159,0.6928258420489397,1,v3
734,Email Management with Microsoft Outlook,Microsoft Outlook,0.7693076729774475,4.2912772585669785,0.7520521737704767,2,v3
734,Critical Thinking and Analytical Problem Solving,Critical Thinking,0.8358204960823059,3.517912087912088,0.7903257634793326,3,v3
738,Email Management with Microsoft Outlook,Microsoft Outlook,0.7693076729774475,4.2912772585669785,0.7520521737704767,1,v3
738,Effective Communication and Active Listening,Active Listening,0.8550388813018799,3.596,0.8112608905792237,2,v3
738,Critical Thinking and Analytical Problem Solving,Critical Thinking,0.8358204960823059,3.517912087912088,0.7903257634793326,3,v3
741,Python Programming for Data Analytics,Python,0.6116408705711365,4.5,0.6032044447701553,1,v3
741,IBM Notes Collaboration and Email,IBM Notes,0.7330333590507507,3.0,0.677423931812418,2,v3
741,Continuous Learning Strategies,Active Learning,0.8114772439002991,3.121824175824176,0.7540075583535824,3,v3
742,Enterprise Resource Planning with SAP,SAP software,0.7140014171600342,4.11660777385159,0.6928258420489397,1,v3
742,Email Management with Microsoft Outlook,Microsoft Outlook,0.7693076729774475,4.2912772585669785,0.7520521737704767,2,v3
742,Effective Communication and Active Listening,Active Listening,0.8550388813018799,3.596,0.8112608905792237,3,v3
743,FileMaker Pro Database Development,FileMaker Pro,0.8307403922080994,3.0,0.7677187072819678,1,v3
743,IBM Notes Collaboration and Email,IBM Notes,0.7330333590507507,3.0,0.677423931812418,2,v3
743,Effective Communication and Active Listening,Active Listening,0.8550388813018799,3.596,0.8112608905792237,3,v3
744,Enterprise Resource Planning with SAP,SAP software,0.7140014171600342,4.11660777385159,0.6928258420489397,1,v3
744,Email Management with Microsoft Outlook,Microsoft Outlook,0.7693076729774475,4.2912772585669785,0.7520521737704767,2,v3
744,Effective Communication and Active Listening,Active Listening,0.8550388813018799,3.596,0.8112608905792237,3,v3
746,Designing High-Impact PowerPoint Presentations,Microsoft PowerPoint,0.6504054069519043,4.3116057233704295,0.6363639810839333,1,v3
746,Advanced Microsoft Excel Masterclass,Microsoft Excel,0.6717683672904968,4.39464493597206,0.6595740091479589,2,v3
746,Effective Communication and Active Listening,Active Listening,0.8550388813018799,3.596,0.8112608905792237,3,v3
747,C++ Object-Oriented Programming,C++,0.711704671382904,4.218181818181818,0.6935885524749756,1,v3
747,Microsoft Office Suite Productivity Boost,Microsoft Office software,0.7261216044425964,4.470012239902081,0.7152051094650734,2,v3
747,Critical Thinking and Analytical Problem Solving,Critical Thinking,0.8358204960823059,3.517912087912088,0.7903257634793326,3,v3
749,Designing High-Impact PowerPoint Presentations,Microsoft PowerPoint,0.6504054069519043,4.3116057233704295,0.6363639810839333,1,v3
749,Email Management with Microsoft Outlook,Microsoft Outlook,0.7693076729774475,4.2912772585669785,0.7520521737704767,2,v3
749,Continuous Learning Strategies,Active Learning,0.8114772439002991,3.121824175824176,0.7540075583535824,3,v3
752,FileMaker Pro Database Development,FileMaker Pro,0.8307403922080994,3.0,0.7677187072819678,1,v3
752,IBM Notes Collaboration and Email,IBM Notes,0.7330333590507507,3.0,0.677423931812418,2,v3
752,Critical Thinking and Analytical Problem Solving,Critical Thinking,0.8358204960823059,3.517912087912088,0.7903257634793326,3,v3
754,C++ Object-Oriented Programming,C++,0.711704671382904,4.218181818181818,0.6935885524749756,1,v3
754,Microsoft Office Suite Productivity Boost,Microsoft Office software,0.7261216044425964,4.470012239902081,0.7152051094650734,2,v3
754,Effective Communication and Active Listening,Active Listening,0.8550388813018799,3.596,0.8112608905792237,3,v3
757,SQL Querying for Beginners,Microsoft Access,0.38778817653656006,4.024193548387097,0.3748043899806641,1,v3
757,Microsoft Office Suite Productivity Boost,Microsoft Office software,0.7261216044425964,4.470012239902081,0.7152051094650734,2,v3
757,Critical Thinking and Analytical Problem Solving,Critical Thinking,0.8358204960823059,3.517912087912088,0.7903257634793326,3,v3
758,SQL Querying for Beginners,Database software,0.6944124102592468,3.0,0.6417328481016489,1,v3
758,Email Management with Microsoft Outlook,Microsoft Outlook,0.7693076729774475,4.2912772585669785,0.7520521737704767,2,v3
758,Effective Communication and Active Listening,Active Listening,0.8550388813018799,3.596,0.8112608905792237,3,v3
760,SQL Querying for Beginners,Database software,0.6944124102592468,3.0,0.6417328481016489,1,v3
760,Email Management with Microsoft Outlook,Microsoft Outlook,0.7693076729774475,4.2912772585669785,0.7520521737704767,2,v3
760,Effective Communication and Active Listening,Active Listening,0.8550388813018799,3.596,0.8112608905792237,3,v3
762,Designing High-Impact PowerPoint Presentations,Microsoft PowerPoint,0.6504054069519043,4.3116057233704295,0.6363639810839333,1,v3
762,Email Management with Microsoft Outlook,Microsoft Outlook,0.7693076729774475,4.2912772585669785,0.7520521737704767,2,v3
762,Effective Learning and Study Strategies,Learning Strategies,0.7836461663246155,2.7872087912087915,0.7172970220518456,3,v3
763,FileMaker Pro Database Development,FileMaker Pro,0.8307403922080994,3.0,0.7677187072819678,1,v3
763,Microsoft Office Suite Productivity Boost,Microsoft Office software,0.7261216044425964,4.470012239902081,0.7152051094650734,2,v3
763,Effective Communication and Active Listening,Active Listening,0.8550388813018799,3.596,0.8112608905792237,3,v3
764,Designing High-Impact PowerPoint Presentations,Microsoft PowerPoint,0.6504054069519043,4.3116057233704295,0.6363639810839333,1,v3
764,Microsoft Office Suite Productivity Boost,Microsoft Office software,0.7261216044425964,4.470012239902081,0.7152051094650734,2,v3
764,Effective Communication and Active Listening,Active Listening,0.8550388813018799,3.596,0.8112608905792237,3,v3
766,Designing High-Impact PowerPoint Presentations,Microsoft PowerPoint,0.6504054069519043,4.3116057233704295,0.6363639810839333,1,v3
766,Email Management with Microsoft Outlook,Microsoft Outlook,0.7693076729774475,4.2912772585669785,0.7520521737704767,2,v3
766,Effective Communication and Active Listening,Active Listening,0.8550388813018799,3.596,0.8112608905792237,3,v3
769,FileMaker Pro Database Development,FileMaker Pro,0.8307403922080994,3.0,0.7677187072819678,1,v3
769,Email Management with Microsoft Outlook,Microsoft Outlook,0.7693076729774475,4.2912772585669785,0.7520521737704767,2,v3
769,Effective Communication and Active Listening,Active Listening,0.8550388813018799,3.596,0.8112608905792237,3,v3
771,SQL Querying for Beginners,Data entry software,0.48325756192207336,3.0,0.44659664343143335,1,v3
771,Microsoft Office Suite Productivity Boost,Microsoft Office software,0.7261216044425964,4.470012239902081,0.7152051094650734,2,v3
771,Continuous Learning Strategies,Active Learning,0.8114772439002991,3.121824175824176,0.7540075583535824,3,v3
772,FileMaker Pro Database Development,FileMaker Pro,0.8307403922080994,3.0,0.7677187072819678,1,v3
772,Email Management with Microsoft Outlook,Microsoft Outlook,0.7693076729774475,4.2912772585669785,0.7520521737704767,2,v3
772,Effective Communication and Active Listening,Active Listening,0.8550388813018799,3.596,0.8112608905792237,3,v3
773,FileMaker Pro Database Development,FileMaker Pro,0.8307403922080994,3.0,0.7677187072819678,1,v3
773,Microsoft Office Suite Productivity Boost,Microsoft Office software,0.7261216044425964,4.470012239902081,0.7152051094650734,2,v3
773,Effective Communication and Active Listening,Active Listening,0.8550388813018799,3.596,0.8112608905792237,3,v3
775,SQL Querying for Beginners,Database software,0.6944124102592468,3.0,0.6417328481016489,1,v3
775,IBM Notes Collaboration and Email,IBM Notes,0.7330333590507507,3.0,0.677423931812418,2,v3
775,Effective Communication and Active Listening,Active Listening,0.8550388813018799,3.596,0.8112608905792237,3,v3
776,FileMaker Pro Database Development,FileMaker Pro,0.8307403922080994,3.0,0.7677187072819678,1,v3
776,Microsoft Office Suite Productivity Boost,Microsoft Office software,0.7261216044425964,4.470012239902081,0.7152051094650734,2,v3
776,Effective Communication and Active Listening,Active Listening,0.8550388813018799,3.596,0.8112608905792237,3,v3
780,FileMaker Pro Database Development,FileMaker Pro,0.8307403922080994,3.0,0.7677187072819678,1,v3
780,IBM Notes Collaboration and Email,IBM Notes,0.7330333590507507,3.0,0.677423931812418,2,v3
780,Speed Reading and Comprehension,Reading Comprehension,0.7913572788238525,3.4906263736263736,0.7473892405110989,3,v3
781,Enterprise Resource Planning with SAP,SAP software,0.7140014171600342,4.11660777385159,0.6928258420489397,1,v3
781,Email Management with Microsoft Outlook,Microsoft Outlook,0.7693076729774475,4.2912772585669785,0.7520521737704767,2,v3
781,Effective Communication and Active Listening,Active Listening,0.8550388813018799,3.596,0.8112608905792237,3,v3
783,Designing High-Impact PowerPoint Presentations,Microsoft PowerPoint,0.6504054069519043,4.3116057233704295,0.6363639810839333,1,v3
783,Microsoft Office Suite Productivity Boost,Microsoft Office software,0.7261216044425964,4.470012239902081,0.7152051094650734,2,v3
783,Continuous Learning Strategies,Active Learning,0.8114772439002991,3.121824175824176,0.7540075583535824,3,v3
784,FileMaker Pro Database Development,FileMaker Pro,0.8307403922080994,3.0,0.7677187072819678,1,v3
784,Email Management with Microsoft Outlook,Microsoft Exchange,0.538519561290741,3.0,0.4976663531928227,2,v3
784,Critical Thinking and Analytical Problem Solving,Critical Thinking,0.8358204960823059,3.517912087912088,0.7903257634793326,3,v3
785,Enterprise Resource Planning with SAP,SAP Adaptive Server Enterprise,0.7143436670303345,3.0,0.6601520784969988,1,v3
785,Email Management with Microsoft Outlook,Microsoft Outlook,0.7693076729774475,4.2912772585669785,0.7520521737704767,2,v3
785,Effective Communication and Active Listening,Active Listening,0.8550388813018799,3.596,0.8112608905792237,3,v3
786,C++ Object-Oriented Programming,C++,0.711704671382904,4.218181818181818,0.6935885524749756,1,v3
786,Email Management with Microsoft Outlook,Microsoft Outlook,0.7693076729774475,4.2912772585669785,0.7520521737704767,2,v3
786,Speed Reading and Comprehension,Reading Comprehension,0.7913572788238525,3.4906263736263736,0.7473892405110989,3,v3
787,FileMaker Pro Database Development,FileMaker Pro,0.8307403922080994,3.0,0.7677187072819678,1,v3
787,IBM Notes Collaboration and Email,IBM Notes,0.7330333590507507,3.0,0.677423931812418,2,v3
787,Continuous Learning Strategies,Active Learning,0.8114772439002991,3.121824175824176,0.7540075583535824,3,v3
789,C++ Object-Oriented Programming,C++,0.711704671382904,4.218181818181818,0.6935885524749756,1,v3
789,Email Management with Microsoft Outlook,Microsoft Outlook,0.7693076729774475,4.2912772585669785,0.7520521737704767,2,v3
789,Effective Communication and Active Listening,Active Listening,0.8550388813018799,3.596,0.8112608905792237,3,v3
791,Linux System Administration Basics,Linux,0.644400417804718,4.163934426229508,0.6265509997875156,1,v3
791,Microsoft Office Suite Productivity Boost,Microsoft Office software,0.7261216044425964,4.470012239902081,0.7152051094650734,2,v3
791,Critical Thinking and Analytical Problem Solving,Critical Thinking,0.8358204960823059,3.517912087912088,0.7903257634793326,3,v3
792,Enterprise Resource Planning with SAP,SAP software,0.7140014171600342,4.11660777385159,0.6928258420489397,1,v3
792,IBM Notes Collaboration and Email,IBM Notes,0.7330333590507507,3.0,0.677423931812418,2,v3
792,Speed Reading and Comprehension,Reading Comprehension,0.7913572788238525,3.4906263736263736,0.7473892405110989,3,v3
793,SQL Querying for Beginners,Data entry software,0.48325756192207336,3.0,0.44659664343143335,1,v3
793,Microsoft Office Suite Productivity Boost,Microsoft Office software,0.7261216044425964,4.470012239902081,0.7152051094650734,2,v3
793,Continuous Learning Strategies,Active Learning,0.8114772439002991,3.121824175824176,0.7540075583535824,3,v3
796,Enterprise Resource Planning with SAP,SAP Adaptive Server Enterprise,0.7143436670303345,3.0,0.6601520784969988,1,v3
796,Email Management with Microsoft Outlook,Microsoft Outlook,0.7693076729774475,4.2912772585669785,0.7520521737704767,2,v3
796,Speed Reading and Comprehension,Reading Comprehension,0.7913572788238525,3.4906263736263736,0.7473892405110989,3,v3
797,Linux System Administration Basics,Linux,0.644400417804718,4.163934426229508,0.6265509997875156,1,v3
797,IBM Notes Collaboration and Email,IBM Notes,0.7330333590507507,3.0,0.677423931812418,2,v3
797,Business Writing Essentials,Writing,0.5721129179000854,3.193,0.5332802603968259,3,v3
799,FileMaker Pro Database Development,FileMaker Pro,0.8307403922080994,3.0,0.7677187072819678,1,v3
799,Email Management with Microsoft Outlook,Email software,0.5386273264884949,3.0,0.49776594309971256,2,v3
799,Continuous Learning Strategies,Active Learning,0.8114772439002991,3.121824175824176,0.7540075583535824,3,v3
800,C++ Object-Oriented Programming,C++,0.711704671382904,4.218181818181818,0.6935885524749756,1,v3
800,Email Management with Microsoft Outlook,Microsoft Outlook,0.7693076729774475,4.2912772585669785,0.7520521737704767,2,v3
800,Business Writing Essentials,Writing,0.5721129179000854,3.193,0.5332802603968259,3,v3
802,FileMaker Pro Database Development,FileMaker Pro,0.8307403922080994,3.0,0.7677187072819678,1,v3
802,Microsoft Office Suite Productivity Boost,Microsoft Office software,0.7261216044425964,4.470012239902081,0.7152051094650734,2,v3
802,Effective Communication and Active Listening,Active Listening,0.8550388813018799,3.596,0.8112608905792237,3,v3
803,SQL Querying for Beginners,Database software,0.6944124102592468,3.0,0.6417328481016489,1,v3
803,Email Management with Microsoft Outlook,Microsoft Outlook,0.7693076729774475,4.2912772585669785,0.7520521737704767,2,v3
803,Critical Thinking and Analytical Problem Solving,Critical Thinking,0.8358204960823059,3.517912087912088,0.7903257634793326,3,v3
804,Linux System Administration Basics,Linux,0.644400417804718,4.163934426229508,0.6265509997875156,1,v3
804,Professional Document Creation in Microsoft Word,Microsoft Word,0.6755681037902832,4.103316326530612,0.6551608125480609,2,v3
804,Critical Thinking and Analytical Problem Solving,Critical Thinking,0.8358204960823059,3.517912087912088,0.7903257634793326,3,v3
805,SQL Querying for Beginners,Salesforce software,0.45659494400024414,4.204545454545454,0.4447148874635607,1,v3
805,Microsoft Office Suite Productivity Boost,Microsoft Office software,0.7261216044425964,4.470012239902081,0.7152051094650734,2,v3
805,Critical Thinking and Analytical Problem Solving,Critical Thinking,0.8358204960823059,3.517912087912088,0.7903257634793326,3,v3
806,Enterprise Resource Planning with SAP,SAP software,0.7140014171600342,4.11660777385159,0.6928258420489397,1,v3
806,Advanced Microsoft Excel Masterclass,Microsoft Excel,0.6717683672904968,4.39464493597206,0.6595740091479589,2,v3
806,Performance Monitoring and Quality Assurance,Monitoring,0.6809203624725342,3.3096043956043952,0.6379877530688813,3,v3
807,SQL Querying for Beginners,Database software,0.6944124102592468,3.0,0.6417328481016489,1,v3
807,Email Management with Microsoft Outlook,Microsoft Outlook,0.7693076729774475,4.2912772585669785,0.7520521737704767,2,v3
807,Effective Communication and Active Listening,Active Listening,0.8550388813018799,3.596,0.8112608905792237,3,v3
808,Enterprise Resource Planning with SAP,SAP software,0.7140014171600342,4.11660777385159,0.6928258420489397,1,v3
808,Email Management with Microsoft Outlook,Microsoft Outlook,0.7693076729774475,4.2912772585669785,0.7520521737704767,2,v3
808,Continuous Learning Strategies,Active Learning,0.8114772439002991,3.121824175824176,0.7540075583535824,3,v3
809,Enterprise Resource Planning with SAP,SAP software,0.7140014171600342,4.11660777385159,0.6928258420489397,1,v3
809,IBM Notes Collaboration and Email,IBM Notes,0.7330333590507507,3.0,0.677423931812418,2,v3
809,Effective Communication and Active Listening,Active Listening,0.8550388813018799,3.596,0.8112608905792237,3,v3
811,SQL Querying for Beginners,Database software,0.6944124102592468,3.0,0.6417328481016489,1,v3
811,IBM Notes Collaboration and Email,IBM Notes,0.7330333590507507,3.0,0.677423931812418,2,v3
811,Effective Communication and Active Listening,Active Listening,0.8550388813018799,3.596,0.8112608905792237,3,v3
812,Email Management with Microsoft Outlook,Microsoft Outlook,0.7693076729774475,4.2912772585669785,0.7520521737704767,1,v3
812,Effective Communication and Active Listening,Active Listening,0.8550388813018799,3.596,0.8112608905792237,2,v3
812,Critical Thinking and Analytical Problem Solving,Critical Thinking,0.8358204960823059,3.517912087912088,0.7903257634793326,3,v3
813,SQL Querying for Beginners,Database software,0.6944124102592468,3.0,0.6417328481016489,1,v3
813,Email Management with Microsoft Outlook,Microsoft Outlook,0.7693076729774475,4.2912772585669785,0.7520521737704767,2,v3
813,Public Speaking and Presentation Skills,Speaking,0.48659005761146545,3.536846153846154,0.46048559810694717,3,v3
815,SQL Querying for Beginners,Structured query language SQL,0.5648560523986816,4.264900662251655,0.5515698744135106,1,v3
815,Professional Document Creation in Microsoft Word,Microsoft Word,0.6755681037902832,4.103316326530612,0.6551608125480609,2,v3
815,Speed Reading and Comprehension,Reading Comprehension,0.7913572788238525,3.4906263736263736,0.7473892405110989,3,v3
816,FileMaker Pro Database Development,FileMaker Pro,0.8307403922080994,3.0,0.7677187072819678,1,v3
816,Email Management with Microsoft Outlook,Microsoft Outlook,0.7693076729774475,4.2912772585669785,0.7520521737704767,2,v3
816,Effective Communication and Active Listening,Active Listening,0.8550388813018799,3.596,0.8112608905792237,3,v3
817,Enterprise Resource Planning with SAP,SAP software,0.7140014171600342,4.11660777385159,0.6928258420489397,1,v3
817,Microsoft Office Suite Productivity Boost,Microsoft Office software,0.7261216044425964,4.470012239902081,0.7152051094650734,2,v3
817,Continuous Learning Strategies,Active Learning,0.8114772439002991,3.121824175824176,0.7540075583535824,3,v3
819,C++ Object-Oriented Programming,C++,0.711704671382904,4.218181818181818,0.6935885524749756,1,v3
819,Microsoft Office Suite Productivity Boost,Microsoft Office software,0.7261216044425964,4.470012239902081,0.7152051094650734,2,v3
819,Effective Communication and Active Listening,Active Listening,0.8550388813018799,3.596,0.8112608905792237,3,v3
820,SQL Querying for Beginners,Database software,0.6944124102592468,3.0,0.6417328481016489,1,v3
820,Email Management with Microsoft Outlook,Microsoft Outlook,0.7693076729774475,4.2912772585669785,0.7520521737704767,2,v3
820,Critical Thinking and Analytical Problem Solving,Critical Thinking,0.8358204960823059,3.517912087912088,0.7903257634793326,3,v3
823,FileMaker Pro Database Development,FileMaker Pro,0.8307403922080994,3.0,0.7677187072819678,1,v3
823,IBM Notes Collaboration and Email,IBM Notes,0.7330333590507507,3.0,0.677423931812418,2,v3
823,Effective Communication and Active Listening,Active Listening,0.8550388813018799,3.596,0.8112608905792237,3,v3
824,Linux System Administration Basics,Linux,0.644400417804718,4.163934426229508,0.6265509997875156,1,v3
824,Microsoft Office Suite Productivity Boost,Microsoft Office software,0.7261216044425964,4.470012239902081,0.7152051094650734,2,v3
824,Effective Communication and Active Listening,Active Listening,0.8550388813018799,3.596,0.8112608905792237,3,v3
825,Enterprise Resource Planning with SAP,SAP software,0.7140014171600342,4.11660777385159,0.6928258420489397,1,v3
825,Advanced Microsoft Excel Masterclass,Microsoft Excel,0.6717683672904968,4.39464493597206,0.6595740091479589,2,v3
825,Effective Communication and Active Listening,Active Listening,0.8550388813018799,3.596,0.8112608905792237,3,v3
826,Linux System Administration Basics,Linux,0.644400417804718,4.163934426229508,0.6265509997875156,1,v3
826,Microsoft Office Suite Productivity Boost,Microsoft Office software,0.7261216044425964,4.470012239902081,0.7152051094650734,2,v3
826,Effective Communication and Active Listening,Active Listening,0.8550388813018799,3.596,0.8112608905792237,3,v3
827,FileMaker Pro Database Development,FileMaker Pro,0.8307403922080994,3.0,0.7677187072819678,1,v3
827,IBM Notes Collaboration and Email,IBM Notes,0.7330333590507507,3.0,0.677423931812418,2,v3
827,Critical Thinking and Analytical Problem Solving,Critical Thinking,0.8358204960823059,3.517912087912088,0.7903257634793326,3,v3
828,SQL Querying for Beginners,Database software,0.6944124102592468,3.0,0.6417328481016489,1,v3
828,Microsoft Office Suite Productivity Boost,Microsoft Office software,0.7261216044425964,4.470012239902081,0.7152051094650734,2,v3
828,Effective Communication and Active Listening,Active Listening,0.8550388813018799,3.596,0.8112608905792237,3,v3
829,SQL Querying for Beginners,Database software,0.6944124102592468,3.0,0.6417328481016489,1,v3
829,Email Management with Microsoft Outlook,Microsoft Outlook,0.7693076729774475,4.2912772585669785,0.7520521737704767,2,v3
829,Effective Communication and Active Listening,Active Listening,0.8550388813018799,3.596,0.8112608905792237,3,v3
830,FileMaker Pro Database Development,FileMaker Pro,0.8307403922080994,3.0,0.7677187072819678,1,v3
830,Email Management with Microsoft Outlook,Microsoft Outlook,0.7693076729774475,4.2912772585669785,0.7520521737704767,2,v3
830,Effective Communication and Active Listening,Active Listening,0.8550388813018799,3.596,0.8112608905792237,3,v3
832,Enterprise Resource Planning with SAP,SAP software,0.7140014171600342,4.11660777385159,0.6928258420489397,1,v3
832,Professional Document Creation in Microsoft Word,Microsoft Word,0.6755681037902832,4.103316326530612,0.6551608125480609,2,v3
832,Effective Communication and Active Listening,Active Listening,0.8550388813018799,3.596,0.8112608905792237,3,v3
833,FileMaker Pro Database Development,FileMaker Pro,0.8307403922080994,3.0,0.7677187072819678,1,v3
833,Microsoft Office Suite Productivity Boost,Microsoft Office software,0.7261216044425964,4.470012239902081,0.7152051094650734,2,v3
833,Effective Communication and Active Listening,Active Listening,0.8550388813018799,3.596,0.8112608905792237,3,v3
834,Designing High-Impact PowerPoint Presentations,Microsoft PowerPoint,0.6504054069519043,4.3116057233704295,0.6363639810839333,1,v3
834,Advanced Microsoft Excel Masterclass,Microsoft Excel,0.6717683672904968,4.39464493597206,0.6595740091479589,2,v3
834,Critical Thinking and Analytical Problem Solving,Critical Thinking,0.8358204960823059,3.517912087912088,0.7903257634793326,3,v3
836,FileMaker Pro Database Development,FileMaker Pro,0.8307403922080994,3.0,0.7677187072819678,1,v3
836,Microsoft Office Suite Productivity Boost,Microsoft Office software,0.7261216044425964,4.470012239902081,0.7152051094650734,2,v3
836,Speed Reading and Comprehension,Reading Comprehension,0.7913572788238525,3.4906263736263736,0.7473892405110989,3,v3
837,Microsoft Office Suite Productivity Boost,Microsoft Office software,0.7261216044425964,4.470012239902081,0.7152051094650734,1,v3
837,Effective Communication and Active Listening,Active Listening,0.8550388813018799,3.596,0.8112608905792237,2,v3
837,Critical Thinking and Analytical Problem Solving,Critical Thinking,0.8358204960823059,3.517912087912088,0.7903257634793326,3,v3
838,FileMaker Pro Database Development,FileMaker Pro,0.8307403922080994,3.0,0.7677187072819678,1,v3
838,Email Management with Microsoft Outlook,Microsoft Exchange,0.538519561290741,3.0,0.4976663531928227,2,v3
838,Effective Communication and Active Listening,Active Listening,0.8550388813018799,3.596,0.8112608905792237,3,v3
840,C++ Object-Oriented Programming,C++,0.711704671382904,4.218181818181818,0.6935885524749756,1,v3
840,Microsoft Office Suite Productivity Boost,Microsoft Azure software,0.4527742862701416,4.479166666666667,0.4461388010403206,2,v3
840,Effective Communication and Active Listening,Active Listening,0.8550388813018799,3.596,0.8112608905792237,3,v3
842,Enterprise Resource Planning with SAP,SAP software,0.7140014171600342,4.11660777385159,0.6928258420489397,1,v3
842,Professional Document Creation in Microsoft Word,Microsoft Word,0.6755681037902832,4.103316326530612,0.6551608125480609,2,v3
842,Speed Reading and Comprehension,Reading Comprehension,0.7913572788238525,3.4906263736263736,0.7473892405110989,3,v3
843,Enterprise Resource Planning with SAP,SAP software,0.7140014171600342,4.11660777385159,0.6928258420489397,1,v3
843,Email Management with Microsoft Outlook,Microsoft Outlook,0.7693076729774475,4.2912772585669785,0.7520521737704767,2,v3
843,Speed Reading and Comprehension,Reading Comprehension,0.7913572788238525,3.4906263736263736,0.7473892405110989,3,v3
844,SQL Querying for Beginners,Structured query language SQL,0.5648560523986816,4.264900662251655,0.5515698744135106,1,v3
844,Microsoft Office Suite Productivity Boost,Microsoft Office software,0.7261216044425964,4.470012239902081,0.7152051094650734,2,v3
844,Effective Communication and Active Listening,Active Listening,0.8550388813018799,3.596,0.8112608905792237,3,v3
845,FileMaker Pro Database Development,FileMaker Pro,0.8307403922080994,3.0,0.7677187072819678,1,v3
845,IBM Notes Collaboration and Email,IBM Notes,0.7330333590507507,3.0,0.677423931812418,2,v3
845,Continuous Learning Strategies,Active Learning,0.8114772439002991,3.121824175824176,0.7540075583535824,3,v3
846,JavaScript Web Development Essentials,JavaScript,0.6920572519302368,4.154761904761905,0.6726251024918016,1,v3
846,Email Management with Microsoft Outlook,Microsoft Outlook,0.7693076729774475,4.2912772585669785,0.7520521737704767,2,v3
846,Continuous Learning Strategies,Active Learning,0.8114772439002991,3.121824175824176,0.7540075583535824,3,v3
847,FileMaker Pro Database Development,FileMaker Pro,0.8307403922080994,3.0,0.7677187072819678,1,v3
847,Microsoft Office Suite Productivity Boost,Microsoft Office software,0.7261216044425964,4.470012239902081,0.7152051094650734,2,v3
847,Effective Communication and Active Listening,Active Listening,0.8550388813018799,3.596,0.8112608905792237,3,v3
848,Email Management with Microsoft Outlook,Microsoft Exchange,0.538519561290741,3.0,0.4976663531928227,1,v3
848,Speed Reading and Comprehension,Reading Comprehension,0.7913572788238525,3.4906263736263736,0.7473892405110989,2,v3
848,Essential Mathematics for Business,Mathematics,0.727954089641571,2.55278021978022,0.6592587255454687,3,v3
850,FileMaker Pro Database Development,FileMaker Pro,0.8307403922080994,3.0,0.7677187072819678,1,v3
850,Professional Document Creation in Microsoft Word,Microsoft Word,0.6755681037902832,4.103316326530612,0.6551608125480609,2,v3
850,Effective Communication and Active Listening,Active Listening,0.8550388813018799,3.596,0.8112608905792237,3,v3
851,FileMaker Pro Database Development,FileMaker Pro,0.8307403922080994,3.0,0.7677187072819678,1,v3
851,IBM Notes Collaboration and Email,IBM Notes,0.7330333590507507,3.0,0.677423931812418,2,v3
851,Continuous Learning Strategies,Active Learning,0.8114772439002991,3.121824175824176,0.7540075583535824,3,v3
852,SQL Querying for Beginners,Database software,0.6944124102592468,3.0,0.6417328481016489,1,v3
852,Microsoft Office Suite Productivity Boost,Microsoft Office software,0.7261216044425964,4.470012239902081,0.7152051094650734,2,v3
852,Effective Communication and Active Listening,Active Listening,0.8550388813018799,3.596,0.8112608905792237,3,v3
854,Designing High-Impact PowerPoint Presentations,Microsoft PowerPoint,0.6504054069519043,4.3116057233704295,0.6363639810839333,1,v3
854,Microsoft Office Suite Productivity Boost,Microsoft Office software,0.7261216044425964,4.470012239902081,0.7152051094650734,2,v3
854,Critical Thinking and Analytical Problem Solving,Critical Thinking,0.8358204960823059,3.517912087912088,0.7903257634793326,3,v3
855,C++ Object-Oriented Programming,C++,0.711704671382904,4.218181818181818,0.6935885524749756,1,v3
855,Microsoft Office Suite Productivity Boost,Microsoft Office software,0.7261216044425964,4.470012239902081,0.7152051094650734,2,v3
855,Critical Thinking and Analytical Problem Solving,Critical Thinking,0.8358204960823059,3.517912087912088,0.7903257634793326,3,v3
856,SQL Querying for Beginners,Database software,0.6944124102592468,3.0,0.6417328481016489,1,v3
856,Microsoft Office Suite Productivity Boost,Microsoft Office software,0.7261216044425964,4.470012239902081,0.7152051094650734,2,v3
856,Effective Communication and Active Listening,Active Listening,0.8550388813018799,3.596,0.8112608905792237,3,v3
857,C++ Object-Oriented Programming,C++,0.711704671382904,4.218181818181818,0.6935885524749756,1,v3
857,IBM Notes Collaboration and Email,IBM Domino,0.4194461703300476,3.0,0.3876261160291475,2,v3
857,Continuous Learning Strategies,Active Learning,0.8114772439002991,3.121824175824176,0.7540075583535824,3,v3
859,Enterprise Resource Planning with SAP,SAP software,0.7140014171600342,4.11660777385159,0.6928258420489397,1,v3
859,Email Management with Microsoft Outlook,Microsoft Outlook,0.7693076729774475,4.2912772585669785,0.7520521737704767,2,v3
859,Effective Communication and Active Listening,Active Listening,0.8550388813018799,3.596,0.8112608905792237,3,v3
861,FileMaker Pro Database Development,FileMaker Pro,0.8307403922080994,3.0,0.7677187072819678,1,v3
861,Microsoft Office Suite Productivity Boost,Microsoft Office software,0.7261216044425964,4.470012239902081,0.7152051094650734,2,v3
861,Speed Reading and Comprehension,Reading Comprehension,0.7913572788238525,3.4906263736263736,0.7473892405110989,3,v3
862,C++ Object-Oriented Programming,C++,0.711704671382904,4.218181818181818,0.6935885524749756,1,v3
862,Email Management with Microsoft Outlook,Microsoft Outlook,0.7693076729774475,4.2912772585669785,0.7520521737704767,2,v3
862,Critical Thinking and Analytical Problem Solving,Critical Thinking,0.8358204960823059,3.517912087912088,0.7903257634793326,3,v3
864,C++ Object-Oriented Programming,C++,0.711704671382904,4.218181818181818,0.6935885524749756,1,v3
864,Email Management with Microsoft Outlook,Microsoft Outlook,0.7693076729774475,4.2912772585669785,0.7520521737704767,2,v3
864,Effective Communication and Active Listening,Active Listening,0.8550388813018799,3.596,0.8112608905792237,3,v3
865,Linux System Administration Basics,Linux,0.644400417804718,4.163934426229508,0.6265509997875156,1,v3
865,Advanced Microsoft Excel Masterclass,Microsoft Excel,0.6717683672904968,4.39464493597206,0.6595740091479589,2,v3
865,Critical Thinking and Analytical Problem Solving,Critical Thinking,0.8358204960823059,3.517912087912088,0.7903257634793326,3,v3
867,Enterprise Resource Planning with SAP,Oracle JD Edwards EnterpriseOne,0.4139999449253082,3.0,0.3825930525516642,1,v3
867,Professional Document Creation in Microsoft Word,Microsoft Word,0.6755681037902832,4.103316326530612,0.6551608125480609,2,v3
867,Critical Thinking and Analytical Problem Solving,Critical Thinking,0.8358204960823059,3.517912087912088,0.7903257634793326,3,v3
868,C++ Object-Oriented Programming,C++,0.711704671382904,4.218181818181818,0.6935885524749756,1,v3
868,Email Management with Microsoft Outlook,Microsoft Outlook,0.7693076729774475,4.2912772585669785,0.7520521737704767,2,v3
868,Critical Thinking and Analytical Problem Solving,Critical Thinking,0.8358204960823059,3.517912087912088,0.7903257634793326,3,v3
869,FileMaker Pro Database Development,FileMaker Pro,0.8307403922080994,3.0,0.7677187072819678,1,v3
869,Microsoft Office Suite Productivity Boost,Microsoft Office software,0.7261216044425964,4.470012239902081,0.7152051094650734,2,v3
869,Effective Communication and Active Listening,Active Listening,0.8550388813018799,3.596,0.8112608905792237,3,v3
872,FileMaker Pro Database Development,FileMaker Pro,0.8307403922080994,3.0,0.7677187072819678,1,v3
872,IBM Notes Collaboration and Email,IBM Notes,0.7330333590507507,3.0,0.677423931812418,2,v3
872,Critical Thinking and Analytical Problem Solving,Critical Thinking,0.8358204960823059,3.517912087912088,0.7903257634793326,3,v3
874,SQL Querying for Beginners,Database software,0.6944124102592468,3.0,0.6417328481016489,1,v3
874,Email Management with Microsoft Outlook,Microsoft Outlook,0.7693076729774475,4.2912772585669785,0.7520521737704767,2,v3
874,Continuous Learning Strategies,Active Learning,0.8114772439002991,3.121824175824176,0.7540075583535824,3,v3
875,SQL Querying for Beginners,Database software,0.6944124102592468,3.0,0.6417328481016489,1,v3
875,Microsoft Office Suite Productivity Boost,Microsoft Office software,0.7261216044425964,4.470012239902081,0.7152051094650734,2,v3
875,Effective Communication and Active Listening,Active Listening,0.8550388813018799,3.596,0.8112608905792237,3,v3
878,Enterprise Resource Planning with SAP,SAP software,0.7140014171600342,4.11660777385159,0.6928258420489397,1,v3
878,Email Management with Microsoft Outlook,Microsoft Outlook,0.7693076729774475,4.2912772585669785,0.7520521737704767,2,v3
878,Effective Communication and Active Listening,Active Listening,0.8550388813018799,3.596,0.8112608905792237,3,v3
879,Enterprise Resource Planning with SAP,SAP software,0.7140014171600342,4.11660777385159,0.6928258420489397,1,v3
879,Email Management with Microsoft Outlook,Microsoft Outlook,0.7693076729774475,4.2912772585669785,0.7520521737704767,2,v3
879,Speed Reading and Comprehension,Reading Comprehension,0.7913572788238525,3.4906263736263736,0.7473892405110989,3,v3
880,Enterprise Resource Planning with SAP,Financial planning software,0.3956924080848694,3.0,0.3656743633336035,1,v3
880,Microsoft Office Suite Productivity Boost,Microsoft Office software,0.7261216044425964,4.470012239902081,0.7152051094650734,2,v3
880,Critical Thinking and Analytical Problem Solving,Critical Thinking,0.8358204960823059,3.517912087912088,0.7903257634793326,3,v3
881,Designing High-Impact PowerPoint Presentations,Microsoft PowerPoint,0.6504054069519043,4.3116057233704295,0.6363639810839333,1,v3
881,IBM Notes Collaboration and Email,IBM Notes,0.7330333590507507,3.0,0.677423931812418,2,v3
881,Critical Thinking and Analytical Problem Solving,Critical Thinking,0.8358204960823059,3.517912087912088,0.7903257634793326,3,v3
882,SQL Querying for Beginners,Data entry software,0.48325756192207336,3.0,0.44659664343143335,1,v3
882,IBM Notes Collaboration and Email,IBM Notes,0.7330333590507507,3.0,0.677423931812418,2,v3
882,Effective Communication and Active Listening,Active Listening,0.8550388813018799,3.596,0.8112608905792237,3,v3
885,C++ Object-Oriented Programming,C++,0.711704671382904,4.218181818181818,0.6935885524749756,1,v3
885,Microsoft Office Suite Productivity Boost,Microsoft Office software,0.7261216044425964,4.470012239902081,0.7152051094650734,2,v3
885,Effective Communication and Active Listening,Active Listening,0.8550388813018799,3.596,0.8112608905792237,3,v3
887,Designing High-Impact PowerPoint Presentations,Microsoft PowerPoint,0.6504054069519043,4.3116057233704295,0.6363639810839333,1,v3
887,Microsoft Office Suite Productivity Boost,Microsoft Office software,0.7261216044425964,4.470012239902081,0.7152051094650734,2,v3
887,Effective Communication and Active Listening,Active Listening,0.8550388813018799,3.596,0.8112608905792237,3,v3
888,FileMaker Pro Database Development,FileMaker Pro,0.8307403922080994,3.0,0.7677187072819678,1,v3
888,Email Management with Microsoft Outlook,Microsoft Outlook,0.7693076729774475,4.2912772585669785,0.7520521737704767,2,v3
888,Effective Communication and Active Listening,Active Listening,0.8550388813018799,3.596,0.8112608905792237,3,v3
889,Designing High-Impact PowerPoint Presentations,Microsoft PowerPoint,0.6504054069519043,4.3116057233704295,0.6363639810839333,1,v3
889,Advanced Microsoft Excel Masterclass,Microsoft Excel,0.6717683672904968,4.39464493597206,0.6595740091479589,2,v3
889,Critical Thinking and Analytical Problem Solving,Critical Thinking,0.8358204960823059,3.517912087912088,0.7903257634793326,3,v3
893,Email Management with Microsoft Outlook,Microsoft Outlook,0.7693076729774475,4.2912772585669785,0.7520521737704767,1,v3
893,Speed Reading and Comprehension,Reading Comprehension,0.7913572788238525,3.4906263736263736,0.7473892405110989,2,v3
893,Microsoft Office Suite Productivity Boost,Microsoft Office software,0.7261216044425964,4.470012239902081,0.7152051094650734,3,v3
894,FileMaker Pro Database Development,FileMaker Pro,0.8307403922080994,3.0,0.7677187072819678,1,v3
894,Microsoft Office Suite Productivity Boost,Microsoft Office software,0.7261216044425964,4.470012239902081,0.7152051094650734,2,v3
894,Effective Communication and Active Listening,Active Listening,0.8550388813018799,3.596,0.8112608905792237,3,v3
895,SQL Querying for Beginners,Database software,0.6944124102592468,3.0,0.6417328481016489,1,v3
895,Microsoft Office Suite Productivity Boost,Microsoft Office software,0.7261216044425964,4.470012239902081,0.7152051094650734,2,v3
895,Continuous Learning Strategies,Active Learning,0.8114772439002991,3.121824175824176,0.7540075583535824,3,v3
896,Designing High-Impact PowerPoint Presentations,Microsoft PowerPoint,0.6504054069519043,4.3116057233704295,0.6363639810839333,1,v3
896,Microsoft Office Suite Productivity Boost,Microsoft Office software,0.7261216044425964,4.470012239902081,0.7152051094650734,2,v3
896,Effective Communication and Active Listening,Active Listening,0.8550388813018799,3.596,0.8112608905792237,3,v3
897,Enterprise Resource Planning with SAP,SAP software,0.7140014171600342,4.11660777385159,0.6928258420489397,1,v3
897,Email Management with Microsoft Outlook,Microsoft Outlook,0.7693076729774475,4.2912772585669785,0.7520521737704767,2,v3
897,Critical Thinking and Analytical Problem Solving,Critical Thinking,0.8358204960823059,3.517912087912088,0.7903257634793326,3,v3
899,Designing High-Impact PowerPoint Presentations,Microsoft PowerPoint,0.6504054069519043,4.3116057233704295,0.6363639810839333,1,v3
899,Email Management with Microsoft Outlook,Email software,0.5386273264884949,3.0,0.49776594309971256,2,v3
899,Continuous Learning Strategies,Active Learning,0.8114772439002991,3.121824175824176,0.7540075583535824,3,v3
900,Designing High-Impact PowerPoint Presentations,Microsoft PowerPoint,0.6504054069519043,4.3116057233704295,0.6363639810839333,1,v3
900,Microsoft Office Suite Productivity Boost,Microsoft Office software,0.7261216044425964,4.470012239902081,0.7152051094650734,2,v3
900,Speed Reading and Comprehension,Reading Comprehension,0.7913572788238525,3.4906263736263736,0.7473892405110989,3,v3
901,Designing High-Impact PowerPoint Presentations,Microsoft PowerPoint,0.6504054069519043,4.3116057233704295,0.6363639810839333,1,v3
901,Email Management with Microsoft Outlook,Microsoft Outlook,0.7693076729774475,4.2912772585669785,0.7520521737704767,2,v3
901,Effective Communication and Active Listening,Active Listening,0.8550388813018799,3.596,0.8112608905792237,3,v3
902,SQL Querying for Beginners,Data entry software,0.48325756192207336,3.0,0.44659664343143335,1,v3
902,Microsoft Office Suite Productivity Boost,Microsoft Office software,0.7261216044425964,4.470012239902081,0.7152051094650734,2,v3
902,Continuous Learning Strategies,Active Learning,0.8114772439002991,3.121824175824176,0.7540075583535824,3,v3
903,Enterprise Resource Planning with SAP,SAP software,0.7140014171600342,4.11660777385159,0.6928258420489397,1,v3
903,Microsoft Office Suite Productivity Boost,Microsoft Office software,0.7261216044425964,4.470012239902081,0.7152051094650734,2,v3
903,Effective Communication and Active Listening,Active Listening,0.8550388813018799,3.596,0.8112608905792237,3,v3
904,Enterprise Resource Planning with SAP,SAP software,0.7140014171600342,4.11660777385159,0.6928258420489397,1,v3
904,Microsoft Office Suite Productivity Boost,Microsoft Office software,0.7261216044425964,4.470012239902081,0.7152051094650734,2,v3
904,Continuous Learning Strategies,Active Learning,0.8114772439002991,3.121824175824176,0.7540075583535824,3,v3
905,FileMaker Pro Database Development,FileMaker Pro,0.8307403922080994,3.0,0.7677187072819678,1,v3
905,Email Management with Microsoft Outlook,Microsoft Outlook,0.7693076729774475,4.2912772585669785,0.7520521737704767,2,v3
905,Effective Communication and Active Listening,Active Listening,0.8550388813018799,3.596,0.8112608905792237,3,v3
909,SQL Querying for Beginners,Database software,0.6944124102592468,3.0,0.6417328481016489,1,v3
909,Email Management with Microsoft Outlook,Microsoft Outlook,0.7693076729774475,4.2912772585669785,0.7520521737704767,2,v3
909,Critical Thinking and Analytical Problem Solving,Critical Thinking,0.8358204960823059,3.517912087912088,0.7903257634793326,3,v3
910,Designing High-Impact PowerPoint Presentations,Microsoft PowerPoint,0.6504054069519043,4.3116057233704295,0.6363639810839333,1,v3
910,Microsoft Office Suite Productivity Boost,Microsoft Office software,0.7261216044425964,4.470012239902081,0.7152051094650734,2,v3
910,Critical Thinking and Analytical Problem Solving,Critical Thinking,0.8358204960823059,3.517912087912088,0.7903257634793326,3,v3
911,FileMaker Pro Database Development,FileMaker Pro,0.8307403922080994,3.0,0.7677187072819678,1,v3
911,Email Management with Microsoft Outlook,Microsoft Outlook,0.7693076729774475,4.2912772585669785,0.7520521737704767,2,v3
911,Continuous Learning Strategies,Active Learning,0.8114772439002991,3.121824175824176,0.7540075583535824,3,v3
912,SQL Querying for Beginners,Database software,0.6944124102592468,3.0,0.6417328481016489,1,v3
912,Email Management with Microsoft Outlook,Microsoft Outlook,0.7693076729774475,4.2912772585669785,0.7520521737704767,2,v3
912,Critical Thinking and Analytical Problem Solving,Critical Thinking,0.8358204960823059,3.517912087912088,0.7903257634793326,3,v3
913,Linux System Administration Basics,UNIX,0.4989496171474457,4.056179775280899,0.4829043563093063,1,v3
913,Advanced Microsoft Excel Masterclass,Microsoft Excel,0.6717683672904968,4.39464493597206,0.6595740091479589,2,v3
913,Critical Thinking and Analytical Problem Solving,Critical Thinking,0.8358204960823059,3.517912087912088,0.7903257634793326,3,v3
916,Enterprise Resource Planning with SAP,SAP software,0.7140014171600342,4.11660777385159,0.6928258420489397,1,v3
916,Email Management with Microsoft Outlook,Microsoft Exchange,0.538519561290741,3.0,0.4976663531928227,2,v3
916,Critical Thinking and Analytical Problem Solving,Critical Thinking,0.8358204960823059,3.517912087912088,0.7903257634793326,3,v3
918,FileMaker Pro Database Development,FileMaker Pro,0.8307403922080994,3.0,0.7677187072819678,1,v3
918,Advanced Microsoft Excel Masterclass,Microsoft Excel,0.6717683672904968,4.39464493597206,0.6595740091479589,2,v3
918,Critical Thinking and Analytical Problem Solving,Critical Thinking,0.8358204960823059,3.517912087912088,0.7903257634793326,3,v3
920,FileMaker Pro Database Development,FileMaker Pro,0.8307403922080994,3.0,0.7677187072819678,1,v3
920,Email Management with Microsoft Outlook,Microsoft Outlook,0.7693076729774475,4.2912772585669785,0.7520521737704767,2,v3
920,Continuous Learning Strategies,Active Learning,0.8114772439002991,3.121824175824176,0.7540075583535824,3,v3
922,SQL Querying for Beginners,Salesforce software,0.45659494400024414,4.204545454545454,0.4447148874635607,1,v3
922,Email Management with Microsoft Outlook,Microsoft Outlook,0.7693076729774475,4.2912772585669785,0.7520521737704767,2,v3
922,Effective Communication and Active Listening,Active Listening,0.8550388813018799,3.596,0.8112608905792237,3,v3
923,Linux System Administration Basics,Linux,0.644400417804718,4.163934426229508,0.6265509997875156,1,v3
923,Professional Document Creation in Microsoft Word,Microsoft Word,0.6755681037902832,4.103316326530612,0.6551608125480609,2,v3
923,Continuous Learning Strategies,Active Learning,0.8114772439002991,3.121824175824176,0.7540075583535824,3,v3
924,SQL Querying for Beginners,Data entry software,0.48325756192207336,3.0,0.44659664343143335,1,v3
924,Microsoft Office Suite Productivity Boost,Microsoft Office software,0.7261216044425964,4.470012239902081,0.7152051094650734,2,v3
924,Effective Communication and Active Listening,Active Listening,0.8550388813018799,3.596,0.8112608905792237,3,v3
925,SQL Querying for Beginners,Salesforce software,0.45659494400024414,4.204545454545454,0.4447148874635607,1,v3
925,Advanced Microsoft Excel Masterclass,Microsoft Excel,0.6717683672904968,4.39464493597206,0.6595740091479589,2,v3
925,Foundations of Modern Science,Science,0.5557501316070557,1.9307472527472527,0.4890006448641651,3,v3
926,Enterprise Resource Planning with SAP,SAP software,0.7140014171600342,4.11660777385159,0.6928258420489397,1,v3
926,Email Management with Microsoft Outlook,Microsoft Outlook,0.7693076729774475,4.2912772585669785,0.7520521737704767,2,v3
926,Effective Communication and Active Listening,Active Listening,0.8550388813018799,3.596,0.8112608905792237,3,v3
927,FileMaker Pro Database Development,FileMaker Pro,0.8307403922080994,3.0,0.7677187072819678,1,v3
927,Microsoft Office Suite Productivity Boost,Billing software,0.3598935902118683,3.0,0.33259131785096796,2,v3
927,Speed Reading and Comprehension,Reading Comprehension,0.7913572788238525,3.4906263736263736,0.7473892405110989,3,v3
930,SQL Querying for Beginners,Database software,0.6944124102592468,3.0,0.6417328481016489,1,v3
930,Microsoft Office Suite Productivity Boost,Microsoft Office software,0.7261216044425964,4.470012239902081,0.7152051094650734,2,v3
930,Effective Communication and Active Listening,Active Listening,0.8550388813018799,3.596,0.8112608905792237,3,v3
932,SQL Querying for Beginners,Database software,0.6944124102592468,3.0,0.6417328481016489,1,v3
932,IBM Notes Collaboration and Email,IBM Notes,0.7330333590507507,3.0,0.677423931812418,2,v3
932,Effective Learning and Study Strategies,Learning Strategies,0.7836461663246155,2.7872087912087915,0.7172970220518456,3,v3
933,FileMaker Pro Database Development,FileMaker Pro,0.8307403922080994,3.0,0.7677187072819678,1,v3
933,IBM Notes Collaboration and Email,IBM Notes,0.7330333590507507,3.0,0.677423931812418,2,v3
933,Critical Thinking and Analytical Problem Solving,Critical Thinking,0.8358204960823059,3.517912087912088,0.7903257634793326,3,v3
934,SQL Querying for Beginners,Database software,0.6944124102592468,3.0,0.6417328481016489,1,v3
934,Email Management with Microsoft Outlook,Microsoft Outlook,0.7693076729774475,4.2912772585669785,0.7520521737704767,2,v3
934,Critical Thinking and Analytical Problem Solving,Critical Thinking,0.8358204960823059,3.517912087912088,0.7903257634793326,3,v3
936,Linux System Administration Basics,Linux,0.644400417804718,4.163934426229508,0.6265509997875156,1,v3
936,Microsoft Office Suite Productivity Boost,Microsoft Office software,0.7261216044425964,4.470012239902081,0.7152051094650734,2,v3
936,Effective Communication and Active Listening,Active Listening,0.8550388813018799,3.596,0.8112608905792237,3,v3
939,Designing High-Impact PowerPoint Presentations,Microsoft PowerPoint,0.6504054069519043,4.3116057233704295,0.6363639810839333,1,v3
939,IBM Notes Collaboration and Email,IBM Notes,0.7330333590507507,3.0,0.677423931812418,2,v3
939,Effective Learning and Study Strategies,Learning Strategies,0.7836461663246155,2.7872087912087915,0.7172970220518456,3,v3
940,SQL Querying for Beginners,Data entry software,0.48325756192207336,3.0,0.44659664343143335,1,v3
940,Email Management with Microsoft Outlook,Microsoft Outlook,0.7693076729774475,4.2912772585669785,0.7520521737704767,2,v3
940,Effective Learning and Study Strategies,Learning Strategies,0.7836461663246155,2.7872087912087915,0.7172970220518456,3,v3
941,Enterprise Resource Planning with SAP,Enterprise application integration EAI software,0.4598567485809326,3.1333333333333333,0.42750820488765323,1,v3
941,Professional Document Creation in Microsoft Word,Microsoft Word,0.6755681037902832,4.103316326530612,0.6551608125480609,2,v3
941,Critical Thinking and Analytical Problem Solving,Critical Thinking,0.8358204960823059,3.517912087912088,0.7903257634793326,3,v3
942,Designing High-Impact PowerPoint Presentations,Microsoft PowerPoint,0.6504054069519043,4.3116057233704295,0.6363639810839333,1,v3
942,Email Management with Microsoft Outlook,Microsoft Outlook,0.7693076729774475,4.2912772585669785,0.7520521737704767,2,v3
942,Effective Communication and Active Listening,Active Listening,0.8550388813018799,3.596,0.8112608905792237,3,v3
944,FileMaker Pro Database Development,FileMaker Pro,0.8307403922080994,3.0,0.7677187072819678,1,v3
944,Email Management with Microsoft Outlook,Microsoft Outlook,0.7693076729774475,4.2912772585669785,0.7520521737704767,2,v3
944,Critical Thinking and Analytical Problem Solving,Critical Thinking,0.8358204960823059,3.517912087912088,0.7903257634793326,3,v3
945,Designing High-Impact PowerPoint Presentations,Microsoft PowerPoint,0.6504054069519043,4.3116057233704295,0.6363639810839333,1,v3
945,Microsoft Office Suite Productivity Boost,Microsoft Office software,0.7261216044425964,4.470012239902081,0.7152051094650734,2,v3
945,Effective Communication and Active Listening,Active Listening,0.8550388813018799,3.596,0.8112608905792237,3,v3
947,Enterprise Resource Planning with SAP,SAP Adaptive Server Enterprise,0.7143436670303345,3.0,0.6601520784969988,1,v3
947,Email Management with Microsoft Outlook,Microsoft Outlook,0.7693076729774475,4.2912772585669785,0.7520521737704767,2,v3
947,Continuous Learning Strategies,Active Learning,0.8114772439002991,3.121824175824176,0.7540075583535824,3,v3
949,Designing High-Impact PowerPoint Presentations,Microsoft PowerPoint,0.6504054069519043,4.3116057233704295,0.6363639810839333,1,v3
949,Microsoft Office Suite Productivity Boost,Microsoft Office software,0.7261216044425964,4.470012239902081,0.7152051094650734,2,v3
949,Continuous Learning Strategies,Active Learning,0.8114772439002991,3.121824175824176,0.7540075583535824,3,v3
950,Enterprise Resource Planning with SAP,SAP software,0.7140014171600342,4.11660777385159,0.6928258420489397,1,v3
950,Microsoft Office Suite Productivity Boost,Microsoft Office software,0.7261216044425964,4.470012239902081,0.7152051094650734,2,v3
950,Continuous Learning Strategies,Active Learning,0.8114772439002991,3.121824175824176,0.7540075583535824,3,v3
951,SQL Querying for Beginners,Database software,0.6944124102592468,3.0,0.6417328481016489,1,v3
951,Email Management with Microsoft Outlook,Microsoft Outlook,0.7693076729774475,4.2912772585669785,0.7520521737704767,2,v3
951,Statistical Quality Control and Analysis,Quality control software,0.7494341135025024,3.0,0.6925804910988643,3,v3
952,Enterprise Resource Planning with SAP,Enterprise application integration EAI software,0.4598567485809326,3.1333333333333333,0.42750820488765323,1,v3
952,Email Management with Microsoft Outlook,Microsoft Outlook,0.7693076729774475,4.2912772585669785,0.7520521737704767,2,v3
952,Continuous Learning Strategies,Active Learning,0.8114772439002991,3.121824175824176,0.7540075583535824,3,v3
954,Enterprise Resource Planning with SAP,SAP Adaptive Server Enterprise,0.7143436670303345,3.0,0.6601520784969988,1,v3
954,Email Management with Microsoft Outlook,Microsoft Outlook,0.7693076729774475,4.2912772585669785,0.7520521737704767,2,v3
954,Effective Communication and Active Listening,Active Listening,0.8550388813018799,3.596,0.8112608905792237,3,v3
956,C++ Object-Oriented Programming,C++,0.711704671382904,4.218181818181818,0.6935885524749756,1,v3
956,Email Management with Microsoft Outlook,Microsoft Outlook,0.7693076729774475,4.2912772585669785,0.7520521737704767,2,v3
956,Critical Thinking and Analytical Problem Solving,Critical Thinking,0.8358204960823059,3.517912087912088,0.7903257634793326,3,v3
957,Designing High-Impact PowerPoint Presentations,Microsoft PowerPoint,0.6504054069519043,4.3116057233704295,0.6363639810839333,1,v3
957,Advanced Microsoft Excel Masterclass,Microsoft Excel,0.6717683672904968,4.39464493597206,0.6595740091479589,2,v3
957,Speed Reading and Comprehension,Reading Comprehension,0.7913572788238525,3.4906263736263736,0.7473892405110989,3,v3
958,Enterprise Resource Planning with SAP,SAP software,0.7140014171600342,4.11660777385159,0.6928258420489397,1,v3
958,Microsoft Office Suite Productivity Boost,Microsoft Office software,0.7261216044425964,4.470012239902081,0.7152051094650734,2,v3
958,Effective Communication and Active Listening,Active Listening,0.8550388813018799,3.596,0.8112608905792237,3,v3
959,SQL Querying for Beginners,Salesforce software,0.45659494400024414,4.204545454545454,0.4447148874635607,1,v3
959,Email Management with Microsoft Outlook,Microsoft Outlook,0.7693076729774475,4.2912772585669785,0.7520521737704767,2,v3
959,Effective Communication and Active Listening,Active Listening,0.8550388813018799,3.596,0.8112608905792237,3,v3
960,FileMaker Pro Database Development,FileMaker Pro,0.8307403922080994,3.0,0.7677187072819678,1,v3
960,Microsoft Office Suite Productivity Boost,Microsoft Office software,0.7261216044425964,4.470012239902081,0.7152051094650734,2,v3
960,Effective Communication and Active Listening,Active Listening,0.8550388813018799,3.596,0.8112608905792237,3,v3
961,SQL Querying for Beginners,Microsoft Access,0.38778817653656006,4.024193548387097,0.3748043899806641,1,v3
961,Email Management with Microsoft Outlook,Microsoft Outlook,0.7693076729774475,4.2912772585669785,0.7520521737704767,2,v3
961,Critical Thinking and Analytical Problem Solving,Critical Thinking,0.8358204960823059,3.517912087912088,0.7903257634793326,3,v3
964,Designing High-Impact PowerPoint Presentations,Microsoft PowerPoint,0.6504054069519043,4.3116057233704295,0.6363639810839333,1,v3
964,Advanced Microsoft Excel Masterclass,Microsoft Excel,0.6717683672904968,4.39464493597206,0.6595740091479589,2,v3
964,Critical Thinking and Analytical Problem Solving,Critical Thinking,0.8358204960823059,3.517912087912088,0.7903257634793326,3,v3
966,Designing High-Impact PowerPoint Presentations,Microsoft PowerPoint,0.6504054069519043,4.3116057233704295,0.6363639810839333,1,v3
966,Email Management with Microsoft Outlook,Microsoft Outlook,0.7693076729774475,4.2912772585669785,0.7520521737704767,2,v3
966,Effective Communication and Active Listening,Active Listening,0.8550388813018799,3.596,0.8112608905792237,3,v3
967,Enterprise Resource Planning with SAP,SAP Adaptive Server Enterprise,0.7143436670303345,3.0,0.6601520784969988,1,v3
967,Email Management with Microsoft Outlook,Microsoft Exchange,0.538519561290741,3.0,0.4976663531928227,2,v3
967,Effective Communication and Active Listening,Active Listening,0.8550388813018799,3.596,0.8112608905792237,3,v3
969,Designing High-Impact PowerPoint Presentations,Microsoft PowerPoint,0.6504054069519043,4.3116057233704295,0.6363639810839333,1,v3
969,Email Management with Microsoft Outlook,Microsoft Outlook,0.7693076729774475,4.2912772585669785,0.7520521737704767,2,v3
969,Effective Communication and Active Listening,Active Listening,0.8550388813018799,3.596,0.8112608905792237,3,v3
970,Enterprise Resource Planning with SAP,SAP software,0.7140014171600342,4.11660777385159,0.6928258420489397,1,v3
970,Email Management with Microsoft Outlook,Microsoft Outlook,0.7693076729774475,4.2912772585669785,0.7520521737704767,2,v3
970,Effective Communication and Active Listening,Active Listening,0.8550388813018799,3.596,0.8112608905792237,3,v3
972,Designing High-Impact PowerPoint Presentations,Microsoft PowerPoint,0.6504054069519043,4.3116057233704295,0.6363639810839333,1,v3
972,IBM Notes Collaboration and Email,IBM Notes,0.7330333590507507,3.0,0.677423931812418,2,v3
972,Effective Communication and Active Listening,Active Listening,0.8550388813018799,3.596,0.8112608905792237,3,v3
974,SQL Querying for Beginners,Salesforce software,0.45659494400024414,4.204545454545454,0.4447148874635607,1,v3
974,Microsoft Office Suite Productivity Boost,Microsoft Office software,0.7261216044425964,4.470012239902081,0.7152051094650734,2,v3
974,Continuous Learning Strategies,Active Learning,0.8114772439002991,3.121824175824176,0.7540075583535824,3,v3
975,C++ Object-Oriented Programming,C++,0.711704671382904,4.218181818181818,0.6935885524749756,1,v3
975,Email Management with Microsoft Outlook,Microsoft Outlook,0.7693076729774475,4.2912772585669785,0.7520521737704767,2,v3
975,Enterprise Resource Planning with SAP,SAP software,0.7140014171600342,4.11660777385159,0.6928258420489397,3,v3
976,Enterprise Resource Planning with SAP,SAP software,0.7140014171600342,4.11660777385159,0.6928258420489397,1,v3
976,IBM Notes Collaboration and Email,IBM Notes,0.7330333590507507,3.0,0.677423931812418,2,v3
976,Effective Learning and Study Strategies,Learning Strategies,0.7836461663246155,2.7872087912087915,0.7172970220518456,3,v3
977,Linux System Administration Basics,UNIX,0.4989496171474457,4.056179775280899,0.4829043563093063,1,v3
977,Email Management with Microsoft Outlook,Microsoft Exchange,0.538519561290741,3.0,0.4976663531928227,2,v3
977,Effective Communication and Active Listening,Active Listening,0.8550388813018799,3.596,0.8112608905792237,3,v3
981,SQL Querying for Beginners,Database software,0.6944124102592468,3.0,0.6417328481016489,1,v3
981,IBM Notes Collaboration and Email,IBM Notes,0.7330333590507507,3.0,0.677423931812418,2,v3
981,Effective Communication and Active Listening,Active Listening,0.8550388813018799,3.596,0.8112608905792237,3,v3
982,C++ Object-Oriented Programming,C++,0.711704671382904,4.218181818181818,0.6935885524749756,1,v3
982,Email Management with Microsoft Outlook,Microsoft Outlook,0.7693076729774475,4.2912772585669785,0.7520521737704767,2,v3
982,Speed Reading and Comprehension,Reading Comprehension,0.7913572788238525,3.4906263736263736,0.7473892405110989,3,v3
983,Enterprise Resource Planning with SAP,SAP software,0.7140014171600342,4.11660777385159,0.6928258420489397,1,v3
983,IBM Notes Collaboration and Email,IBM Domino,0.4194461703300476,3.0,0.3876261160291475,2,v3
983,Performance Monitoring and Quality Assurance,Monitoring,0.6809203624725342,3.3096043956043952,0.6379877530688813,3,v3
984,Enterprise Resource Planning with SAP,SAP Adaptive Server Enterprise,0.7143436670303345,3.0,0.6601520784969988,1,v3
984,Email Management with Microsoft Outlook,Microsoft Outlook,0.7693076729774475,4.2912772585669785,0.7520521737704767,2,v3
984,Continuous Learning Strategies,Active Learning,0.8114772439002991,3.121824175824176,0.7540075583535824,3,v3
985,JavaScript Web Development Essentials,JavaScript,0.6920572519302368,4.154761904761905,0.6726251024918016,1,v3
985,Advanced Microsoft Excel Masterclass,Microsoft Excel,0.6717683672904968,4.39464493597206,0.6595740091479589,2,v3
985,Critical Thinking and Analytical Problem Solving,Critical Thinking,0.8358204960823059,3.517912087912088,0.7903257634793326,3,v3
986,JavaScript Web Development Essentials,JavaScript,0.6920572519302368,4.154761904761905,0.6726251024918016,1,v3
986,Email Management with Microsoft Outlook,Microsoft Outlook,0.7693076729774475,4.2912772585669785,0.7520521737704767,2,v3
986,Continuous Learning Strategies,Active Learning,0.8114772439002991,3.121824175824176,0.7540075583535824,3,v3
987,SQL Querying for Beginners,Database software,0.6944124102592468,3.0,0.6417328481016489,1,v3
987,IBM Notes Collaboration and Email,IBM Notes,0.7330333590507507,3.0,0.677423931812418,2,v3
987,Effective Communication and Active Listening,Active Listening,0.8550388813018799,3.596,0.8112608905792237,3,v3
990,Enterprise Resource Planning with SAP,SAP software,0.7140014171600342,4.11660777385159,0.6928258420489397,1,v3
990,Email Management with Microsoft Outlook,Microsoft Outlook,0.7693076729774475,4.2912772585669785,0.7520521737704767,2,v3
990,Business Writing Essentials,Writing,0.5721129179000854,3.193,0.5332802603968259,3,v3
991,FileMaker Pro Database Development,FileMaker Pro,0.8307403922080994,3.0,0.7677187072819678,1,v3
991,Microsoft Office Suite Productivity Boost,Microsoft Office software,0.7261216044425964,4.470012239902081,0.7152051094650734,2,v3
991,Critical Thinking and Analytical Problem Solving,Critical Thinking,0.8358204960823059,3.517912087912088,0.7903257634793326,3,v3
992,FileMaker Pro Database Development,FileMaker Pro,0.8307403922080994,3.0,0.7677187072819678,1,v3
992,Microsoft Office Suite Productivity Boost,Microsoft Office software,0.7261216044425964,4.470012239902081,0.7152051094650734,2,v3
992,Effective Communication and Active Listening,Active Listening,0.8550388813018799,3.596,0.8112608905792237,3,v3
994,Designing High-Impact PowerPoint Presentations,Microsoft PowerPoint,0.6504054069519043,4.3116057233704295,0.6363639810839333,1,v3
994,Microsoft Office Suite Productivity Boost,Microsoft Dynamics,0.40439698100090027,3.0,0.373718589338763,2,v3
994,Effective Communication and Active Listening,Active Listening,0.8550388813018799,3.596,0.8112608905792237,3,v3
995,SQL Querying for Beginners,Database software,0.6944124102592468,3.0,0.6417328481016489,1,v3
995,Microsoft Office Suite Productivity Boost,Microsoft Office software,0.7261216044425964,4.470012239902081,0.7152051094650734,2,v3
995,Effective Communication and Active Listening,Active Listening,0.8550388813018799,3.596,0.8112608905792237,3,v3
996,Enterprise Resource Planning with SAP,SAP software,0.7140014171600342,4.11660777385159,0.6928258420489397,1,v3
996,Email Management with Microsoft Outlook,Microsoft Outlook,0.7693076729774475,4.2912772585669785,0.7520521737704767,2,v3
996,Performance Monitoring and Quality Assurance,Monitoring,0.6809203624725342,3.3096043956043952,0.6379877530688813,3,v3
997,SQL Querying for Beginners,Structured query language SQL,0.5648560523986816,4.264900662251655,0.5515698744135106,1,v3
997,Microsoft Office Suite Productivity Boost,Microsoft Office software,0.7261216044425964,4.470012239902081,0.7152051094650734,2,v3
997,Effective Communication and Active Listening,Active Listening,0.8550388813018799,3.596,0.8112608905792237,3,v3
998,Designing High-Impact PowerPoint Presentations,Microsoft PowerPoint,0.6504054069519043,4.3116057233704295,0.6363639810839333,1,v3
998,Email Management with Microsoft Outlook,Microsoft Outlook,0.7693076729774475,4.2912772585669785,0.7520521737704767,2,v3
998,Critical Thinking and Analytical Problem Solving,Critical Thinking,0.8358204960823059,3.517912087912088,0.7903257634793326,3,v3
999,Designing High-Impact PowerPoint Presentations,Microsoft PowerPoint,0.6504054069519043,4.3116057233704295,0.6363639810839333,1,v3
999,Email Management with Microsoft Outlook,Microsoft Outlook,0.7693076729774475,4.2912772585669785,0.7520521737704767,2,v3
999,Speed Reading and Comprehension,Reading Comprehension,0.7913572788238525,3.4906263736263736,0.7473892405110989,3,v3
1001,SQL Querying for Beginners,Database software,0.6944124102592468,3.0,0.6417328481016489,1,v3
1001,Professional Document Creation in Microsoft Word,Microsoft Word,0.6755681037902832,4.103316326530612,0.6551608125480609,2,v3
1001,Continuous Learning Strategies,Active Learning,0.8114772439002991,3.121824175824176,0.7540075583535824,3,v3
1002,SQL Querying for Beginners,Data entry software,0.48325756192207336,3.0,0.44659664343143335,1,v3
1002,IBM Notes Collaboration and Email,IBM Notes,0.7330333590507507,3.0,0.677423931812418,2,v3
1002,Critical Thinking and Analytical Problem Solving,Critical Thinking,0.8358204960823059,3.517912087912088,0.7903257634793326,3,v3
1003,C++ Object-Oriented Programming,C++,0.711704671382904,4.218181818181818,0.6935885524749756,1,v3
1003,Microsoft Office Suite Productivity Boost,Microsoft Azure software,0.4527742862701416,4.479166666666667,0.4461388010403206,2,v3
1003,Effective Communication and Active Listening,Active Listening,0.8550388813018799,3.596,0.8112608905792237,3,v3
1004,FileMaker Pro Database Development,FileMaker Pro,0.8307403922080994,3.0,0.7677187072819678,1,v3
1004,Microsoft Office Suite Productivity Boost,Microsoft Office software,0.7261216044425964,4.470012239902081,0.7152051094650734,2,v3
1004,Effective Communication and Active Listening,Active Listening,0.8550388813018799,3.596,0.8112608905792237,3,v3
1005,FileMaker Pro Database Development,FileMaker Pro,0.8307403922080994,3.0,0.7677187072819678,1,v3
1005,Email Management with Microsoft Outlook,Microsoft Outlook,0.7693076729774475,4.2912772585669785,0.7520521737704767,2,v3
1005,Effective Communication and Active Listening,Active Listening,0.8550388813018799,3.596,0.8112608905792237,3,v3
1006,SQL Querying for Beginners,Database software,0.6944124102592468,3.0,0.6417328481016489,1,v3
1006,IBM Notes Collaboration and Email,IBM Notes,0.7330333590507507,3.0,0.677423931812418,2,v3
1006,Critical Thinking and Analytical Problem Solving,Critical Thinking,0.8358204960823059,3.517912087912088,0.7903257634793326,3,v3
1007,FileMaker Pro Database Development,FileMaker Pro,0.8307403922080994,3.0,0.7677187072819678,1,v3
1007,IBM Notes Collaboration and Email,IBM Notes,0.7330333590507507,3.0,0.677423931812418,2,v3
1007,Critical Thinking and Analytical Problem Solving,Critical Thinking,0.8358204960823059,3.517912087912088,0.7903257634793326,3,v3
1009,Enterprise Resource Planning with SAP,SAP software,0.7140014171600342,4.11660777385159,0.6928258420489397,1,v3
1009,Email Management with Microsoft Outlook,Microsoft Outlook,0.7693076729774475,4.2912772585669785,0.7520521737704767,2,v3
1009,Effective Communication and Active Listening,Active Listening,0.8550388813018799,3.596,0.8112608905792237,3,v3
1010,SQL Querying for Beginners,Database software,0.6944124102592468,3.0,0.6417328481016489,1,v3
1010,IBM Notes Collaboration and Email,IBM Notes,0.7330333590507507,3.0,0.677423931812418,2,v3
1010,Effective Communication and Active Listening,Active Listening,0.8550388813018799,3.596,0.8112608905792237,3,v3
1011,Enterprise Resource Planning with SAP,SAP software,0.7140014171600342,4.11660777385159,0.6928258420489397,1,v3
1011,Email Management with Microsoft Outlook,Microsoft Outlook,0.7693076729774475,4.2912772585669785,0.7520521737704767,2,v3
1011,Critical Thinking and Analytical Problem Solving,Critical Thinking,0.8358204960823059,3.517912087912088,0.7903257634793326,3,v3
1012,Linux System Administration Basics,UNIX,0.4989496171474457,4.056179775280899,0.4829043563093063,1,v3
1012,Advanced Microsoft Excel Masterclass,Microsoft Excel,0.6717683672904968,4.39464493597206,0.6595740091479589,2,v3
1012,Critical Thinking and Analytical Problem Solving,Critical Thinking,0.8358204960823059,3.517912087912088,0.7903257634793326,3,v3
1013,Enterprise Resource Planning with SAP,SAP Business Objects,0.662801206111908,3.0,0.6125197353034184,1,v3
1013,IBM Notes Collaboration and Email,IBM Notes,0.7330333590507507,3.0,0.677423931812418,2,v3
1013,Effective Communication and Active Listening,Active Listening,0.8550388813018799,3.596,0.8112608905792237,3,v3
1014,Designing High-Impact PowerPoint Presentations,Microsoft PowerPoint,0.6504054069519043,4.3116057233704295,0.6363639810839333,1,v3
1014,Microsoft Office Suite Productivity Boost,Microsoft Office software,0.7261216044425964,4.470012239902081,0.7152051094650734,2,v3
1014,Effective Communication and Active Listening,Active Listening,0.8550388813018799,3.596,0.8112608905792237,3,v3
1015,Enterprise Resource Planning with SAP,SAP Business Objects,0.662801206111908,3.0,0.6125197353034184,1,v3
1015,Email Management with Microsoft Outlook,Microsoft Outlook,0.7693076729774475,4.2912772585669785,0.7520521737704767,2,v3
1015,Effective Communication and Active Listening,Active Listening,0.8550388813018799,3.596,0.8112608905792237,3,v3
1016,FileMaker Pro Database Development,FileMaker Pro,0.8307403922080994,3.0,0.7677187072819678,1,v3
1016,Advanced Microsoft Excel Masterclass,Microsoft Excel,0.6717683672904968,4.39464493597206,0.6595740091479589,2,v3
1016,Effective Communication and Active Listening,Active Listening,0.8550388813018799,3.596,0.8112608905792237,3,v3
1017,Microsoft Office Suite Productivity Boost,Microsoft Office software,0.7261216044425964,4.470012239902081,0.7152051094650734,1,v3
1017,Effective Communication and Active Listening,Active Listening,0.8550388813018799,3.596,0.8112608905792237,2,v3
1017,Continuous Learning Strategies,Active Learning,0.8114772439002991,3.121824175824176,0.7540075583535824,3,v3
1018,FileMaker Pro Database Development,FileMaker Pro,0.8307403922080994,3.0,0.7677187072819678,1,v3
1018,Microsoft Office Suite Productivity Boost,Exact Software JobBOSS,0.3828524053096771,3.0,0.35380842973446025,2,v3
1018,Effective Communication and Active Listening,Active Listening,0.8550388813018799,3.596,0.8112608905792237,3,v3
1019,FileMaker Pro Database Development,FileMaker Pro,0.8307403922080994,3.0,0.7677187072819678,1,v3
1019,Email Management with Microsoft Outlook,Microsoft Outlook,0.7693076729774475,4.2912772585669785,0.7520521737704767,2,v3
1019,Effective Communication and Active Listening,Active Listening,0.8550388813018799,3.596,0.8112608905792237,3,v3
1022,SQL Querying for Beginners,Database software,0.6944124102592468,3.0,0.6417328481016489,1,v3
1022,Microsoft Office Suite Productivity Boost,Microsoft Office software,0.7261216044425964,4.470012239902081,0.7152051094650734,2,v3
1022,Effective Communication and Active Listening,Active Listening,0.8550388813018799,3.596,0.8112608905792237,3,v3
1024,JavaScript Web Development Essentials,Web browser software,0.4755171537399292,3.0092807424593966,0.43962605182471604,1,v3
1024,Email Management with Microsoft Outlook,Microsoft Outlook,0.7693076729774475,4.2912772585669785,0.7520521737704767,2,v3
1024,Continuous Learning Strategies,Active Learning,0.8114772439002991,3.121824175824176,0.7540075583535824,3,v3
1025,FileMaker Pro Database Development,FileMaker Pro,0.8307403922080994,3.0,0.7677187072819678,1,v3
1025,IBM Notes Collaboration and Email,IBM Notes,0.7330333590507507,3.0,0.677423931812418,2,v3
1025,Effective Communication and Active Listening,Active Listening,0.8550388813018799,3.596,0.8112608905792237,3,v3
1026,FileMaker Pro Database Development,FileMaker Pro,0.8307403922080994,3.0,0.7677187072819678,1,v3
1026,Email Management with Microsoft Outlook,Microsoft Outlook,0.7693076729774475,4.2912772585669785,0.7520521737704767,2,v3
1026,Effective Communication and Active Listening,Active Listening,0.8550388813018799,3.596,0.8112608905792237,3,v3
1027,Enterprise Resource Planning with SAP,SAP software,0.7140014171600342,4.11660777385159,0.6928258420489397,1,v3
1027,IBM Notes Collaboration and Email,IBM Notes,0.7330333590507507,3.0,0.677423931812418,2,v3
1027,Effective Communication and Active Listening,Active Listening,0.8550388813018799,3.596,0.8112608905792237,3,v3
1028,Enterprise Resource Planning with SAP,SAP software,0.7140014171600342,4.11660777385159,0.6928258420489397,1,v3
1028,IBM Notes Collaboration and Email,IBM Notes,0.7330333590507507,3.0,0.677423931812418,2,v3
1028,Continuous Learning Strategies,Active Learning,0.8114772439002991,3.121824175824176,0.7540075583535824,3,v3
1029,FileMaker Pro Database Development,FileMaker Pro,0.8307403922080994,3.0,0.7677187072819678,1,v3
1029,IBM Notes Collaboration and Email,IBM Notes,0.7330333590507507,3.0,0.677423931812418,2,v3
1029,Effective Communication and Active Listening,Active Listening,0.8550388813018799,3.596,0.8112608905792237,3,v3
1030,FileMaker Pro Database Development,FileMaker Pro,0.8307403922080994,3.0,0.7677187072819678,1,v3
1030,Email Management with Microsoft Outlook,Email software,0.5386273264884949,3.0,0.49776594309971256,2,v3
1030,Continuous Learning Strategies,Active Learning,0.8114772439002991,3.121824175824176,0.7540075583535824,3,v3
1032,FileMaker Pro Database Development,FileMaker Pro,0.8307403922080994,3.0,0.7677187072819678,1,v3
1032,Email Management with Microsoft Outlook,Microsoft Outlook,0.7693076729774475,4.2912772585669785,0.7520521737704767,2,v3
1032,Critical Thinking and Analytical Problem Solving,Critical Thinking,0.8358204960823059,3.517912087912088,0.7903257634793326,3,v3
1033,SQL Querying for Beginners,Database software,0.6944124102592468,3.0,0.6417328481016489,1,v3
1033,Professional Document Creation in Microsoft Word,Microsoft Word,0.6755681037902832,4.103316326530612,0.6551608125480609,2,v3
1033,Continuous Learning Strategies,Active Learning,0.8114772439002991,3.121824175824176,0.7540075583535824,3,v3
1034,SQL Querying for Beginners,Database software,0.6944124102592468,3.0,0.6417328481016489,1,v3
1034,Microsoft Office Suite Productivity Boost,Microsoft Office software,0.7261216044425964,4.470012239902081,0.7152051094650734,2,v3
1034,Speed Reading and Comprehension,Reading Comprehension,0.7913572788238525,3.4906263736263736,0.7473892405110989,3,v3
1035,Enterprise Resource Planning with SAP,SAP software,0.7140014171600342,4.11660777385159,0.6928258420489397,1,v3
1035,Microsoft Office Suite Productivity Boost,Microsoft Office software,0.7261216044425964,4.470012239902081,0.7152051094650734,2,v3
1035,Effective Communication and Active Listening,Active Listening,0.8550388813018799,3.596,0.8112608905792237,3,v3
1036,Enterprise Resource Planning with SAP,SAP software,0.7140014171600342,4.11660777385159,0.6928258420489397,1,v3
1036,Advanced Microsoft Excel Masterclass,Microsoft Excel,0.6717683672904968,4.39464493597206,0.6595740091479589,2,v3
1036,Critical Thinking and Analytical Problem Solving,Critical Thinking,0.8358204960823059,3.517912087912088,0.7903257634793326,3,v3
1037,Enterprise Resource Planning with SAP,SAP Business One,0.698078453540802,3.0,0.6451207777549481,1,v3
1037,Microsoft Office Suite Productivity Boost,Microsoft Office software,0.7261216044425964,4.470012239902081,0.7152051094650734,2,v3
1037,Effective Communication and Active Listening,Active Listening,0.8550388813018799,3.596,0.8112608905792237,3,v3
1038,FileMaker Pro Database Development,FileMaker Pro,0.8307403922080994,3.0,0.7677187072819678,1,v3
1038,IBM Notes Collaboration and Email,IBM Notes,0.7330333590507507,3.0,0.677423931812418,2,v3
1038,Effective Communication and Active Listening,Active Listening,0.8550388813018799,3.596,0.8112608905792237,3,v3
1039,Enterprise Resource Planning with SAP,SAP software,0.7140014171600342,4.11660777385159,0.6928258420489397,1,v3
1039,Advanced Microsoft Excel Masterclass,Microsoft Excel,0.6717683672904968,4.39464493597206,0.6595740091479589,2,v3
1039,Effective Communication and Active Listening,Active Listening,0.8550388813018799,3.596,0.8112608905792237,3,v3
1040,Designing High-Impact PowerPoint Presentations,Microsoft PowerPoint,0.6504054069519043,4.3116057233704295,0.6363639810839333,1,v3
1040,Advanced Microsoft Excel Masterclass,Microsoft Excel,0.6717683672904968,4.39464493597206,0.6595740091479589,2,v3
1040,Effective Communication and Active Listening,Active Listening,0.8550388813018799,3.596,0.8112608905792237,3,v3
1042,SQL Querying for Beginners,Database software,0.6944124102592468,3.0,0.6417328481016489,1,v3
1042,Email Management with Microsoft Outlook,Microsoft Outlook,0.7693076729774475,4.2912772585669785,0.7520521737704767,2,v3
1042,Effective Communication and Active Listening,Active Listening,0.8550388813018799,3.596,0.8112608905792237,3,v3
1043,Enterprise Resource Planning with SAP,SAP software,0.7140014171600342,4.11660777385159,0.6928258420489397,1,v3
1043,Professional Document Creation in Microsoft Word,Adobe InDesign,0.36521923542022705,4.136363636363637,0.35468626687519234,2,v3
1043,Effective Communication and Active Listening,Active Listening,0.8550388813018799,3.596,0.8112608905792237,3,v3
1044,SQL Querying for Beginners,Salesforce software,0.45659494400024414,4.204545454545454,0.4447148874635607,1,v3
1044,Email Management with Microsoft Outlook,Microsoft Outlook,0.7693076729774475,4.2912772585669785,0.7520521737704767,2,v3
1044,Performance Monitoring and Quality Assurance,Monitoring,0.6809203624725342,3.3096043956043952,0.6379877530688813,3,v3
1045,SQL Querying for Beginners,Database software,0.6944124102592468,3.0,0.6417328481016489,1,v3
1045,Email Management with Microsoft Outlook,Microsoft Outlook,0.7693076729774475,4.2912772585669785,0.7520521737704767,2,v3
1045,Effective Communication and Active Listening,Active Listening,0.8550388813018799,3.596,0.8112608905792237,3,v3
1046,FileMaker Pro Database Development,FileMaker Pro,0.8307403922080994,3.0,0.7677187072819678,1,v3
1046,Email Management with Microsoft Outlook,Microsoft Outlook,0.7693076729774475,4.2912772585669785,0.7520521737704767,2,v3
1046,Effective Communication and Active Listening,Active Listening,0.8550388813018799,3.596,0.8112608905792237,3,v3
1047,JavaScript Web Development Essentials,JavaScript,0.6920572519302368,4.154761904761905,0.6726251024918016,1,v3
1047,Professional Document Creation in Microsoft Word,Microsoft Word,0.6755681037902832,4.103316326530612,0.6551608125480609,2,v3
1047,Critical Thinking and Analytical Problem Solving,Critical Thinking,0.8358204960823059,3.517912087912088,0.7903257634793326,3,v3
1048,FileMaker Pro Database Development,FileMaker Pro,0.8307403922080994,3.0,0.7677187072819678,1,v3
1048,Professional Document Creation in Microsoft Word,Microsoft Word,0.6755681037902832,4.103316326530612,0.6551608125480609,2,v3
1048,Critical Thinking and Analytical Problem Solving,Critical Thinking,0.8358204960823059,3.517912087912088,0.7903257634793326,3,v3
1049,Enterprise Resource Planning with SAP,Oracle Business Intelligence Enterprise Edition,0.5856750011444092,3.0,0.5412444838162127,1,v3
1049,Email Management with Microsoft Outlook,Microsoft Outlook,0.7693076729774475,4.2912772585669785,0.7520521737704767,2,v3
1049,Effective Communication and Active Listening,Active Listening,0.8550388813018799,3.596,0.8112608905792237,3,v3
1050,C++ Object-Oriented Programming,C++,0.711704671382904,4.218181818181818,0.6935885524749756,1,v3
1050,Email Management with Microsoft Outlook,Microsoft Outlook,0.7693076729774475,4.2912772585669785,0.7520521737704767,2,v3
1050,Critical Thinking and Analytical Problem Solving,Critical Thinking,0.8358204960823059,3.517912087912088,0.7903257634793326,3,v3
1052,Enterprise Resource Planning with SAP,SAP software,0.7140014171600342,4.11660777385159,0.6928258420489397,1,v3
1052,Email Management with Microsoft Outlook,Email software,0.5386273264884949,3.0,0.49776594309971256,2,v3
1052,Effective Communication and Active Listening,Active Listening,0.8550388813018799,3.596,0.8112608905792237,3,v3
1053,Enterprise Resource Planning with SAP,Integrated development environment IDE software,0.3720942437648773,3.0,0.3438664045827142,1,v3
1053,Microsoft Office Suite Productivity Boost,Microsoft Office software,0.7261216044425964,4.470012239902081,0.7152051094650734,2,v3
1053,Continuous Learning Strategies,Active Learning,0.8114772439002991,3.121824175824176,0.7540075583535824,3,v3
1055,Designing High-Impact PowerPoint Presentations,Microsoft PowerPoint,0.6504054069519043,4.3116057233704295,0.6363639810839333,1,v3
1055,Microsoft Office Suite Productivity Boost,Microsoft Office software,0.7261216044425964,4.470012239902081,0.7152051094650734,2,v3
1055,Continuous Learning Strategies,Active Learning,0.8114772439002991,3.121824175824176,0.7540075583535824,3,v3
1056,Designing High-Impact PowerPoint Presentations,Microsoft PowerPoint,0.6504054069519043,4.3116057233704295,0.6363639810839333,1,v3
1056,Microsoft Office Suite Productivity Boost,Microsoft Office software,0.7261216044425964,4.470012239902081,0.7152051094650734,2,v3
1056,Effective Communication and Active Listening,Active Listening,0.8550388813018799,3.596,0.8112608905792237,3,v3
1060,FileMaker Pro Database Development,FileMaker Pro,0.8307403922080994,3.0,0.7677187072819678,1,v3
1060,Microsoft Office Suite Productivity Boost,Microsoft Office software,0.7261216044425964,4.470012239902081,0.7152051094650734,2,v3
1060,Speed Reading and Comprehension,Reading Comprehension,0.7913572788238525,3.4906263736263736,0.7473892405110989,3,v3
1061,Enterprise Resource Planning with SAP,SAP software,0.7140014171600342,4.11660777385159,0.6928258420489397,1,v3
1061,Microsoft Office Suite Productivity Boost,Microsoft Office software,0.7261216044425964,4.470012239902081,0.7152051094650734,2,v3
1061,Effective Communication and Active Listening,Active Listening,0.8550388813018799,3.596,0.8112608905792237,3,v3
1062,SQL Querying for Beginners,Data entry software,0.48325756192207336,3.0,0.44659664343143335,1,v3
1062,Email Management with Microsoft Outlook,Microsoft Outlook,0.7693076729774475,4.2912772585669785,0.7520521737704767,2,v3
1062,Effective Communication and Active Listening,Active Listening,0.8550388813018799,3.596,0.8112608905792237,3,v3
1066,Enterprise Resource Planning with SAP,SAP software,0.7140014171600342,4.11660777385159,0.6928258420489397,1,v3
1066,Microsoft Office Suite Productivity Boost,Microsoft SharePoint,0.4060703217983246,4.066265060240964,0.3931813427433217,2,v3
1066,Effective Learning and Study Strategies,Learning Strategies,0.7836461663246155,2.7872087912087915,0.7172970220518456,3,v3
1068,FileMaker Pro Database Development,FileMaker Pro,0.8307403922080994,3.0,0.7677187072819678,1,v3
1068,Microsoft Office Suite Productivity Boost,Microsoft Office software,0.7261216044425964,4.470012239902081,0.7152051094650734,2,v3
1068,Critical Thinking and Analytical Problem Solving,Critical Thinking,0.8358204960823059,3.517912087912088,0.7903257634793326,3,v3
1069,Designing High-Impact PowerPoint Presentations,Microsoft PowerPoint,0.6504054069519043,4.3116057233704295,0.6363639810839333,1,v3
1069,Advanced Microsoft Excel Masterclass,Microsoft Excel,0.6717683672904968,4.39464493597206,0.6595740091479589,2,v3
1069,Speed Reading and Comprehension,Reading Comprehension,0.7913572788238525,3.4906263736263736,0.7473892405110989,3,v3
1070,C++ Object-Oriented Programming,C++,0.711704671382904,4.218181818181818,0.6935885524749756,1,v3
1070,Email Management with Microsoft Outlook,Microsoft Outlook,0.7693076729774475,4.2912772585669785,0.7520521737704767,2,v3
1070,Speed Reading and Comprehension,Reading Comprehension,0.7913572788238525,3.4906263736263736,0.7473892405110989,3,v3
1071,SQL Querying for Beginners,Database software,0.6944124102592468,3.0,0.6417328481016489,1,v3
1071,Advanced Microsoft Excel Masterclass,Microsoft Excel,0.6717683672904968,4.39464493597206,0.6595740091479589,2,v3
1071,Critical Thinking and Analytical Problem Solving,Critical Thinking,0.8358204960823059,3.517912087912088,0.7903257634793326,3,v3
1073,FileMaker Pro Database Development,FileMaker Pro,0.8307403922080994,3.0,0.7677187072819678,1,v3
1073,Email Management with Microsoft Outlook,Microsoft Outlook,0.7693076729774475,4.2912772585669785,0.7520521737704767,2,v3
1073,Effective Learning and Study Strategies,Learning Strategies,0.7836461663246155,2.7872087912087915,0.7172970220518456,3,v3
1074,FileMaker Pro Database Development,FileMaker Pro,0.8307403922080994,3.0,0.7677187072819678,1,v3
1074,Email Management with Microsoft Outlook,Microsoft Outlook,0.7693076729774475,4.2912772585669785,0.7520521737704767,2,v3
1074,Effective Communication and Active Listening,Active Listening,0.8550388813018799,3.596,0.8112608905792237,3,v3
1076,C++ Object-Oriented Programming,C++,0.711704671382904,4.218181818181818,0.6935885524749756,1,v3
1076,Email Management with Microsoft Outlook,Microsoft Exchange,0.538519561290741,3.0,0.4976663531928227,2,v3
1076,Effective Communication and Active Listening,Active Listening,0.8550388813018799,3.596,0.8112608905792237,3,v3
1077,Designing High-Impact PowerPoint Presentations,Microsoft PowerPoint,0.6504054069519043,4.3116057233704295,0.6363639810839333,1,v3
1077,Microsoft Office Suite Productivity Boost,Microsoft Office software,0.7261216044425964,4.470012239902081,0.7152051094650734,2,v3
1077,Speed Reading and Comprehension,Reading Comprehension,0.7913572788238525,3.4906263736263736,0.7473892405110989,3,v3
1079,Enterprise Resource Planning with SAP,SAP software,0.7140014171600342,4.11660777385159,0.6928258420489397,1,v3
1079,IBM Notes Collaboration and Email,IBM Notes,0.7330333590507507,3.0,0.677423931812418,2,v3
1079,Effective Communication and Active Listening,Active Listening,0.8550388813018799,3.596,0.8112608905792237,3,v3
1080,FileMaker Pro Database Development,FileMaker Pro,0.8307403922080994,3.0,0.7677187072819678,1,v3
1080,Professional Document Creation in Microsoft Word,Microsoft Word,0.6755681037902832,4.103316326530612,0.6551608125480609,2,v3
1080,Business Writing Essentials,Writing,0.5721129179000854,3.193,0.5332802603968259,3,v3
1081,Designing High-Impact PowerPoint Presentations,Microsoft PowerPoint,0.6504054069519043,4.3116057233704295,0.6363639810839333,1,v3
1081,Microsoft Office Suite Productivity Boost,Microsoft Office software,0.7261216044425964,4.470012239902081,0.7152051094650734,2,v3
1081,Effective Communication and Active Listening,Active Listening,0.8550388813018799,3.596,0.8112608905792237,3,v3
1082,Designing High-Impact PowerPoint Presentations,Microsoft PowerPoint,0.6504054069519043,4.3116057233704295,0.6363639810839333,1,v3
1082,Email Management with Microsoft Outlook,Microsoft Outlook,0.7693076729774475,4.2912772585669785,0.7520521737704767,2,v3
1082,Effective Communication and Active Listening,Active Listening,0.8550388813018799,3.596,0.8112608905792237,3,v3
1083,FileMaker Pro Database Development,FileMaker Pro,0.8307403922080994,3.0,0.7677187072819678,1,v3
1083,Email Management with Microsoft Outlook,Microsoft Outlook,0.7693076729774475,4.2912772585669785,0.7520521737704767,2,v3
1083,Effective Communication and Active Listening,Active Listening,0.8550388813018799,3.596,0.8112608905792237,3,v3
1084,Enterprise Resource Planning with SAP,SAP Business Objects,0.662801206111908,3.0,0.6125197353034184,1,v3
1084,Professional Document Creation in Microsoft Word,Adobe InDesign,0.36521923542022705,4.136363636363637,0.35468626687519234,2,v3
1084,Effective Communication and Active Listening,Active Listening,0.8550388813018799,3.596,0.8112608905792237,3,v3
1085,Enterprise Resource Planning with SAP,Integrated development environment IDE software,0.3720942437648773,3.0,0.3438664045827142,1,v3
1085,IBM Notes Collaboration and Email,IBM Notes,0.7330333590507507,3.0,0.677423931812418,2,v3
1085,Effective Communication and Active Listening,Active Listening,0.8550388813018799,3.596,0.8112608905792237,3,v3
1088,Designing High-Impact PowerPoint Presentations,Microsoft PowerPoint,0.6504054069519043,4.3116057233704295,0.6363639810839333,1,v3
1088,Microsoft Office Suite Productivity Boost,Microsoft Office software,0.7261216044425964,4.470012239902081,0.7152051094650734,2,v3
1088,Continuous Learning Strategies,Active Learning,0.8114772439002991,3.121824175824176,0.7540075583535824,3,v3
1092,SQL Querying for Beginners,Data entry software,0.48325756192207336,3.0,0.44659664343143335,1,v3
1092,Microsoft Office Suite Productivity Boost,Microsoft Office software,0.7261216044425964,4.470012239902081,0.7152051094650734,2,v3
1092,Critical Thinking and Analytical Problem Solving,Critical Thinking,0.8358204960823059,3.517912087912088,0.7903257634793326,3,v3
1094,Enterprise Resource Planning with SAP,SAP software,0.7140014171600342,4.11660777385159,0.6928258420489397,1,v3
1094,Email Management with Microsoft Outlook,Microsoft Outlook,0.7693076729774475,4.2912772585669785,0.7520521737704767,2,v3
1094,Critical Thinking and Analytical Problem Solving,Critical Thinking,0.8358204960823059,3.517912087912088,0.7903257634793326,3,v3
1096,SQL Querying for Beginners,Database software,0.6944124102592468,3.0,0.6417328481016489,1,v3
1096,Advanced Microsoft Excel Masterclass,Microsoft Excel,0.6717683672904968,4.39464493597206,0.6595740091479589,2,v3
1096,Effective Learning and Study Strategies,Learning Strategies,0.7836461663246155,2.7872087912087915,0.7172970220518456,3,v3
1097,FileMaker Pro Database Development,FileMaker Pro,0.8307403922080994,3.0,0.7677187072819678,1,v3
1097,IBM Notes Collaboration and Email,IBM Notes,0.7330333590507507,3.0,0.677423931812418,2,v3
1097,Critical Thinking and Analytical Problem Solving,Critical Thinking,0.8358204960823059,3.517912087912088,0.7903257634793326,3,v3
1098,FileMaker Pro Database Development,FileMaker Pro,0.8307403922080994,3.0,0.7677187072819678,1,v3
1098,Email Management with Microsoft Outlook,Microsoft Outlook,0.7693076729774475,4.2912772585669785,0.7520521737704767,2,v3
1098,Effective Communication and Active Listening,Active Listening,0.8550388813018799,3.596,0.8112608905792237,3,v3
1099,SQL Querying for Beginners,Database software,0.6944124102592468,3.0,0.6417328481016489,1,v3
1099,Microsoft Office Suite Productivity Boost,Microsoft Office software,0.7261216044425964,4.470012239902081,0.7152051094650734,2,v3
1099,Effective Communication and Active Listening,Active Listening,0.8550388813018799,3.596,0.8112608905792237,3,v3
1100,JavaScript Web Development Essentials,JavaScript,0.6920572519302368,4.154761904761905,0.6726251024918016,1,v3
1100,Microsoft Office Suite Productivity Boost,Microsoft Office software,0.7261216044425964,4.470012239902081,0.7152051094650734,2,v3
1100,Continuous Learning Strategies,Active Learning,0.8114772439002991,3.121824175824176,0.7540075583535824,3,v3
1101,SQL Querying for Beginners,Database software,0.6944124102592468,3.0,0.6417328481016489,1,v3
1101,IBM Notes Collaboration and Email,IBM Notes,0.7330333590507507,3.0,0.677423931812418,2,v3
1101,Effective Communication and Active Listening,Active Listening,0.8550388813018799,3.596,0.8112608905792237,3,v3
1102,Enterprise Resource Planning with SAP,SAP software,0.7140014171600342,4.11660777385159,0.6928258420489397,1,v3
1102,Email Management with Microsoft Outlook,Microsoft Outlook,0.7693076729774475,4.2912772585669785,0.7520521737704767,2,v3
1102,Effective Communication and Active Listening,Active Listening,0.8550388813018799,3.596,0.8112608905792237,3,v3
1103,Designing High-Impact PowerPoint Presentations,Microsoft PowerPoint,0.6504054069519043,4.3116057233704295,0.6363639810839333,1,v3
1103,Email Management with Microsoft Outlook,Microsoft Outlook,0.7693076729774475,4.2912772585669785,0.7520521737704767,2,v3
1103,Effective Communication and Active Listening,Active Listening,0.8550388813018799,3.596,0.8112608905792237,3,v3
1105,Enterprise Resource Planning with SAP,SAP Adaptive Server Enterprise,0.7143436670303345,3.0,0.6601520784969988,1,v3
1105,Email Management with Microsoft Outlook,Microsoft Exchange,0.538519561290741,3.0,0.4976663531928227,2,v3
1105,Effective Learning and Study Strategies,Learning Strategies,0.7836461663246155,2.7872087912087915,0.7172970220518456,3,v3
1106,Designing High-Impact PowerPoint Presentations,Microsoft PowerPoint,0.6504054069519043,4.3116057233704295,0.6363639810839333,1,v3
1106,Email Management with Microsoft Outlook,Microsoft Outlook,0.7693076729774475,4.2912772585669785,0.7520521737704767,2,v3
1106,Effective Communication and Active Listening,Active Listening,0.8550388813018799,3.596,0.8112608905792237,3,v3
1107,FileMaker Pro Database Development,FileMaker Pro,0.8307403922080994,3.0,0.7677187072819678,1,v3
1107,Email Management with Microsoft Outlook,Microsoft Outlook,0.7693076729774475,4.2912772585669785,0.7520521737704767,2,v3
1107,Effective Communication and Active Listening,Active Listening,0.8550388813018799,3.596,0.8112608905792237,3,v3
1108,FileMaker Pro Database Development,FileMaker Pro,0.8307403922080994,3.0,0.7677187072819678,1,v3
1108,Microsoft Office Suite Productivity Boost,Microsoft Office software,0.7261216044425964,4.470012239902081,0.7152051094650734,2,v3
1108,Effective Communication and Active Listening,Active Listening,0.8550388813018799,3.596,0.8112608905792237,3,v3
1109,Enterprise Resource Planning with SAP,SAP software,0.7140014171600342,4.11660777385159,0.6928258420489397,1,v3
1109,Microsoft Office Suite Productivity Boost,Microsoft Office software,0.7261216044425964,4.470012239902081,0.7152051094650734,2,v3
1109,Effective Communication and Active Listening,Active Listening,0.8550388813018799,3.596,0.8112608905792237,3,v3
1111,FileMaker Pro Database Development,FileMaker Pro,0.8307403922080994,3.0,0.7677187072819678,1,v3
1111,Email Management with Microsoft Outlook,Microsoft Outlook,0.7693076729774475,4.2912772585669785,0.7520521737704767,2,v3
1111,Critical Thinking and Analytical Problem Solving,Critical Thinking,0.8358204960823059,3.517912087912088,0.7903257634793326,3,v3
1113,Enterprise Resource Planning with SAP,SAP software,0.7140014171600342,4.11660777385159,0.6928258420489397,1,v3
1113,Email Management with Microsoft Outlook,Microsoft Outlook,0.7693076729774475,4.2912772585669785,0.7520521737704767,2,v3
1113,Performance Monitoring and Quality Assurance,Monitoring,0.6809203624725342,3.3096043956043952,0.6379877530688813,3,v3
1114,C++ Object-Oriented Programming,C++,0.711704671382904,4.218181818181818,0.6935885524749756,1,v3
1114,Microsoft Office Suite Productivity Boost,Microsoft Office software,0.7261216044425964,4.470012239902081,0.7152051094650734,2,v3
1114,Continuous Learning Strategies,Active Learning,0.8114772439002991,3.121824175824176,0.7540075583535824,3,v3
1115,FileMaker Pro Database Development,FileMaker Pro,0.8307403922080994,3.0,0.7677187072819678,1,v3
1115,Advanced Microsoft Excel Masterclass,Microsoft Excel,0.6717683672904968,4.39464493597206,0.6595740091479589,2,v3
1115,Critical Thinking and Analytical Problem Solving,Critical Thinking,0.8358204960823059,3.517912087912088,0.7903257634793326,3,v3
1116,FileMaker Pro Database Development,FileMaker Pro,0.8307403922080994,3.0,0.7677187072819678,1,v3
1116,IBM Notes Collaboration and Email,IBM Notes,0.7330333590507507,3.0,0.677423931812418,2,v3
1116,Critical Thinking and Analytical Problem Solving,Critical Thinking,0.8358204960823059,3.517912087912088,0.7903257634793326,3,v3
1117,JavaScript Web Development Essentials,JavaScript,0.6920572519302368,4.154761904761905,0.6726251024918016,1,v3
1117,Microsoft Office Suite Productivity Boost,Microsoft Office software,0.7261216044425964,4.470012239902081,0.7152051094650734,2,v3
1117,Effective Communication and Active Listening,Active Listening,0.8550388813018799,3.596,0.8112608905792237,3,v3
1118,SQL Querying for Beginners,Data entry software,0.48325756192207336,3.0,0.44659664343143335,1,v3
1118,Professional Document Creation in Microsoft Word,Google Docs,0.49747368693351746,4.0,0.48031942186684445,2,v3
1118,Effective Communication and Active Listening,Active Listening,0.8550388813018799,3.596,0.8112608905792237,3,v3
1119,C++ Object-Oriented Programming,C++,0.711704671382904,4.218181818181818,0.6935885524749756,1,v3
1119,Microsoft Office Suite Productivity Boost,Microsoft Office software,0.7261216044425964,4.470012239902081,0.7152051094650734,2,v3
1119,Critical Thinking and Analytical Problem Solving,Critical Thinking,0.8358204960823059,3.517912087912088,0.7903257634793326,3,v3
1120,FileMaker Pro Database Development,FileMaker Pro,0.8307403922080994,3.0,0.7677187072819678,1,v3
1120,Microsoft Office Suite Productivity Boost,Microsoft Office software,0.7261216044425964,4.470012239902081,0.7152051094650734,2,v3
1120,Critical Thinking and Analytical Problem Solving,Critical Thinking,0.8358204960823059,3.517912087912088,0.7903257634793326,3,v3
1121,Enterprise Resource Planning with SAP,SAP software,0.7140014171600342,4.11660777385159,0.6928258420489397,1,v3
1121,Microsoft Office Suite Productivity Boost,Microsoft Office software,0.7261216044425964,4.470012239902081,0.7152051094650734,2,v3
1121,Effective Communication and Active Listening,Active Listening,0.8550388813018799,3.596,0.8112608905792237,3,v3
1124,FileMaker Pro Database Development,FileMaker Pro,0.8307403922080994,3.0,0.7677187072819678,1,v3
1124,Microsoft Office Suite Productivity Boost,Microsoft Office software,0.7261216044425964,4.470012239902081,0.7152051094650734,2,v3
1124,Critical Thinking and Analytical Problem Solving,Critical Thinking,0.8358204960823059,3.517912087912088,0.7903257634793326,3,v3
1125,C++ Object-Oriented Programming,C++,0.711704671382904,4.218181818181818,0.6935885524749756,1,v3
1125,Email Management with Microsoft Outlook,Microsoft Outlook,0.7693076729774475,4.2912772585669785,0.7520521737704767,2,v3
1125,Effective Communication and Active Listening,Active Listening,0.8550388813018799,3.596,0.8112608905792237,3,v3
1126,FileMaker Pro Database Development,FileMaker Pro,0.8307403922080994,3.0,0.7677187072819678,1,v3
1126,Microsoft Office Suite Productivity Boost,Microsoft Office software,0.7261216044425964,4.470012239902081,0.7152051094650734,2,v3
1126,Critical Thinking and Analytical Problem Solving,Critical Thinking,0.8358204960823059,3.517912087912088,0.7903257634793326,3,v3
1127,SQL Querying for Beginners,Data entry software,0.48325756192207336,3.0,0.44659664343143335,1,v3
1127,IBM Notes Collaboration and Email,IBM Notes,0.7330333590507507,3.0,0.677423931812418,2,v3
1127,Effective Communication and Active Listening,Active Listening,0.8550388813018799,3.596,0.8112608905792237,3,v3
1128,Enterprise Resource Planning with SAP,SAP software,0.7140014171600342,4.11660777385159,0.6928258420489397,1,v3
1128,Email Management with Microsoft Outlook,Microsoft Outlook,0.7693076729774475,4.2912772585669785,0.7520521737704767,2,v3
1128,Effective Communication and Active Listening,Active Listening,0.8550388813018799,3.596,0.8112608905792237,3,v3
1131,IBM Notes Collaboration and Email,IBM Notes,0.7330333590507507,3.0,0.677423931812418,1,v3
1131,Critical Thinking and Analytical Problem Solving,Critical Thinking,0.8358204960823059,3.517912087912088,0.7903257634793326,2,v3
1131,Essential Mathematics for Business,Mathematics,0.727954089641571,2.55278021978022,0.6592587255454687,3,v3
1132,SQL Querying for Beginners,Database software,0.6944124102592468,3.0,0.6417328481016489,1,v3
1132,Email Management with Microsoft Outlook,Email software,0.5386273264884949,3.0,0.49776594309971256,2,v3
1132,Continuous Learning Strategies,Active Learning,0.8114772439002991,3.121824175824176,0.7540075583535824,3,v3
1133,FileMaker Pro Database Development,FileMaker Pro,0.8307403922080994,3.0,0.7677187072819678,1,v3
1133,Microsoft Office Suite Productivity Boost,Microsoft Office software,0.7261216044425964,4.470012239902081,0.7152051094650734,2,v3
1133,Critical Thinking and Analytical Problem Solving,Critical Thinking,0.8358204960823059,3.517912087912088,0.7903257634793326,3,v3
1135,SQL Querying for Beginners,Salesforce software,0.45659494400024414,4.204545454545454,0.4447148874635607,1,v3
1135,Advanced Microsoft Excel Masterclass,Microsoft Excel,0.6717683672904968,4.39464493597206,0.6595740091479589,2,v3
1135,Effective Communication and Active Listening,Active Listening,0.8550388813018799,3.596,0.8112608905792237,3,v3
1136,FileMaker Pro Database Development,FileMaker Pro,0.8307403922080994,3.0,0.7677187072819678,1,v3
1136,Microsoft Office Suite Productivity Boost,Microsoft Office software,0.7261216044425964,4.470012239902081,0.7152051094650734,2,v3
1136,Effective Communication and Active Listening,Active Listening,0.8550388813018799,3.596,0.8112608905792237,3,v3
1137,C++ Object-Oriented Programming,C++,0.711704671382904,4.218181818181818,0.6935885524749756,1,v3
1137,Microsoft Office Suite Productivity Boost,Microsoft Office software,0.7261216044425964,4.470012239902081,0.7152051094650734,2,v3
1137,Critical Thinking and Analytical Problem Solving,Critical Thinking,0.8358204960823059,3.517912087912088,0.7903257634793326,3,v3
1138,C++ Object-Oriented Programming,C++,0.711704671382904,4.218181818181818,0.6935885524749756,1,v3
1138,Advanced Microsoft Excel Masterclass,Microsoft Excel,0.6717683672904968,4.39464493597206,0.6595740091479589,2,v3
1138,Critical Thinking and Analytical Problem Solving,Critical Thinking,0.8358204960823059,3.517912087912088,0.7903257634793326,3,v3
1140,Enterprise Resource Planning with SAP,SAP software,0.7140014171600342,4.11660777385159,0.6928258420489397,1,v3
1140,Email Management with Microsoft Outlook,Email software,0.5386273264884949,3.0,0.49776594309971256,2,v3
1140,Effective Communication and Active Listening,Active Listening,0.8550388813018799,3.596,0.8112608905792237,3,v3
1143,Designing High-Impact PowerPoint Presentations,Microsoft PowerPoint,0.6504054069519043,4.3116057233704295,0.6363639810839333,1,v3
1143,Advanced Microsoft Excel Masterclass,Microsoft Excel,0.6717683672904968,4.39464493597206,0.6595740091479589,2,v3
1143,Effective Communication and Active Listening,Active Listening,0.8550388813018799,3.596,0.8112608905792237,3,v3
1148,Enterprise Resource Planning with SAP,SAP software,0.7140014171600342,4.11660777385159,0.6928258420489397,1,v3
1148,Email Management with Microsoft Outlook,Microsoft Outlook,0.7693076729774475,4.2912772585669785,0.7520521737704767,2,v3
1148,Continuous Learning Strategies,Active Learning,0.8114772439002991,3.121824175824176,0.7540075583535824,3,v3
1150,SQL Querying for Beginners,Database software,0.6944124102592468,3.0,0.6417328481016489,1,v3
1150,Email Management with Microsoft Outlook,Microsoft Outlook,0.7693076729774475,4.2912772585669785,0.7520521737704767,2,v3
1150,Critical Thinking and Analytical Problem Solving,Critical Thinking,0.8358204960823059,3.517912087912088,0.7903257634793326,3,v3
1152,Designing High-Impact PowerPoint Presentations,Microsoft PowerPoint,0.6504054069519043,4.3116057233704295,0.6363639810839333,1,v3
1152,Email Management with Microsoft Outlook,Microsoft Outlook,0.7693076729774475,4.2912772585669785,0.7520521737704767,2,v3
1152,Critical Thinking and Analytical Problem Solving,Critical Thinking,0.8358204960823059,3.517912087912088,0.7903257634793326,3,v3
1154,SQL Querying for Beginners,Database software,0.6944124102592468,3.0,0.6417328481016489,1,v3
1154,Advanced Microsoft Excel Masterclass,Microsoft Excel,0.6717683672904968,4.39464493597206,0.6595740091479589,2,v3
1154,Speed Reading and Comprehension,Reading Comprehension,0.7913572788238525,3.4906263736263736,0.7473892405110989,3,v3
1156,Designing High-Impact PowerPoint Presentations,Microsoft PowerPoint,0.6504054069519043,4.3116057233704295,0.6363639810839333,1,v3
1156,Email Management with Microsoft Outlook,Microsoft Outlook,0.7693076729774475,4.2912772585669785,0.7520521737704767,2,v3
1156,Effective Communication and Active Listening,Active Listening,0.8550388813018799,3.596,0.8112608905792237,3,v3
1157,JavaScript Web Development Essentials,JavaScript,0.6920572519302368,4.154761904761905,0.6726251024918016,1,v3
1157,Email Management with Microsoft Outlook,Microsoft Outlook,0.7693076729774475,4.2912772585669785,0.7520521737704767,2,v3
1157,Critical Thinking and Analytical Problem Solving,Critical Thinking,0.8358204960823059,3.517912087912088,0.7903257634793326,3,v3
1158,FileMaker Pro Database Development,FileMaker Pro,0.8307403922080994,3.0,0.7677187072819678,1,v3
1158,Professional Document Creation in Microsoft Word,Microsoft Word,0.6755681037902832,4.103316326530612,0.6551608125480609,2,v3
1158,Effective Communication and Active Listening,Active Listening,0.8550388813018799,3.596,0.8112608905792237,3,v3
1160,Enterprise Resource Planning with SAP,SAP software,0.7140014171600342,4.11660777385159,0.6928258420489397,1,v3
1160,Email Management with Microsoft Outlook,Microsoft Outlook,0.7693076729774475,4.2912772585669785,0.7520521737704767,2,v3
1160,Effective Communication and Active Listening,Active Listening,0.8550388813018799,3.596,0.8112608905792237,3,v3
1161,SQL Querying for Beginners,Data entry software,0.48325756192207336,3.0,0.44659664343143335,1,v3
1161,IBM Notes Collaboration and Email,IBM Notes,0.7330333590507507,3.0,0.677423931812418,2,v3
1161,Public Speaking and Presentation Skills,Speaking,0.48659005761146545,3.536846153846154,0.46048559810694717,3,v3
1162,Designing High-Impact PowerPoint Presentations,Microsoft PowerPoint,0.6504054069519043,4.3116057233704295,0.6363639810839333,1,v3
1162,Microsoft Office Suite Productivity Boost,Microsoft Office software,0.7261216044425964,4.470012239902081,0.7152051094650734,2,v3
1162,Critical Thinking and Analytical Problem Solving,Critical Thinking,0.8358204960823059,3.517912087912088,0.7903257634793326,3,v3
1163,Enterprise Resource Planning with SAP,SAP software,0.7140014171600342,4.11660777385159,0.6928258420489397,1,v3
1163,Email Management with Microsoft Outlook,Microsoft Outlook,0.7693076729774475,4.2912772585669785,0.7520521737704767,2,v3
1163,Effective Communication and Active Listening,Active Listening,0.8550388813018799,3.596,0.8112608905792237,3,v3
1164,FileMaker Pro Database Development,FileMaker Pro,0.8307403922080994,3.0,0.7677187072819678,1,v3
1164,Email Management with Microsoft Outlook,Microsoft Outlook,0.7693076729774475,4.2912772585669785,0.7520521737704767,2,v3
1164,Effective Communication and Active Listening,Active Listening,0.8550388813018799,3.596,0.8112608905792237,3,v3
1165,Enterprise Resource Planning with SAP,SAP software,0.7140014171600342,4.11660777385159,0.6928258420489397,1,v3
1165,Microsoft Office Suite Productivity Boost,Microsoft Office software,0.7261216044425964,4.470012239902081,0.7152051094650734,2,v3
1165,Continuous Learning Strategies,Active Learning,0.8114772439002991,3.121824175824176,0.7540075583535824,3,v3
1166,Enterprise Resource Planning with SAP,SAP software,0.7140014171600342,4.11660777385159,0.6928258420489397,1,v3
1166,Professional Document Creation in Microsoft Word,Microsoft Word,0.6755681037902832,4.103316326530612,0.6551608125480609,2,v3
1166,Critical Thinking and Analytical Problem Solving,Critical Thinking,0.8358204960823059,3.517912087912088,0.7903257634793326,3,v3
1167,C++ Object-Oriented Programming,C++,0.711704671382904,4.218181818181818,0.6935885524749756,1,v3
1167,Email Management with Microsoft Outlook,Microsoft Exchange,0.538519561290741,3.0,0.4976663531928227,2,v3
1167,Critical Thinking and Analytical Problem Solving,Critical Thinking,0.8358204960823059,3.517912087912088,0.7903257634793326,3,v3
1171,JavaScript Web Development Essentials,JavaScript,0.6920572519302368,4.154761904761905,0.6726251024918016,1,v3
1171,Microsoft Office Suite Productivity Boost,Microsoft Office software,0.7261216044425964,4.470012239902081,0.7152051094650734,2,v3
1171,Effective Learning and Study Strategies,Learning Strategies,0.7836461663246155,2.7872087912087915,0.7172970220518456,3,v3
1172,Enterprise Resource Planning with SAP,SAP software,0.7140014171600342,4.11660777385159,0.6928258420489397,1,v3
1172,Microsoft Office Suite Productivity Boost,Microsoft Office software,0.7261216044425964,4.470012239902081,0.7152051094650734,2,v3
1172,Critical Thinking and Analytical Problem Solving,Critical Thinking,0.8358204960823059,3.517912087912088,0.7903257634793326,3,v3
1173,FileMaker Pro Database Development,FileMaker Pro,0.8307403922080994,3.0,0.7677187072819678,1,v3
1173,Email Management with Microsoft Outlook,Microsoft Outlook,0.7693076729774475,4.2912772585669785,0.7520521737704767,2,v3
1173,Effective Communication and Active Listening,Active Listening,0.8550388813018799,3.596,0.8112608905792237,3,v3
1175,SQL Querying for Beginners,Database software,0.6944124102592468,3.0,0.6417328481016489,1,v3
1175,Email Management with Microsoft Outlook,Microsoft Outlook,0.7693076729774475,4.2912772585669785,0.7520521737704767,2,v3
1175,Effective Communication and Active Listening,Active Listening,0.8550388813018799,3.596,0.8112608905792237,3,v3
1177,FileMaker Pro Database Development,FileMaker Pro,0.8307403922080994,3.0,0.7677187072819678,1,v3
1177,Professional Document Creation in Microsoft Word,Microsoft Word,0.6755681037902832,4.103316326530612,0.6551608125480609,2,v3
1177,Critical Thinking and Analytical Problem Solving,Critical Thinking,0.8358204960823059,3.517912087912088,0.7903257634793326,3,v3
1179,Linux System Administration Basics,Linux,0.644400417804718,4.163934426229508,0.6265509997875156,1,v3
1179,Microsoft Office Suite Productivity Boost,Microsoft Office software,0.7261216044425964,4.470012239902081,0.7152051094650734,2,v3
1179,Critical Thinking and Analytical Problem Solving,Critical Thinking,0.8358204960823059,3.517912087912088,0.7903257634793326,3,v3
1180,FileMaker Pro Database Development,FileMaker Pro,0.8307403922080994,3.0,0.7677187072819678,1,v3
1180,IBM Notes Collaboration and Email,IBM Notes,0.7330333590507507,3.0,0.677423931812418,2,v3
1180,Effective Communication and Active Listening,Active Listening,0.8550388813018799,3.596,0.8112608905792237,3,v3
1182,SQL Querying for Beginners,Database software,0.6944124102592468,3.0,0.6417328481016489,1,v3
1182,Advanced Microsoft Excel Masterclass,Microsoft Excel,0.6717683672904968,4.39464493597206,0.6595740091479589,2,v3
1182,Speed Reading and Comprehension,Reading Comprehension,0.7913572788238525,3.4906263736263736,0.7473892405110989,3,v3
1184,Designing High-Impact PowerPoint Presentations,Microsoft PowerPoint,0.6504054069519043,4.3116057233704295,0.6363639810839333,1,v3
1184,Email Management with Microsoft Outlook,Microsoft Outlook,0.7693076729774475,4.2912772585669785,0.7520521737704767,2,v3
1184,Effective Communication and Active Listening,Active Listening,0.8550388813018799,3.596,0.8112608905792237,3,v3
1185,FileMaker Pro Database Development,FileMaker Pro,0.8307403922080994,3.0,0.7677187072819678,1,v3
1185,Email Management with Microsoft Outlook,Microsoft Outlook,0.7693076729774475,4.2912772585669785,0.7520521737704767,2,v3
1185,Effective Communication and Active Listening,Active Listening,0.8550388813018799,3.596,0.8112608905792237,3,v3
1188,Enterprise Resource Planning with SAP,SAP software,0.7140014171600342,4.11660777385159,0.6928258420489397,1,v3
1188,Advanced Microsoft Excel Masterclass,Microsoft Excel,0.6717683672904968,4.39464493597206,0.6595740091479589,2,v3
1188,Continuous Learning Strategies,Active Learning,0.8114772439002991,3.121824175824176,0.7540075583535824,3,v3
1190,Designing High-Impact PowerPoint Presentations,Microsoft PowerPoint,0.6504054069519043,4.3116057233704295,0.6363639810839333,1,v3
1190,Email Management with Microsoft Outlook,Microsoft Outlook,0.7693076729774475,4.2912772585669785,0.7520521737704767,2,v3
1190,Critical Thinking and Analytical Problem Solving,Critical Thinking,0.8358204960823059,3.517912087912088,0.7903257634793326,3,v3
1191,Enterprise Resource Planning with SAP,SAP software,0.7140014171600342,4.11660777385159,0.6928258420489397,1,v3
1191,Email Management with Microsoft Outlook,Microsoft Outlook,0.7693076729774475,4.2912772585669785,0.7520521737704767,2,v3
1191,Effective Communication and Active Listening,Active Listening,0.8550388813018799,3.596,0.8112608905792237,3,v3
1192,FileMaker Pro Database Development,FileMaker Pro,0.8307403922080994,3.0,0.7677187072819678,1,v3
1192,Email Management with Microsoft Outlook,Microsoft Outlook,0.7693076729774475,4.2912772585669785,0.7520521737704767,2,v3
1192,Speed Reading and Comprehension,Reading Comprehension,0.7913572788238525,3.4906263736263736,0.7473892405110989,3,v3
1193,SQL Querying for Beginners,Database software,0.6944124102592468,3.0,0.6417328481016489,1,v3
1193,Email Management with Microsoft Outlook,Microsoft Exchange,0.538519561290741,3.0,0.4976663531928227,2,v3
1193,Effective Communication and Active Listening,Active Listening,0.8550388813018799,3.596,0.8112608905792237,3,v3
1195,FileMaker Pro Database Development,FileMaker Pro,0.8307403922080994,3.0,0.7677187072819678,1,v3
1195,IBM Notes Collaboration and Email,IBM Notes,0.7330333590507507,3.0,0.677423931812418,2,v3
1195,Effective Communication and Active Listening,Active Listening,0.8550388813018799,3.596,0.8112608905792237,3,v3
1196,FileMaker Pro Database Development,FileMaker Pro,0.8307403922080994,3.0,0.7677187072819678,1,v3
1196,Email Management with Microsoft Outlook,Microsoft Outlook,0.7693076729774475,4.2912772585669785,0.7520521737704767,2,v3
1196,Effective Communication and Active Listening,Active Listening,0.8550388813018799,3.596,0.8112608905792237,3,v3
1198,Designing High-Impact PowerPoint Presentations,Microsoft PowerPoint,0.6504054069519043,4.3116057233704295,0.6363639810839333,1,v3
1198,IBM Notes Collaboration and Email,IBM Notes,0.7330333590507507,3.0,0.677423931812418,2,v3
1198,Effective Communication and Active Listening,Active Listening,0.8550388813018799,3.596,0.8112608905792237,3,v3
1200,Python Programming for Data Analytics,Python,0.6116408705711365,4.5,0.6032044447701553,1,v3
1200,Microsoft Office Suite Productivity Boost,Microsoft Office software,0.7261216044425964,4.470012239902081,0.7152051094650734,2,v3
1200,Performance Monitoring and Quality Assurance,Monitoring,0.6809203624725342,3.3096043956043952,0.6379877530688813,3,v3
1201,Enterprise Resource Planning with SAP,SAP software,0.7140014171600342,4.11660777385159,0.6928258420489397,1,v3
1201,Email Management with Microsoft Outlook,Microsoft Outlook,0.7693076729774475,4.2912772585669785,0.7520521737704767,2,v3
1201,Effective Communication and Active Listening,Active Listening,0.8550388813018799,3.596,0.8112608905792237,3,v3
1202,FileMaker Pro Database Development,FileMaker Pro,0.8307403922080994,3.0,0.7677187072819678,1,v3
1202,Advanced Microsoft Excel Masterclass,Microsoft Excel,0.6717683672904968,4.39464493597206,0.6595740091479589,2,v3
1202,Effective Communication and Active Listening,Active Listening,0.8550388813018799,3.596,0.8112608905792237,3,v3
1203,FileMaker Pro Database Development,FileMaker Pro,0.8307403922080994,3.0,0.7677187072819678,1,v3
1203,Email Management with Microsoft Outlook,Microsoft Exchange,0.538519561290741,3.0,0.4976663531928227,2,v3
1203,Effective Communication and Active Listening,Active Listening,0.8550388813018799,3.596,0.8112608905792237,3,v3
1204,SQL Querying for Beginners,Database software,0.6944124102592468,3.0,0.6417328481016489,1,v3
1204,IBM Notes Collaboration and Email,IBM Notes,0.7330333590507507,3.0,0.677423931812418,2,v3
1204,Effective Communication and Active Listening,Active Listening,0.8550388813018799,3.596,0.8112608905792237,3,v3
1206,FileMaker Pro Database Development,FileMaker Pro,0.8307403922080994,3.0,0.7677187072819678,1,v3
1206,Microsoft Office Suite Productivity Boost,Microsoft Office software,0.7261216044425964,4.470012239902081,0.7152051094650734,2,v3
1206,Critical Thinking and Analytical Problem Solving,Critical Thinking,0.8358204960823059,3.517912087912088,0.7903257634793326,3,v3
1207,SQL Querying for Beginners,Database software,0.6944124102592468,3.0,0.6417328481016489,1,v3
1207,IBM Notes Collaboration and Email,IBM Notes,0.7330333590507507,3.0,0.677423931812418,2,v3
1207,Speed Reading and Comprehension,Reading Comprehension,0.7913572788238525,3.4906263736263736,0.7473892405110989,3,v3
1210,SQL Querying for Beginners,Database software,0.6944124102592468,3.0,0.6417328481016489,1,v3
1210,Microsoft Office Suite Productivity Boost,Microsoft Office software,0.7261216044425964,4.470012239902081,0.7152051094650734,2,v3
1210,Speed Reading and Comprehension,Reading Comprehension,0.7913572788238525,3.4906263736263736,0.7473892405110989,3,v3
1211,Enterprise Resource Planning with SAP,SAP software,0.7140014171600342,4.11660777385159,0.6928258420489397,1,v3
1211,Microsoft Office Suite Productivity Boost,Microsoft Office software,0.7261216044425964,4.470012239902081,0.7152051094650734,2,v3
1211,Critical Thinking and Analytical Problem Solving,Critical Thinking,0.8358204960823059,3.517912087912088,0.7903257634793326,3,v3
1212,JavaScript Web Development Essentials,JavaScript,0.6920572519302368,4.154761904761905,0.6726251024918016,1,v3
1212,Email Management with Microsoft Outlook,Microsoft Exchange,0.538519561290741,3.0,0.4976663531928227,2,v3
1212,Effective Learning and Study Strategies,Learning Strategies,0.7836461663246155,2.7872087912087915,0.7172970220518456,3,v3
1215,FileMaker Pro Database Development,FileMaker Pro,0.8307403922080994,3.0,0.7677187072819678,1,v3
1215,IBM Notes Collaboration and Email,IBM Notes,0.7330333590507507,3.0,0.677423931812418,2,v3
1215,Effective Communication and Active Listening,Active Listening,0.8550388813018799,3.596,0.8112608905792237,3,v3
1216,FileMaker Pro Database Development,FileMaker Pro,0.8307403922080994,3.0,0.7677187072819678,1,v3
1216,Advanced Microsoft Excel Masterclass,Microsoft Excel,0.6717683672904968,4.39464493597206,0.6595740091479589,2,v3
1216,Effective Communication and Active Listening,Active Listening,0.8550388813018799,3.596,0.8112608905792237,3,v3
1217,JavaScript Web Development Essentials,Web browser software,0.4755171537399292,3.0092807424593966,0.43962605182471604,1,v3
1217,IBM Notes Collaboration and Email,IBM Lotus 1-2-3,0.41979876160621643,3.0,0.38795195900160695,2,v3
1217,Effective Communication and Active Listening,Active Listening,0.8550388813018799,3.596,0.8112608905792237,3,v3
1218,C++ Object-Oriented Programming,C++,0.711704671382904,4.218181818181818,0.6935885524749756,1,v3
1218,Professional Document Creation in Microsoft Word,Microsoft Word,0.6755681037902832,4.103316326530612,0.6551608125480609,2,v3
1218,Continuous Learning Strategies,Active Learning,0.8114772439002991,3.121824175824176,0.7540075583535824,3,v3
1219,Enterprise Resource Planning with SAP,SAP software,0.7140014171600342,4.11660777385159,0.6928258420489397,1,v3
1219,Email Management with Microsoft Outlook,Microsoft Outlook,0.7693076729774475,4.2912772585669785,0.7520521737704767,2,v3
1219,Business Writing Essentials,Writing,0.5721129179000854,3.193,0.5332802603968259,3,v3
1220,C++ Object-Oriented Programming,C++,0.711704671382904,4.218181818181818,0.6935885524749756,1,v3
1220,Email Management with Microsoft Outlook,Microsoft Outlook,0.7693076729774475,4.2912772585669785,0.7520521737704767,2,v3
1220,Continuous Learning Strategies,Active Learning,0.8114772439002991,3.121824175824176,0.7540075583535824,3,v3
1221,FileMaker Pro Database Development,FileMaker Pro,0.8307403922080994,3.0,0.7677187072819678,1,v3
1221,IBM Notes Collaboration and Email,IBM Notes,0.7330333590507507,3.0,0.677423931812418,2,v3
1221,Effective Communication and Active Listening,Active Listening,0.8550388813018799,3.596,0.8112608905792237,3,v3
1224,FileMaker Pro Database Development,FileMaker Pro,0.8307403922080994,3.0,0.7677187072819678,1,v3
1224,Microsoft Office Suite Productivity Boost,Microsoft Office software,0.7261216044425964,4.470012239902081,0.7152051094650734,2,v3
1224,Effective Communication and Active Listening,Active Listening,0.8550388813018799,3.596,0.8112608905792237,3,v3
1225,FileMaker Pro Database Development,FileMaker Pro,0.8307403922080994,3.0,0.7677187072819678,1,v3
1225,Advanced Microsoft Excel Masterclass,Microsoft Excel,0.6717683672904968,4.39464493597206,0.6595740091479589,2,v3
1225,Effective Communication and Active Listening,Active Listening,0.8550388813018799,3.596,0.8112608905792237,3,v3
1226,Designing High-Impact PowerPoint Presentations,Microsoft PowerPoint,0.6504054069519043,4.3116057233704295,0.6363639810839333,1,v3
1226,Microsoft Office Suite Productivity Boost,Microsoft Office software,0.7261216044425964,4.470012239902081,0.7152051094650734,2,v3
1226,Effective Communication and Active Listening,Active Listening,0.8550388813018799,3.596,0.8112608905792237,3,v3
1228,FileMaker Pro Database Development,FileMaker Pro,0.8307403922080994,3.0,0.7677187072819678,1,v3
1228,Microsoft Office Suite Productivity Boost,Microsoft Office software,0.7261216044425964,4.470012239902081,0.7152051094650734,2,v3
1228,Critical Thinking and Analytical Problem Solving,Critical Thinking,0.8358204960823059,3.517912087912088,0.7903257634793326,3,v3
1231,FileMaker Pro Database Development,FileMaker Pro,0.8307403922080994,3.0,0.7677187072819678,1,v3
1231,Email Management with Microsoft Outlook,Microsoft Outlook,0.7693076729774475,4.2912772585669785,0.7520521737704767,2,v3
1231,Critical Thinking and Analytical Problem Solving,Critical Thinking,0.8358204960823059,3.517912087912088,0.7903257634793326,3,v3
1233,Enterprise Resource Planning with SAP,SAP software,0.7140014171600342,4.11660777385159,0.6928258420489397,1,v3
1233,Microsoft Office Suite Productivity Boost,Microsoft Office software,0.7261216044425964,4.470012239902081,0.7152051094650734,2,v3
1233,Critical Thinking and Analytical Problem Solving,Critical Thinking,0.8358204960823059,3.517912087912088,0.7903257634793326,3,v3
1234,FileMaker Pro Database Development,FileMaker Pro,0.8307403922080994,3.0,0.7677187072819678,1,v3
1234,Microsoft Office Suite Productivity Boost,Microsoft Office software,0.7261216044425964,4.470012239902081,0.7152051094650734,2,v3
1234,Effective Learning and Study Strategies,Learning Strategies,0.7836461663246155,2.7872087912087915,0.7172970220518456,3,v3
1235,FileMaker Pro Database Development,FileMaker Pro,0.8307403922080994,3.0,0.7677187072819678,1,v3
1235,IBM Notes Collaboration and Email,IBM Notes,0.7330333590507507,3.0,0.677423931812418,2,v3
1235,Effective Learning and Study Strategies,Learning Strategies,0.7836461663246155,2.7872087912087915,0.7172970220518456,3,v3
1237,Designing High-Impact PowerPoint Presentations,Microsoft PowerPoint,0.6504054069519043,4.3116057233704295,0.6363639810839333,1,v3
1237,Microsoft Office Suite Productivity Boost,Microsoft Office software,0.7261216044425964,4.470012239902081,0.7152051094650734,2,v3
1237,Effective Communication and Active Listening,Active Listening,0.8550388813018799,3.596,0.8112608905792237,3,v3
1238,SQL Querying for Beginners,Database software,0.6944124102592468,3.0,0.6417328481016489,1,v3
1238,Advanced Microsoft Excel Masterclass,Microsoft Excel,0.6717683672904968,4.39464493597206,0.6595740091479589,2,v3
1238,Effective Communication and Active Listening,Active Listening,0.8550388813018799,3.596,0.8112608905792237,3,v3
1239,C++ Object-Oriented Programming,C++,0.711704671382904,4.218181818181818,0.6935885524749756,1,v3
1239,Email Management with Microsoft Outlook,Microsoft Outlook,0.7693076729774475,4.2912772585669785,0.7520521737704767,2,v3
1239,Continuous Learning Strategies,Active Learning,0.8114772439002991,3.121824175824176,0.7540075583535824,3,v3
1240,C++ Object-Oriented Programming,C++,0.711704671382904,4.218181818181818,0.6935885524749756,1,v3
1240,Email Management with Microsoft Outlook,Microsoft Outlook,0.7693076729774475,4.2912772585669785,0.7520521737704767,2,v3
1240,Critical Thinking and Analytical Problem Solving,Critical Thinking,0.8358204960823059,3.517912087912088,0.7903257634793326,3,v3
1241,Linux System Administration Basics,Linux,0.644400417804718,4.163934426229508,0.6265509997875156,1,v3
1241,Microsoft Office Suite Productivity Boost,Microsoft Office software,0.7261216044425964,4.470012239902081,0.7152051094650734,2,v3
1241,Critical Thinking and Analytical Problem Solving,Critical Thinking,0.8358204960823059,3.517912087912088,0.7903257634793326,3,v3
1242,Designing High-Impact PowerPoint Presentations,Microsoft PowerPoint,0.6504054069519043,4.3116057233704295,0.6363639810839333,1,v3
1242,Email Management with Microsoft Outlook,Microsoft Outlook,0.7693076729774475,4.2912772585669785,0.7520521737704767,2,v3
1242,Critical Thinking and Analytical Problem Solving,Critical Thinking,0.8358204960823059,3.517912087912088,0.7903257634793326,3,v3
1243,C++ Object-Oriented Programming,C++,0.711704671382904,4.218181818181818,0.6935885524749756,1,v3
1243,Advanced Microsoft Excel Masterclass,Microsoft Excel,0.6717683672904968,4.39464493597206,0.6595740091479589,2,v3
1243,Continuous Learning Strategies,Active Learning,0.8114772439002991,3.121824175824176,0.7540075583535824,3,v3
1244,FileMaker Pro Database Development,FileMaker Pro,0.8307403922080994,3.0,0.7677187072819678,1,v3
1244,IBM Notes Collaboration and Email,IBM Notes,0.7330333590507507,3.0,0.677423931812418,2,v3
1244,Effective Communication and Active Listening,Active Listening,0.8550388813018799,3.596,0.8112608905792237,3,v3
1245,FileMaker Pro Database Development,FileMaker Pro,0.8307403922080994,3.0,0.7677187072819678,1,v3
1245,Advanced Microsoft Excel Masterclass,Microsoft Excel,0.6717683672904968,4.39464493597206,0.6595740091479589,2,v3
1245,Effective Communication and Active Listening,Active Listening,0.8550388813018799,3.596,0.8112608905792237,3,v3
1246,FileMaker Pro Database Development,FileMaker Pro,0.8307403922080994,3.0,0.7677187072819678,1,v3
1246,Microsoft Office Suite Productivity Boost,Microsoft Office software,0.7261216044425964,4.470012239902081,0.7152051094650734,2,v3
1246,Critical Thinking and Analytical Problem Solving,Critical Thinking,0.8358204960823059,3.517912087912088,0.7903257634793326,3,v3
1248,FileMaker Pro Database Development,FileMaker Pro,0.8307403922080994,3.0,0.7677187072819678,1,v3
1248,Professional Document Creation in Microsoft Word,Microsoft Publisher,0.3972012400627136,3.0,0.3670687321958871,2,v3
1248,Effective Communication and Active Listening,Active Listening,0.8550388813018799,3.596,0.8112608905792237,3,v3
1249,SQL Querying for Beginners,Database software,0.6944124102592468,3.0,0.6417328481016489,1,v3
1249,Microsoft Office Suite Productivity Boost,Microsoft Office software,0.7261216044425964,4.470012239902081,0.7152051094650734,2,v3
1249,Effective Communication and Active Listening,Active Listening,0.8550388813018799,3.596,0.8112608905792237,3,v3
1250,Enterprise Resource Planning with SAP,SAP software,0.7140014171600342,4.11660777385159,0.6928258420489397,1,v3
1250,Email Management with Microsoft Outlook,Microsoft Outlook,0.7693076729774475,4.2912772585669785,0.7520521737704767,2,v3
1250,Critical Thinking and Analytical Problem Solving,Critical Thinking,0.8358204960823059,3.517912087912088,0.7903257634793326,3,v3
1251,SQL Querying for Beginners,Database software,0.6944124102592468,3.0,0.6417328481016489,1,v3
1251,Microsoft Office Suite Productivity Boost,Microsoft Office software,0.7261216044425964,4.470012239902081,0.7152051094650734,2,v3
1251,Critical Thinking and Analytical Problem Solving,Critical Thinking,0.8358204960823059,3.517912087912088,0.7903257634793326,3,v3
1252,Designing High-Impact PowerPoint Presentations,Microsoft PowerPoint,0.6504054069519043,4.3116057233704295,0.6363639810839333,1,v3
1252,Microsoft Office Suite Productivity Boost,Microsoft Office software,0.7261216044425964,4.470012239902081,0.7152051094650734,2,v3
1252,Effective Communication and Active Listening,Active Listening,0.8550388813018799,3.596,0.8112608905792237,3,v3
1254,C++ Object-Oriented Programming,C++,0.711704671382904,4.218181818181818,0.6935885524749756,1,v3
1254,Email Management with Microsoft Outlook,Microsoft Exchange,0.538519561290741,3.0,0.4976663531928227,2,v3
1254,Continuous Learning Strategies,Active Learning,0.8114772439002991,3.121824175824176,0.7540075583535824,3,v3
1255,Enterprise Resource Planning with SAP,SAP software,0.7140014171600342,4.11660777385159,0.6928258420489397,1,v3
1255,Email Management with Microsoft Outlook,Microsoft Outlook,0.7693076729774475,4.2912772585669785,0.7520521737704767,2,v3
1255,Effective Communication and Active Listening,Active Listening,0.8550388813018799,3.596,0.8112608905792237,3,v3
1256,FileMaker Pro Database Development,FileMaker Pro,0.8307403922080994,3.0,0.7677187072819678,1,v3
1256,IBM Notes Collaboration and Email,IBM Notes,0.7330333590507507,3.0,0.677423931812418,2,v3
1256,Continuous Learning Strategies,Active Learning,0.8114772439002991,3.121824175824176,0.7540075583535824,3,v3
1257,Designing High-Impact PowerPoint Presentations,Microsoft PowerPoint,0.6504054069519043,4.3116057233704295,0.6363639810839333,1,v3
1257,Email Management with Microsoft Outlook,Microsoft Exchange,0.538519561290741,3.0,0.4976663531928227,2,v3
1257,Critical Thinking and Analytical Problem Solving,Critical Thinking,0.8358204960823059,3.517912087912088,0.7903257634793326,3,v3
1258,FileMaker Pro Database Development,FileMaker Pro,0.8307403922080994,3.0,0.7677187072819678,1,v3
1258,Advanced Microsoft Excel Masterclass,Microsoft Excel,0.6717683672904968,4.39464493597206,0.6595740091479589,2,v3
1258,Effective Communication and Active Listening,Active Listening,0.8550388813018799,3.596,0.8112608905792237,3,v3
1259,Designing High-Impact PowerPoint Presentations,Microsoft PowerPoint,0.6504054069519043,4.3116057233704295,0.6363639810839333,1,v3
1259,Microsoft Office Suite Productivity Boost,Microsoft Office software,0.7261216044425964,4.470012239902081,0.7152051094650734,2,v3
1259,Effective Communication and Active Listening,Active Listening,0.8550388813018799,3.596,0.8112608905792237,3,v3
1260,SQL Querying for Beginners,Database software,0.6944124102592468,3.0,0.6417328481016489,1,v3
1260,Email Management with Microsoft Outlook,Microsoft Outlook,0.7693076729774475,4.2912772585669785,0.7520521737704767,2,v3
1260,Critical Thinking and Analytical Problem Solving,Critical Thinking,0.8358204960823059,3.517912087912088,0.7903257634793326,3,v3
1263,Enterprise Resource Planning with SAP,SAP software,0.7140014171600342,4.11660777385159,0.6928258420489397,1,v3
1263,Microsoft Office Suite Productivity Boost,Microsoft SharePoint,0.4060703217983246,4.066265060240964,0.3931813427433217,2,v3
1263,Effective Communication and Active Listening,Active Listening,0.8550388813018799,3.596,0.8112608905792237,3,v3
1264,Designing High-Impact PowerPoint Presentations,Microsoft PowerPoint,0.6504054069519043,4.3116057233704295,0.6363639810839333,1,v3
1264,Microsoft Office Suite Productivity Boost,Microsoft Office software,0.7261216044425964,4.470012239902081,0.7152051094650734,2,v3
1264,Critical Thinking and Analytical Problem Solving,Critical Thinking,0.8358204960823059,3.517912087912088,0.7903257634793326,3,v3
1265,FileMaker Pro Database Development,FileMaker Pro,0.8307403922080994,3.0,0.7677187072819678,1,v3
1265,Microsoft Office Suite Productivity Boost,Microsoft Office software,0.7261216044425964,4.470012239902081,0.7152051094650734,2,v3
1265,Critical Thinking and Analytical Problem Solving,Critical Thinking,0.8358204960823059,3.517912087912088,0.7903257634793326,3,v3
1267,FileMaker Pro Database Development,FileMaker Pro,0.8307403922080994,3.0,0.7677187072819678,1,v3
1267,IBM Notes Collaboration and Email,IBM Notes,0.7330333590507507,3.0,0.677423931812418,2,v3
1267,Effective Communication and Active Listening,Active Listening,0.8550388813018799,3.596,0.8112608905792237,3,v3
1268,Enterprise Resource Planning with SAP,SAP software,0.7140014171600342,4.11660777385159,0.6928258420489397,1,v3
1268,Email Management with Microsoft Outlook,Microsoft Outlook,0.7693076729774475,4.2912772585669785,0.7520521737704767,2,v3
1268,Effective Communication and Active Listening,Active Listening,0.8550388813018799,3.596,0.8112608905792237,3,v3
1269,FileMaker Pro Database Development,FileMaker Pro,0.8307403922080994,3.0,0.7677187072819678,1,v3
1269,Email Management with Microsoft Outlook,Microsoft Exchange,0.538519561290741,3.0,0.4976663531928227,2,v3
1269,Effective Learning and Study Strategies,Learning Strategies,0.7836461663246155,2.7872087912087915,0.7172970220518456,3,v3
1270,SQL Querying for Beginners,Database software,0.6944124102592468,3.0,0.6417328481016489,1,v3
1270,Microsoft Office Suite Productivity Boost,Microsoft Office software,0.7261216044425964,4.470012239902081,0.7152051094650734,2,v3
1270,Business Writing Essentials,Writing,0.5721129179000854,3.193,0.5332802603968259,3,v3
1273,Enterprise Resource Planning with SAP,Enterprise application integration EAI software,0.4598567485809326,3.1333333333333333,0.42750820488765323,1,v3
1273,Critical Thinking and Analytical Problem Solving,Critical Thinking,0.8358204960823059,3.517912087912088,0.7903257634793326,2,v3
1273,Effective Learning and Study Strategies,Learning Strategies,0.7836461663246155,2.7872087912087915,0.7172970220518456,3,v3
1275,SQL Querying for Beginners,Database software,0.6944124102592468,3.0,0.6417328481016489,1,v3
1275,Microsoft Office Suite Productivity Boost,Microsoft Office software,0.7261216044425964,4.470012239902081,0.7152051094650734,2,v3
1275,Critical Thinking and Analytical Problem Solving,Critical Thinking,0.8358204960823059,3.517912087912088,0.7903257634793326,3,v3
1277,Enterprise Resource Planning with SAP,SAP software,0.7140014171600342,4.11660777385159,0.6928258420489397,1,v3
1277,Email Management with Microsoft Outlook,Microsoft Outlook,0.7693076729774475,4.2912772585669785,0.7520521737704767,2,v3
1277,Speed Reading and Comprehension,Reading Comprehension,0.7913572788238525,3.4906263736263736,0.7473892405110989,3,v3
1278,SQL Querying for Beginners,Database software,0.6944124102592468,3.0,0.6417328481016489,1,v3
1278,IBM Notes Collaboration and Email,IBM Notes,0.7330333590507507,3.0,0.677423931812418,2,v3
1278,Effective Communication and Active Listening,Active Listening,0.8550388813018799,3.596,0.8112608905792237,3,v3
1279,Designing High-Impact PowerPoint Presentations,Microsoft PowerPoint,0.6504054069519043,4.3116057233704295,0.6363639810839333,1,v3
1279,Email Management with Microsoft Outlook,Microsoft Outlook,0.7693076729774475,4.2912772585669785,0.7520521737704767,2,v3
1279,Effective Communication and Active Listening,Active Listening,0.8550388813018799,3.596,0.8112608905792237,3,v3
1280,Enterprise Resource Planning with SAP,SAP software,0.7140014171600342,4.11660777385159,0.6928258420489397,1,v3
1280,Email Management with Microsoft Outlook,Microsoft Outlook,0.7693076729774475,4.2912772585669785,0.7520521737704767,2,v3
1280,Performance Monitoring and Quality Assurance,Monitoring,0.6809203624725342,3.3096043956043952,0.6379877530688813,3,v3
1281,Enterprise Resource Planning with SAP,SAP software,0.7140014171600342,4.11660777385159,0.6928258420489397,1,v3
1281,Email Management with Microsoft Outlook,Microsoft Outlook,0.7693076729774475,4.2912772585669785,0.7520521737704767,2,v3
1281,Effective Communication and Active Listening,Active Listening,0.8550388813018799,3.596,0.8112608905792237,3,v3
1282,Enterprise Resource Planning with SAP,SAP Business Objects,0.662801206111908,3.0,0.6125197353034184,1,v3
1282,Microsoft Office Suite Productivity Boost,Microsoft Office software,0.7261216044425964,4.470012239902081,0.7152051094650734,2,v3
1282,Continuous Learning Strategies,Active Learning,0.8114772439002991,3.121824175824176,0.7540075583535824,3,v3
1283,Enterprise Resource Planning with SAP,SAP software,0.7140014171600342,4.11660777385159,0.6928258420489397,1,v3
1283,Email Management with Microsoft Outlook,Microsoft Outlook,0.7693076729774475,4.2912772585669785,0.7520521737704767,2,v3
1283,Continuous Learning Strategies,Active Learning,0.8114772439002991,3.121824175824176,0.7540075583535824,3,v3
1285,FileMaker Pro Database Development,FileMaker Pro,0.8307403922080994,3.0,0.7677187072819678,1,v3
1285,Email Management with Microsoft Outlook,Microsoft Outlook,0.7693076729774475,4.2912772585669785,0.7520521737704767,2,v3
1285,Effective Communication and Active Listening,Active Listening,0.8550388813018799,3.596,0.8112608905792237,3,v3
1286,Enterprise Resource Planning with SAP,SAP software,0.7140014171600342,4.11660777385159,0.6928258420489397,1,v3
1286,Microsoft Office Suite Productivity Boost,Microsoft Office software,0.7261216044425964,4.470012239902081,0.7152051094650734,2,v3
1286,Continuous Learning Strategies,Active Learning,0.8114772439002991,3.121824175824176,0.7540075583535824,3,v3
1288,FileMaker Pro Database Development,FileMaker Pro,0.8307403922080994,3.0,0.7677187072819678,1,v3
1288,IBM Notes Collaboration and Email,IBM Notes,0.7330333590507507,3.0,0.677423931812418,2,v3
1288,Critical Thinking and Analytical Problem Solving,Critical Thinking,0.8358204960823059,3.517912087912088,0.7903257634793326,3,v3
1289,Enterprise Resource Planning with SAP,SAP software,0.7140014171600342,4.11660777385159,0.6928258420489397,1,v3
1289,Email Management with Microsoft Outlook,Microsoft Outlook,0.7693076729774475,4.2912772585669785,0.7520521737704767,2,v3
1289,Effective Communication and Active Listening,Active Listening,0.8550388813018799,3.596,0.8112608905792237,3,v3
1291,SQL Querying for Beginners,Database software,0.6944124102592468,3.0,0.6417328481016489,1,v3
1291,Microsoft Office Suite Productivity Boost,Microsoft Office software,0.7261216044425964,4.470012239902081,0.7152051094650734,2,v3
1291,Critical Thinking and Analytical Problem Solving,Critical Thinking,0.8358204960823059,3.517912087912088,0.7903257634793326,3,v3
1292,SQL Querying for Beginners,Database software,0.6944124102592468,3.0,0.6417328481016489,1,v3
1292,Microsoft Office Suite Productivity Boost,Microsoft Office software,0.7261216044425964,4.470012239902081,0.7152051094650734,2,v3
1292,Critical Thinking and Analytical Problem Solving,Critical Thinking,0.8358204960823059,3.517912087912088,0.7903257634793326,3,v3
1293,JavaScript Web Development Essentials,JavaScript,0.6920572519302368,4.154761904761905,0.6726251024918016,1,v3
1293,Email Management with Microsoft Outlook,Microsoft Outlook,0.7693076729774475,4.2912772585669785,0.7520521737704767,2,v3
1293,Continuous Learning Strategies,Active Learning,0.8114772439002991,3.121824175824176,0.7540075583535824,3,v3
1294,Enterprise Resource Planning with SAP,SAP Business Objects,0.662801206111908,3.0,0.6125197353034184,1,v3
1294,Email Management with Microsoft Outlook,Microsoft Outlook,0.7693076729774475,4.2912772585669785,0.7520521737704767,2,v3
1294,Critical Thinking and Analytical Problem Solving,Critical Thinking,0.8358204960823059,3.517912087912088,0.7903257634793326,3,v3
1295,SQL Querying for Beginners,Database software,0.6944124102592468,3.0,0.6417328481016489,1,v3
1295,Email Management with Microsoft Outlook,Microsoft Outlook,0.7693076729774475,4.2912772585669785,0.7520521737704767,2,v3
1295,Critical Thinking and Analytical Problem Solving,Critical Thinking,0.8358204960823059,3.517912087912088,0.7903257634793326,3,v3
1296,Enterprise Resource Planning with SAP,SAP software,0.7140014171600342,4.11660777385159,0.6928258420489397,1,v3
1296,Email Management with Microsoft Outlook,Microsoft Outlook,0.7693076729774475,4.2912772585669785,0.7520521737704767,2,v3
1296,Continuous Learning Strategies,Active Learning,0.8114772439002991,3.121824175824176,0.7540075583535824,3,v3
1297,FileMaker Pro Database Development,FileMaker Pro,0.8307403922080994,3.0,0.7677187072819678,1,v3
1297,Email Management with Microsoft Outlook,Email software,0.5386273264884949,3.0,0.49776594309971256,2,v3
1297,Critical Thinking and Analytical Problem Solving,Critical Thinking,0.8358204960823059,3.517912087912088,0.7903257634793326,3,v3
1298,Designing High-Impact PowerPoint Presentations,Microsoft PowerPoint,0.6504054069519043,4.3116057233704295,0.6363639810839333,1,v3
1298,Microsoft Office Suite Productivity Boost,Microsoft Office software,0.7261216044425964,4.470012239902081,0.7152051094650734,2,v3
1298,Effective Communication and Active Listening,Active Listening,0.8550388813018799,3.596,0.8112608905792237,3,v3
1299,FileMaker Pro Database Development,FileMaker Pro,0.8307403922080994,3.0,0.7677187072819678,1,v3
1299,Advanced Microsoft Excel Masterclass,Microsoft Excel,0.6717683672904968,4.39464493597206,0.6595740091479589,2,v3
1299,Effective Communication and Active Listening,Active Listening,0.8550388813018799,3.596,0.8112608905792237,3,v3
1301,FileMaker Pro Database Development,FileMaker Pro,0.8307403922080994,3.0,0.7677187072819678,1,v3
1301,Advanced Microsoft Excel Masterclass,Microsoft Excel,0.6717683672904968,4.39464493597206,0.6595740091479589,2,v3
1301,Business Writing Essentials,Writing,0.5721129179000854,3.193,0.5332802603968259,3,v3
1303,FileMaker Pro Database Development,FileMaker Pro,0.8307403922080994,3.0,0.7677187072819678,1,v3
1303,Microsoft Office Suite Productivity Boost,Microsoft Office software,0.7261216044425964,4.470012239902081,0.7152051094650734,2,v3
1303,Performance Monitoring and Quality Assurance,Monitoring,0.6809203624725342,3.3096043956043952,0.6379877530688813,3,v3
1304,Enterprise Resource Planning with SAP,SAP Adaptive Server Enterprise,0.7143436670303345,3.0,0.6601520784969988,1,v3
1304,Email Management with Microsoft Outlook,Microsoft Exchange,0.538519561290741,3.0,0.4976663531928227,2,v3
1304,Effective Communication and Active Listening,Active Listening,0.8550388813018799,3.596,0.8112608905792237,3,v3
1306,Enterprise Resource Planning with SAP,SAP Business Objects,0.662801206111908,3.0,0.6125197353034184,1,v3
1306,IBM Notes Collaboration and Email,IBM Notes,0.7330333590507507,3.0,0.677423931812418,2,v3
1306,Effective Communication and Active Listening,Active Listening,0.8550388813018799,3.596,0.8112608905792237,3,v3
1307,Enterprise Resource Planning with SAP,SAP software,0.7140014171600342,4.11660777385159,0.6928258420489397,1,v3
1307,Advanced Microsoft Excel Masterclass,Microsoft Excel,0.6717683672904968,4.39464493597206,0.6595740091479589,2,v3
1307,Continuous Learning Strategies,Active Learning,0.8114772439002991,3.121824175824176,0.7540075583535824,3,v3
1308,FileMaker Pro Database Development,FileMaker Pro,0.8307403922080994,3.0,0.7677187072819678,1,v3
1308,Microsoft Office Suite Productivity Boost,Microsoft Office software,0.7261216044425964,4.470012239902081,0.7152051094650734,2,v3
1308,Continuous Learning Strategies,Active Learning,0.8114772439002991,3.121824175824176,0.7540075583535824,3,v3
1309,FileMaker Pro Database Development,FileMaker Pro,0.8307403922080994,3.0,0.7677187072819678,1,v3
1309,Email Management with Microsoft Outlook,Microsoft Outlook,0.7693076729774475,4.2912772585669785,0.7520521737704767,2,v3
1309,Critical Thinking and Analytical Problem Solving,Critical Thinking,0.8358204960823059,3.517912087912088,0.7903257634793326,3,v3
1310,FileMaker Pro Database Development,FileMaker Pro,0.8307403922080994,3.0,0.7677187072819678,1,v3
1310,Microsoft Office Suite Productivity Boost,Microsoft Office software,0.7261216044425964,4.470012239902081,0.7152051094650734,2,v3
1310,Speed Reading and Comprehension,Reading Comprehension,0.7913572788238525,3.4906263736263736,0.7473892405110989,3,v3
1311,FileMaker Pro Database Development,FileMaker Pro,0.8307403922080994,3.0,0.7677187072819678,1,v3
1311,Email Management with Microsoft Outlook,Microsoft Outlook,0.7693076729774475,4.2912772585669785,0.7520521737704767,2,v3
1311,Critical Thinking and Analytical Problem Solving,Critical Thinking,0.8358204960823059,3.517912087912088,0.7903257634793326,3,v3
1312,Designing High-Impact PowerPoint Presentations,Microsoft PowerPoint,0.6504054069519043,4.3116057233704295,0.6363639810839333,1,v3
1312,Email Management with Microsoft Outlook,Microsoft Outlook,0.7693076729774475,4.2912772585669785,0.7520521737704767,2,v3
1312,Critical Thinking and Analytical Problem Solving,Critical Thinking,0.8358204960823059,3.517912087912088,0.7903257634793326,3,v3
1314,FileMaker Pro Database Development,FileMaker Pro,0.8307403922080994,3.0,0.7677187072819678,1,v3
1314,Professional Document Creation in Microsoft Word,Microsoft Word,0.6755681037902832,4.103316326530612,0.6551608125480609,2,v3
1314,Critical Thinking and Analytical Problem Solving,Critical Thinking,0.8358204960823059,3.517912087912088,0.7903257634793326,3,v3
1315,Enterprise Resource Planning with SAP,SAP software,0.7140014171600342,4.11660777385159,0.6928258420489397,1,v3
1315,Microsoft Office Suite Productivity Boost,Microsoft Office software,0.7261216044425964,4.470012239902081,0.7152051094650734,2,v3
1315,Effective Learning and Study Strategies,Learning Strategies,0.7836461663246155,2.7872087912087915,0.7172970220518456,3,v3
1317,JavaScript Web Development Essentials,Web browser software,0.4755171537399292,3.0092807424593966,0.43962605182471604,1,v3
1317,Email Management with Microsoft Outlook,Microsoft Outlook,0.7693076729774475,4.2912772585669785,0.7520521737704767,2,v3
1317,Effective Learning and Study Strategies,Learning Strategies,0.7836461663246155,2.7872087912087915,0.7172970220518456,3,v3
1318,Enterprise Resource Planning with SAP,SAP Business One,0.698078453540802,3.0,0.6451207777549481,1,v3
1318,Advanced Microsoft Excel Masterclass,Microsoft Excel,0.6717683672904968,4.39464493597206,0.6595740091479589,2,v3
1318,Critical Thinking and Analytical Problem Solving,Critical Thinking,0.8358204960823059,3.517912087912088,0.7903257634793326,3,v3
1319,Enterprise Resource Planning with SAP,SAP software,0.7140014171600342,4.11660777385159,0.6928258420489397,1,v3
1319,Email Management with Microsoft Outlook,Microsoft Outlook,0.7693076729774475,4.2912772585669785,0.7520521737704767,2,v3
1319,Critical Thinking and Analytical Problem Solving,Critical Thinking,0.8358204960823059,3.517912087912088,0.7903257634793326,3,v3
1321,SQL Querying for Beginners,Database software,0.6944124102592468,3.0,0.6417328481016489,1,v3
1321,Email Management with Microsoft Outlook,Microsoft Outlook,0.7693076729774475,4.2912772585669785,0.7520521737704767,2,v3
1321,Effective Communication and Active Listening,Active Listening,0.8550388813018799,3.596,0.8112608905792237,3,v3
1322,SQL Querying for Beginners,Database software,0.6944124102592468,3.0,0.6417328481016489,1,v3
1322,IBM Notes Collaboration and Email,IBM Notes,0.7330333590507507,3.0,0.677423931812418,2,v3
1322,Effective Communication and Active Listening,Active Listening,0.8550388813018799,3.596,0.8112608905792237,3,v3
1324,C++ Object-Oriented Programming,C++,0.711704671382904,4.218181818181818,0.6935885524749756,1,v3
1324,Professional Document Creation in Microsoft Word,Microsoft Word,0.6755681037902832,4.103316326530612,0.6551608125480609,2,v3
1324,Critical Thinking and Analytical Problem Solving,Critical Thinking,0.8358204960823059,3.517912087912088,0.7903257634793326,3,v3
1329,C++ Object-Oriented Programming,C++,0.711704671382904,4.218181818181818,0.6935885524749756,1,v3
1329,Email Management with Microsoft Outlook,Microsoft Outlook,0.7693076729774475,4.2912772585669785,0.7520521737704767,2,v3
1329,Effective Communication and Active Listening,Active Listening,0.8550388813018799,3.596,0.8112608905792237,3,v3
1331,Professional Document Creation in Microsoft Word,Microsoft Word,0.6755681037902832,4.103316326530612,0.6551608125480609,1,v3
1331,Effective Communication and Active Listening,Active Listening,0.8550388813018799,3.596,0.8112608905792237,2,v3
1331,Critical Thinking and Analytical Problem Solving,Critical Thinking,0.8358204960823059,3.517912087912088,0.7903257634793326,3,v3
1333,Enterprise Resource Planning with SAP,SAP software,0.7140014171600342,4.11660777385159,0.6928258420489397,1,v3
1333,Email Management with Microsoft Outlook,Microsoft Outlook,0.7693076729774475,4.2912772585669785,0.7520521737704767,2,v3
1333,Effective Communication and Active Listening,Active Listening,0.8550388813018799,3.596,0.8112608905792237,3,v3
1334,Enterprise Resource Planning with SAP,SAP software,0.7140014171600342,4.11660777385159,0.6928258420489397,1,v3
1334,Email Management with Microsoft Outlook,Microsoft Outlook,0.7693076729774475,4.2912772585669785,0.7520521737704767,2,v3
1334,Performance Monitoring and Quality Assurance,Monitoring,0.6809203624725342,3.3096043956043952,0.6379877530688813,3,v3
1336,SQL Querying for Beginners,Database software,0.6944124102592468,3.0,0.6417328481016489,1,v3
1336,Advanced Microsoft Excel Masterclass,Microsoft Excel,0.6717683672904968,4.39464493597206,0.6595740091479589,2,v3
1336,Effective Communication and Active Listening,Active Listening,0.8550388813018799,3.596,0.8112608905792237,3,v3
1338,Enterprise Resource Planning with SAP,SAP Business Objects,0.662801206111908,3.0,0.6125197353034184,1,v3
1338,IBM Notes Collaboration and Email,Microsoft OneNote,0.5396938920021057,3.0,0.4987515967467736,2,v3
1338,Effective Communication and Active Listening,Active Listening,0.8550388813018799,3.596,0.8112608905792237,3,v3
1340,FileMaker Pro Database Development,FileMaker Pro,0.8307403922080994,3.0,0.7677187072819678,1,v3
1340,Microsoft Office Suite Productivity Boost,Microsoft Office software,0.7261216044425964,4.470012239902081,0.7152051094650734,2,v3
1340,Effective Communication and Active Listening,Active Listening,0.8550388813018799,3.596,0.8112608905792237,3,v3
1344,Email Management with Microsoft Outlook,Microsoft Outlook,0.7693076729774475,4.2912772585669785,0.7520521737704767,1,v3
1344,Effective Communication and Active Listening,Active Listening,0.8550388813018799,3.596,0.8112608905792237,2,v3
1344,Critical Thinking and Analytical Problem Solving,Critical Thinking,0.8358204960823059,3.517912087912088,0.7903257634793326,3,v3
1346,FileMaker Pro Database Development,FileMaker Pro,0.8307403922080994,3.0,0.7677187072819678,1,v3
1346,IBM Notes Collaboration and Email,IBM Notes,0.7330333590507507,3.0,0.677423931812418,2,v3
1346,Effective Communication and Active Listening,Active Listening,0.8550388813018799,3.596,0.8112608905792237,3,v3
1349,C++ Object-Oriented Programming,C++,0.711704671382904,4.218181818181818,0.6935885524749756,1,v3
1349,Microsoft Office Suite Productivity Boost,Microsoft Office software,0.7261216044425964,4.470012239902081,0.7152051094650734,2,v3
1349,Effective Communication and Active Listening,Active Listening,0.8550388813018799,3.596,0.8112608905792237,3,v3
1350,Python Programming for Data Analytics,Python,0.6116408705711365,4.5,0.6032044447701553,1,v3
1350,Microsoft Office Suite Productivity Boost,Microsoft Office software,0.7261216044425964,4.470012239902081,0.7152051094650734,2,v3
1350,Performance Monitoring and Quality Assurance,Monitoring,0.6809203624725342,3.3096043956043952,0.6379877530688813,3,v3
1352,FileMaker Pro Database Development,FileMaker Pro,0.8307403922080994,3.0,0.7677187072819678,1,v3
1352,Microsoft Office Suite Productivity Boost,Microsoft Office software,0.7261216044425964,4.470012239902081,0.7152051094650734,2,v3
1352,Critical Thinking and Analytical Problem Solving,Critical Thinking,0.8358204960823059,3.517912087912088,0.7903257634793326,3,v3
1355,Linux System Administration Basics,Linux,0.644400417804718,4.163934426229508,0.6265509997875156,1,v3
1355,Email Management with Microsoft Outlook,Microsoft Outlook,0.7693076729774475,4.2912772585669785,0.7520521737704767,2,v3
1355,Effective Communication and Active Listening,Active Listening,0.8550388813018799,3.596,0.8112608905792237,3,v3
1356,C++ Object-Oriented Programming,C++,0.711704671382904,4.218181818181818,0.6935885524749756,1,v3
1356,Email Management with Microsoft Outlook,Microsoft Outlook,0.7693076729774475,4.2912772585669785,0.7520521737704767,2,v3
1356,Critical Thinking and Analytical Problem Solving,Critical Thinking,0.8358204960823059,3.517912087912088,0.7903257634793326,3,v3
1358,SQL Querying for Beginners,Database software,0.6944124102592468,3.0,0.6417328481016489,1,v3
1358,Advanced Microsoft Excel Masterclass,Microsoft Excel,0.6717683672904968,4.39464493597206,0.6595740091479589,2,v3
1358,Effective Communication and Active Listening,Active Listening,0.8550388813018799,3.596,0.8112608905792237,3,v3
1360,SQL Querying for Beginners,Database software,0.6944124102592468,3.0,0.6417328481016489,1,v3
1360,Microsoft Office Suite Productivity Boost,Microsoft Office software,0.7261216044425964,4.470012239902081,0.7152051094650734,2,v3
1360,Effective Communication and Active Listening,Active Listening,0.8550388813018799,3.596,0.8112608905792237,3,v3
1361,Enterprise Resource Planning with SAP,SAP software,0.7140014171600342,4.11660777385159,0.6928258420489397,1,v3
1361,IBM Notes Collaboration and Email,IBM Notes,0.7330333590507507,3.0,0.677423931812418,2,v3
1361,Effective Communication and Active Listening,Active Listening,0.8550388813018799,3.596,0.8112608905792237,3,v3
1362,Enterprise Resource Planning with SAP,SAP software,0.7140014171600342,4.11660777385159,0.6928258420489397,1,v3
1362,Email Management with Microsoft Outlook,Microsoft Exchange,0.538519561290741,3.0,0.4976663531928227,2,v3
1362,Critical Thinking and Analytical Problem Solving,Critical Thinking,0.8358204960823059,3.517912087912088,0.7903257634793326,3,v3
1363,FileMaker Pro Database Development,FileMaker Pro,0.8307403922080994,3.0,0.7677187072819678,1,v3
1363,Email Management with Microsoft Outlook,Microsoft Outlook,0.7693076729774475,4.2912772585669785,0.7520521737704767,2,v3
1363,Speed Reading and Comprehension,Reading Comprehension,0.7913572788238525,3.4906263736263736,0.7473892405110989,3,v3
1364,SQL Querying for Beginners,Salesforce software,0.45659494400024414,4.204545454545454,0.4447148874635607,1,v3
1364,Advanced Microsoft Excel Masterclass,Microsoft Excel,0.6717683672904968,4.39464493597206,0.6595740091479589,2,v3
1364,Critical Thinking and Analytical Problem Solving,Critical Thinking,0.8358204960823059,3.517912087912088,0.7903257634793326,3,v3
1367,SQL Querying for Beginners,Database software,0.6944124102592468,3.0,0.6417328481016489,1,v3
1367,Microsoft Office Suite Productivity Boost,Microsoft Office software,0.7261216044425964,4.470012239902081,0.7152051094650734,2,v3
1367,Critical Thinking and Analytical Problem Solving,Critical Thinking,0.8358204960823059,3.517912087912088,0.7903257634793326,3,v3
1368,Email Management with Microsoft Outlook,Microsoft Outlook,0.7693076729774475,4.2912772585669785,0.7520521737704767,1,v3
1368,Effective Communication and Active Listening,Active Listening,0.8550388813018799,3.596,0.8112608905792237,2,v3
1368,Critical Thinking and Analytical Problem Solving,Critical Thinking,0.8358204960823059,3.517912087912088,0.7903257634793326,3,v3
1369,SQL Querying for Beginners,Database software,0.6944124102592468,3.0,0.6417328481016489,1,v3
1369,Email Management with Microsoft Outlook,Microsoft Outlook,0.7693076729774475,4.2912772585669785,0.7520521737704767,2,v3
1369,Continuous Learning Strategies,Active Learning,0.8114772439002991,3.121824175824176,0.7540075583535824,3,v3
1371,Enterprise Resource Planning with SAP,SAP software,0.7140014171600342,4.11660777385159,0.6928258420489397,1,v3
1371,Email Management with Microsoft Outlook,Microsoft Exchange,0.538519561290741,3.0,0.4976663531928227,2,v3
1371,Effective Communication and Active Listening,Active Listening,0.8550388813018799,3.596,0.8112608905792237,3,v3
1372,Enterprise Resource Planning with SAP,SAP software,0.7140014171600342,4.11660777385159,0.6928258420489397,1,v3
1372,Advanced Microsoft Excel Masterclass,Microsoft Excel,0.6717683672904968,4.39464493597206,0.6595740091479589,2,v3
1372,Effective Communication and Active Listening,Active Listening,0.8550388813018799,3.596,0.8112608905792237,3,v3
1373,SQL Querying for Beginners,Database software,0.6944124102592468,3.0,0.6417328481016489,1,v3
1373,Email Management with Microsoft Outlook,Microsoft Outlook,0.7693076729774475,4.2912772585669785,0.7520521737704767,2,v3
1373,Effective Communication and Active Listening,Active Listening,0.8550388813018799,3.596,0.8112608905792237,3,v3
1374,FileMaker Pro Database Development,FileMaker Pro,0.8307403922080994,3.0,0.7677187072819678,1,v3
1374,Microsoft Office Suite Productivity Boost,Microsoft Office software,0.7261216044425964,4.470012239902081,0.7152051094650734,2,v3
1374,Effective Communication and Active Listening,Active Listening,0.8550388813018799,3.596,0.8112608905792237,3,v3
1375,SQL Querying for Beginners,Database software,0.6944124102592468,3.0,0.6417328481016489,1,v3
1375,IBM Notes Collaboration and Email,IBM Notes,0.7330333590507507,3.0,0.677423931812418,2,v3
1375,Continuous Learning Strategies,Active Learning,0.8114772439002991,3.121824175824176,0.7540075583535824,3,v3
1377,SQL Querying for Beginners,Data entry software,0.48325756192207336,3.0,0.44659664343143335,1,v3
1377,Microsoft Office Suite Productivity Boost,Microsoft Office software,0.7261216044425964,4.470012239902081,0.7152051094650734,2,v3
1377,Effective Communication and Active Listening,Active Listening,0.8550388813018799,3.596,0.8112608905792237,3,v3
1379,Email Management with Microsoft Outlook,Microsoft Outlook,0.7693076729774475,4.2912772585669785,0.7520521737704767,1,v3
1379,Performance Monitoring and Quality Assurance,Monitoring,0.6809203624725342,3.3096043956043952,0.6379877530688813,2,v3
1379,Essential Mathematics for Business,Mathematics,0.727954089641571,2.55278021978022,0.6592587255454687,3,v3
1380,Enterprise Resource Planning with SAP,SAP software,0.7140014171600342,4.11660777385159,0.6928258420489397,1,v3
1380,Microsoft Office Suite Productivity Boost,Microsoft Office software,0.7261216044425964,4.470012239902081,0.7152051094650734,2,v3
1380,Critical Thinking and Analytical Problem Solving,Critical Thinking,0.8358204960823059,3.517912087912088,0.7903257634793326,3,v3
1382,SQL Querying for Beginners,Database software,0.6944124102592468,3.0,0.6417328481016489,1,v3
1382,Professional Document Creation in Microsoft Word,Microsoft Word,0.6755681037902832,4.103316326530612,0.6551608125480609,2,v3
1382,Continuous Learning Strategies,Active Learning,0.8114772439002991,3.121824175824176,0.7540075583535824,3,v3
1383,SQL Querying for Beginners,Database software,0.6944124102592468,3.0,0.6417328481016489,1,v3
1383,Email Management with Microsoft Outlook,Microsoft Outlook,0.7693076729774475,4.2912772585669785,0.7520521737704767,2,v3
1383,Effective Communication and Active Listening,Active Listening,0.8550388813018799,3.596,0.8112608905792237,3,v3
1387,Enterprise Resource Planning with SAP,SAP Adaptive Server Enterprise,0.7143436670303345,3.0,0.6601520784969988,1,v3
1387,Advanced Microsoft Excel Masterclass,Microsoft Excel,0.6717683672904968,4.39464493597206,0.6595740091479589,2,v3
1387,Effective Communication and Active Listening,Active Listening,0.8550388813018799,3.596,0.8112608905792237,3,v3
1389,FileMaker Pro Database Development,FileMaker Pro,0.8307403922080994,3.0,0.7677187072819678,1,v3
1389,Email Management with Microsoft Outlook,Microsoft Outlook,0.7693076729774475,4.2912772585669785,0.7520521737704767,2,v3
1389,Effective Communication and Active Listening,Active Listening,0.8550388813018799,3.596,0.8112608905792237,3,v3
1390,C++ Object-Oriented Programming,C++,0.711704671382904,4.218181818181818,0.6935885524749756,1,v3
1390,Microsoft Office Suite Productivity Boost,Microsoft Azure software,0.4527742862701416,4.479166666666667,0.4461388010403206,2,v3
1390,Critical Thinking and Analytical Problem Solving,Critical Thinking,0.8358204960823059,3.517912087912088,0.7903257634793326,3,v3
1391,Enterprise Resource Planning with SAP,SAP Adaptive Server Enterprise,0.7143436670303345,3.0,0.6601520784969988,1,v3
1391,Email Management with Microsoft Outlook,Microsoft Outlook,0.7693076729774475,4.2912772585669785,0.7520521737704767,2,v3
1391,Critical Thinking and Analytical Problem Solving,Critical Thinking,0.8358204960823059,3.517912087912088,0.7903257634793326,3,v3
1392,FileMaker Pro Database Development,FileMaker Pro,0.8307403922080994,3.0,0.7677187072819678,1,v3
1392,Microsoft Office Suite Productivity Boost,Microsoft Office software,0.7261216044425964,4.470012239902081,0.7152051094650734,2,v3
1392,Speed Reading and Comprehension,Reading Comprehension,0.7913572788238525,3.4906263736263736,0.7473892405110989,3,v3
1394,FileMaker Pro Database Development,FileMaker Pro,0.8307403922080994,3.0,0.7677187072819678,1,v3
1394,Email Management with Microsoft Outlook,Microsoft Exchange,0.538519561290741,3.0,0.4976663531928227,2,v3
1394,Effective Communication and Active Listening,Active Listening,0.8550388813018799,3.596,0.8112608905792237,3,v3
1395,JavaScript Web Development Essentials,JavaScript,0.6920572519302368,4.154761904761905,0.6726251024918016,1,v3
1395,Microsoft Office Suite Productivity Boost,Microsoft Office software,0.7261216044425964,4.470012239902081,0.7152051094650734,2,v3
1395,Speed Reading and Comprehension,Reading Comprehension,0.7913572788238525,3.4906263736263736,0.7473892405110989,3,v3
1396,JavaScript Web Development Essentials,JavaScript,0.6920572519302368,4.154761904761905,0.6726251024918016,1,v3
1396,Email Management with Microsoft Outlook,Microsoft Outlook,0.7693076729774475,4.2912772585669785,0.7520521737704767,2,v3
1396,Effective Communication and Active Listening,Active Listening,0.8550388813018799,3.596,0.8112608905792237,3,v3
1397,Designing High-Impact PowerPoint Presentations,Microsoft PowerPoint,0.6504054069519043,4.3116057233704295,0.6363639810839333,1,v3
1397,Email Management with Microsoft Outlook,Microsoft Outlook,0.7693076729774475,4.2912772585669785,0.7520521737704767,2,v3
1397,Effective Communication and Active Listening,Active Listening,0.8550388813018799,3.596,0.8112608905792237,3,v3
1399,Enterprise Resource Planning with SAP,SAP software,0.7140014171600342,4.11660777385159,0.6928258420489397,1,v3
1399,Advanced Microsoft Excel Masterclass,Microsoft Excel,0.6717683672904968,4.39464493597206,0.6595740091479589,2,v3
1399,Effective Communication and Active Listening,Active Listening,0.8550388813018799,3.596,0.8112608905792237,3,v3
1401,FileMaker Pro Database Development,FileMaker Pro,0.8307403922080994,3.0,0.7677187072819678,1,v3
1401,Email Management with Microsoft Outlook,Microsoft Outlook,0.7693076729774475,4.2912772585669785,0.7520521737704767,2,v3
1401,Effective Communication and Active Listening,Active Listening,0.8550388813018799,3.596,0.8112608905792237,3,v3
1402,Designing High-Impact PowerPoint Presentations,Microsoft PowerPoint,0.6504054069519043,4.3116057233704295,0.6363639810839333,1,v3
1402,Advanced Microsoft Excel Masterclass,Microsoft Excel,0.6717683672904968,4.39464493597206,0.6595740091479589,2,v3
1402,Critical Thinking and Analytical Problem Solving,Critical Thinking,0.8358204960823059,3.517912087912088,0.7903257634793326,3,v3
1403,Enterprise Resource Planning with SAP,SAP software,0.7140014171600342,4.11660777385159,0.6928258420489397,1,v3
1403,Email Management with Microsoft Outlook,Microsoft Outlook,0.7693076729774475,4.2912772585669785,0.7520521737704767,2,v3
1403,Critical Thinking and Analytical Problem Solving,Critical Thinking,0.8358204960823059,3.517912087912088,0.7903257634793326,3,v3
1405,FileMaker Pro Database Development,FileMaker Pro,0.8307403922080994,3.0,0.7677187072819678,1,v3
1405,Advanced Microsoft Excel Masterclass,Microsoft Excel,0.6717683672904968,4.39464493597206,0.6595740091479589,2,v3
1405,Continuous Learning Strategies,Active Learning,0.8114772439002991,3.121824175824176,0.7540075583535824,3,v3
1407,FileMaker Pro Database Development,FileMaker Pro,0.8307403922080994,3.0,0.7677187072819678,1,v3
1407,Microsoft Office Suite Productivity Boost,Microsoft Office software,0.7261216044425964,4.470012239902081,0.7152051094650734,2,v3
1407,Effective Communication and Active Listening,Active Listening,0.8550388813018799,3.596,0.8112608905792237,3,v3
1408,FileMaker Pro Database Development,FileMaker Pro,0.8307403922080994,3.0,0.7677187072819678,1,v3
1408,IBM Notes Collaboration and Email,IBM Notes,0.7330333590507507,3.0,0.677423931812418,2,v3
1408,Effective Communication and Active Listening,Active Listening,0.8550388813018799,3.596,0.8112608905792237,3,v3
1409,FileMaker Pro Database Development,FileMaker Pro,0.8307403922080994,3.0,0.7677187072819678,1,v3
1409,Email Management with Microsoft Outlook,Microsoft Outlook,0.7693076729774475,4.2912772585669785,0.7520521737704767,2,v3
1409,Effective Communication and Active Listening,Active Listening,0.8550388813018799,3.596,0.8112608905792237,3,v3
1411,Designing High-Impact PowerPoint Presentations,Microsoft PowerPoint,0.6504054069519043,4.3116057233704295,0.6363639810839333,1,v3
1411,Email Management with Microsoft Outlook,Microsoft Outlook,0.7693076729774475,4.2912772585669785,0.7520521737704767,2,v3
1411,Critical Thinking and Analytical Problem Solving,Critical Thinking,0.8358204960823059,3.517912087912088,0.7903257634793326,3,v3
1412,Enterprise Resource Planning with SAP,SAP Business Objects,0.662801206111908,3.0,0.6125197353034184,1,v3
1412,Email Management with Microsoft Outlook,Email software,0.5386273264884949,3.0,0.49776594309971256,2,v3
1412,Effective Communication and Active Listening,Active Listening,0.8550388813018799,3.596,0.8112608905792237,3,v3
1415,Designing High-Impact PowerPoint Presentations,Microsoft PowerPoint,0.6504054069519043,4.3116057233704295,0.6363639810839333,1,v3
1415,Advanced Microsoft Excel Masterclass,Microsoft Excel,0.6717683672904968,4.39464493597206,0.6595740091479589,2,v3
1415,Effective Communication and Active Listening,Active Listening,0.8550388813018799,3.596,0.8112608905792237,3,v3
1417,FileMaker Pro Database Development,FileMaker Pro,0.8307403922080994,3.0,0.7677187072819678,1,v3
1417,Advanced Microsoft Excel Masterclass,Microsoft Excel,0.6717683672904968,4.39464493597206,0.6595740091479589,2,v3
1417,Critical Thinking and Analytical Problem Solving,Critical Thinking,0.8358204960823059,3.517912087912088,0.7903257634793326,3,v3
1419,FileMaker Pro Database Development,FileMaker Pro,0.8307403922080994,3.0,0.7677187072819678,1,v3
1419,Email Management with Microsoft Outlook,Microsoft Outlook,0.7693076729774475,4.2912772585669785,0.7520521737704767,2,v3
1419,Continuous Learning Strategies,Active Learning,0.8114772439002991,3.121824175824176,0.7540075583535824,3,v3
1420,Enterprise Resource Planning with SAP,SAP software,0.7140014171600342,4.11660777385159,0.6928258420489397,1,v3
1420,Advanced Microsoft Excel Masterclass,Microsoft Excel,0.6717683672904968,4.39464493597206,0.6595740091479589,2,v3
1420,Critical Thinking and Analytical Problem Solving,Critical Thinking,0.8358204960823059,3.517912087912088,0.7903257634793326,3,v3
1421,Designing High-Impact PowerPoint Presentations,Microsoft PowerPoint,0.6504054069519043,4.3116057233704295,0.6363639810839333,1,v3
1421,Microsoft Office Suite Productivity Boost,Microsoft Office software,0.7261216044425964,4.470012239902081,0.7152051094650734,2,v3
1421,Effective Communication and Active Listening,Active Listening,0.8550388813018799,3.596,0.8112608905792237,3,v3
1422,Enterprise Resource Planning with SAP,SAP software,0.7140014171600342,4.11660777385159,0.6928258420489397,1,v3
1422,Advanced Microsoft Excel Masterclass,Microsoft Excel,0.6717683672904968,4.39464493597206,0.6595740091479589,2,v3
1422,Effective Communication and Active Listening,Active Listening,0.8550388813018799,3.596,0.8112608905792237,3,v3
1423,Enterprise Resource Planning with SAP,Integrated development environment IDE software,0.3720942437648773,3.0,0.3438664045827142,1,v3
1423,Microsoft Office Suite Productivity Boost,Microsoft Office software,0.7261216044425964,4.470012239902081,0.7152051094650734,2,v3
1423,Critical Thinking and Analytical Problem Solving,Critical Thinking,0.8358204960823059,3.517912087912088,0.7903257634793326,3,v3
1424,Enterprise Resource Planning with SAP,SAP software,0.7140014171600342,4.11660777385159,0.6928258420489397,1,v3
1424,Advanced Microsoft Excel Masterclass,Microsoft Excel,0.6717683672904968,4.39464493597206,0.6595740091479589,2,v3
1424,Effective Communication and Active Listening,Active Listening,0.8550388813018799,3.596,0.8112608905792237,3,v3
1425,Enterprise Resource Planning with SAP,SAP Business One,0.698078453540802,3.0,0.6451207777549481,1,v3
1425,Advanced Microsoft Excel Masterclass,Microsoft Excel,0.6717683672904968,4.39464493597206,0.6595740091479589,2,v3
1425,Continuous Learning Strategies,Active Learning,0.8114772439002991,3.121824175824176,0.7540075583535824,3,v3
1427,SQL Querying for Beginners,Salesforce software,0.45659494400024414,4.204545454545454,0.4447148874635607,1,v3
1427,Microsoft Office Suite Productivity Boost,Microsoft Dynamics,0.40439698100090027,3.0,0.373718589338763,2,v3
1427,Effective Communication and Active Listening,Active Listening,0.8550388813018799,3.596,0.8112608905792237,3,v3
1428,C++ Object-Oriented Programming,C++,0.711704671382904,4.218181818181818,0.6935885524749756,1,v3
1428,Email Management with Microsoft Outlook,Microsoft Outlook,0.7693076729774475,4.2912772585669785,0.7520521737704767,2,v3
1428,Continuous Learning Strategies,Active Learning,0.8114772439002991,3.121824175824176,0.7540075583535824,3,v3
1430,Enterprise Resource Planning with SAP,SAP software,0.7140014171600342,4.11660777385159,0.6928258420489397,1,v3
1430,Microsoft Office Suite Productivity Boost,Microsoft Office software,0.7261216044425964,4.470012239902081,0.7152051094650734,2,v3
1430,Effective Communication and Active Listening,Active Listening,0.8550388813018799,3.596,0.8112608905792237,3,v3
1431,Designing High-Impact PowerPoint Presentations,Microsoft PowerPoint,0.6504054069519043,4.3116057233704295,0.6363639810839333,1,v3
1431,IBM Notes Collaboration and Email,IBM Notes,0.7330333590507507,3.0,0.677423931812418,2,v3
1431,Continuous Learning Strategies,Active Learning,0.8114772439002991,3.121824175824176,0.7540075583535824,3,v3
1433,SQL Querying for Beginners,Database software,0.6944124102592468,3.0,0.6417328481016489,1,v3
1433,Microsoft Office Suite Productivity Boost,Microsoft Office software,0.7261216044425964,4.470012239902081,0.7152051094650734,2,v3
1433,Performance Monitoring and Quality Assurance,Monitoring,0.6809203624725342,3.3096043956043952,0.6379877530688813,3,v3
1434,FileMaker Pro Database Development,FileMaker Pro,0.8307403922080994,3.0,0.7677187072819678,1,v3
1434,Email Management with Microsoft Outlook,Microsoft Outlook,0.7693076729774475,4.2912772585669785,0.7520521737704767,2,v3
1434,Critical Thinking and Analytical Problem Solving,Critical Thinking,0.8358204960823059,3.517912087912088,0.7903257634793326,3,v3
1435,FileMaker Pro Database Development,FileMaker Pro,0.8307403922080994,3.0,0.7677187072819678,1,v3
1435,Effective Communication and Active Listening,Active Listening,0.8550388813018799,3.596,0.8112608905792237,2,v3
1435,Critical Thinking and Analytical Problem Solving,Critical Thinking,0.8358204960823059,3.517912087912088,0.7903257634793326,3,v3
1436,C++ Object-Oriented Programming,C++,0.711704671382904,4.218181818181818,0.6935885524749756,1,v3
1436,Email Management with Microsoft Outlook,Microsoft Outlook,0.7693076729774475,4.2912772585669785,0.7520521737704767,2,v3
1436,Critical Thinking and Analytical Problem Solving,Critical Thinking,0.8358204960823059,3.517912087912088,0.7903257634793326,3,v3
1438,Enterprise Resource Planning with SAP,ESRI ArcGIS software,0.3975674510002136,4.225806451612903,0.387572985602433,1,v3
1438,Advanced Microsoft Excel Masterclass,Microsoft Excel,0.6717683672904968,4.39464493597206,0.6595740091479589,2,v3
1438,Effective Learning and Study Strategies,Learning Strategies,0.7836461663246155,2.7872087912087915,0.7172970220518456,3,v3
1439,Designing High-Impact PowerPoint Presentations,Microsoft PowerPoint,0.6504054069519043,4.3116057233704295,0.6363639810839333,1,v3
1439,Critical Thinking and Analytical Problem Solving,Critical Thinking,0.8358204960823059,3.517912087912088,0.7903257634793326,2,v3
1439,Effective Learning and Study Strategies,Learning Strategies,0.7836461663246155,2.7872087912087915,0.7172970220518456,3,v3
1440,SQL Querying for Beginners,Database software,0.6944124102592468,3.0,0.6417328481016489,1,v3
1440,Microsoft Office Suite Productivity Boost,Microsoft Office software,0.7261216044425964,4.470012239902081,0.7152051094650734,2,v3
1440,Effective Communication and Active Listening,Active Listening,0.8550388813018799,3.596,0.8112608905792237,3,v3
1441,SQL Querying for Beginners,Database software,0.6944124102592468,3.0,0.6417328481016489,1,v3
1441,Email Management with Microsoft Outlook,Microsoft Exchange,0.538519561290741,3.0,0.4976663531928227,2,v3
1441,Effective Learning and Study Strategies,Learning Strategies,0.7836461663246155,2.7872087912087915,0.7172970220518456,3,v3
1443,Designing High-Impact PowerPoint Presentations,Microsoft PowerPoint,0.6504054069519043,4.3116057233704295,0.6363639810839333,1,v3
1443,Professional Document Creation in Microsoft Word,Microsoft Word,0.6755681037902832,4.103316326530612,0.6551608125480609,2,v3
1443,Critical Thinking and Analytical Problem Solving,Critical Thinking,0.8358204960823059,3.517912087912088,0.7903257634793326,3,v3
1445,C++ Object-Oriented Programming,C++,0.711704671382904,4.218181818181818,0.6935885524749756,1,v3
1445,Microsoft Office Suite Productivity Boost,Microsoft Azure software,0.4527742862701416,4.479166666666667,0.4461388010403206,2,v3
1445,Effective Communication and Active Listening,Active Listening,0.8550388813018799,3.596,0.8112608905792237,3,v3
1446,C++ Object-Oriented Programming,C++,0.711704671382904,4.218181818181818,0.6935885524749756,1,v3
1446,Email Management with Microsoft Outlook,Microsoft Outlook,0.7693076729774475,4.2912772585669785,0.7520521737704767,2,v3
1446,Effective Communication and Active Listening,Active Listening,0.8550388813018799,3.596,0.8112608905792237,3,v3
1447,FileMaker Pro Database Development,FileMaker Pro,0.8307403922080994,3.0,0.7677187072819678,1,v3
1447,Microsoft Office Suite Productivity Boost,Microsoft Office software,0.7261216044425964,4.470012239902081,0.7152051094650734,2,v3
1447,Effective Communication and Active Listening,Active Listening,0.8550388813018799,3.596,0.8112608905792237,3,v3
1448,Designing High-Impact PowerPoint Presentations,Microsoft PowerPoint,0.6504054069519043,4.3116057233704295,0.6363639810839333,1,v3
1448,Advanced Microsoft Excel Masterclass,Microsoft Visual Basic,0.39220210909843445,4.0,0.37867789843986777,2,v3
1448,Continuous Learning Strategies,Active Learning,0.8114772439002991,3.121824175824176,0.7540075583535824,3,v3
1449,FileMaker Pro Database Development,FileMaker Pro,0.8307403922080994,3.0,0.7677187072819678,1,v3
1449,Email Management with Microsoft Outlook,Microsoft Outlook,0.7693076729774475,4.2912772585669785,0.7520521737704767,2,v3
1449,Effective Communication and Active Listening,Active Listening,0.8550388813018799,3.596,0.8112608905792237,3,v3
1453,Enterprise Resource Planning with SAP,SAP software,0.7140014171600342,4.11660777385159,0.6928258420489397,1,v3
1453,Advanced Microsoft Excel Masterclass,Microsoft Excel,0.6717683672904968,4.39464493597206,0.6595740091479589,2,v3
1453,Effective Communication and Active Listening,Active Listening,0.8550388813018799,3.596,0.8112608905792237,3,v3
1457,JavaScript Web Development Essentials,JavaScript,0.6920572519302368,4.154761904761905,0.6726251024918016,1,v3
1457,Email Management with Microsoft Outlook,Microsoft Outlook,0.7693076729774475,4.2912772585669785,0.7520521737704767,2,v3
1457,Critical Thinking and Analytical Problem Solving,Critical Thinking,0.8358204960823059,3.517912087912088,0.7903257634793326,3,v3
1458,FileMaker Pro Database Development,FileMaker Pro,0.8307403922080994,3.0,0.7677187072819678,1,v3
1458,IBM Notes Collaboration and Email,IBM Notes,0.7330333590507507,3.0,0.677423931812418,2,v3
1458,Critical Thinking and Analytical Problem Solving,Critical Thinking,0.8358204960823059,3.517912087912088,0.7903257634793326,3,v3
1459,Enterprise Resource Planning with SAP,SAP software,0.7140014171600342,4.11660777385159,0.6928258420489397,1,v3
1459,Microsoft Office Suite Productivity Boost,Microsoft Office software,0.7261216044425964,4.470012239902081,0.7152051094650734,2,v3
1459,Critical Thinking and Analytical Problem Solving,Critical Thinking,0.8358204960823059,3.517912087912088,0.7903257634793326,3,v3
1460,SQL Querying for Beginners,Database software,0.6944124102592468,3.0,0.6417328481016489,1,v3
1460,Microsoft Office Suite Productivity Boost,Microsoft Office software,0.7261216044425964,4.470012239902081,0.7152051094650734,2,v3
1460,Effective Communication and Active Listening,Active Listening,0.8550388813018799,3.596,0.8112608905792237,3,v3
1461,Enterprise Resource Planning with SAP,SAP software,0.7140014171600342,4.11660777385159,0.6928258420489397,1,v3
1461,Email Management with Microsoft Outlook,Microsoft Outlook,0.7693076729774475,4.2912772585669785,0.7520521737704767,2,v3
1461,Continuous Learning Strategies,Active Learning,0.8114772439002991,3.121824175824176,0.7540075583535824,3,v3
1464,SQL Querying for Beginners,Database software,0.6944124102592468,3.0,0.6417328481016489,1,v3
1464,Professional Document Creation in Microsoft Word,Microsoft Word,0.6755681037902832,4.103316326530612,0.6551608125480609,2,v3
1464,Effective Communication and Active Listening,Active Listening,0.8550388813018799,3.596,0.8112608905792237,3,v3
1465,SQL Querying for Beginners,Database software,0.6944124102592468,3.0,0.6417328481016489,1,v3
1465,Microsoft Office Suite Productivity Boost,Microsoft Office software,0.7261216044425964,4.470012239902081,0.7152051094650734,2,v3
1465,Effective Communication and Active Listening,Active Listening,0.8550388813018799,3.596,0.8112608905792237,3,v3
1466,Enterprise Resource Planning with SAP,SAP software,0.7140014171600342,4.11660777385159,0.6928258420489397,1,v3
1466,Professional Document Creation in Microsoft Word,Microsoft Word,0.6755681037902832,4.103316326530612,0.6551608125480609,2,v3
1466,Effective Communication and Active Listening,Active Listening,0.8550388813018799,3.596,0.8112608905792237,3,v3
1467,Enterprise Resource Planning with SAP,SAP software,0.7140014171600342,4.11660777385159,0.6928258420489397,1,v3
1467,Email Management with Microsoft Outlook,Microsoft Outlook,0.7693076729774475,4.2912772585669785,0.7520521737704767,2,v3
1467,Effective Learning and Study Strategies,Learning Strategies,0.7836461663246155,2.7872087912087915,0.7172970220518456,3,v3
1468,Enterprise Resource Planning with SAP,SAP Business Objects,0.662801206111908,3.0,0.6125197353034184,1,v3
1468,Professional Document Creation in Microsoft Word,Microsoft Word,0.6755681037902832,4.103316326530612,0.6551608125480609,2,v3
1468,Critical Thinking and Analytical Problem Solving,Critical Thinking,0.8358204960823059,3.517912087912088,0.7903257634793326,3,v3
1469,C++ Object-Oriented Programming,C++,0.711704671382904,4.218181818181818,0.6935885524749756,1,v3
1469,Microsoft Office Suite Productivity Boost,Microsoft Office software,0.7261216044425964,4.470012239902081,0.7152051094650734,2,v3
1469,Critical Thinking and Analytical Problem Solving,Critical Thinking,0.8358204960823059,3.517912087912088,0.7903257634793326,3,v3
1471,FileMaker Pro Database Development,FileMaker Pro,0.8307403922080994,3.0,0.7677187072819678,1,v3
1471,Microsoft Office Suite Productivity Boost,Microsoft Office software,0.7261216044425964,4.470012239902081,0.7152051094650734,2,v3
1471,Speed Reading and Comprehension,Reading Comprehension,0.7913572788238525,3.4906263736263736,0.7473892405110989,3,v3
1472,Enterprise Resource Planning with SAP,SAP Business Objects,0.662801206111908,3.0,0.6125197353034184,1,v3
1472,Advanced Microsoft Excel Masterclass,Microsoft Excel,0.6717683672904968,4.39464493597206,0.6595740091479589,2,v3
1472,Continuous Learning Strategies,Active Learning,0.8114772439002991,3.121824175824176,0.7540075583535824,3,v3
1473,SQL Querying for Beginners,Database software,0.6944124102592468,3.0,0.6417328481016489,1,v3
1473,Email Management with Microsoft Outlook,Microsoft Outlook,0.7693076729774475,4.2912772585669785,0.7520521737704767,2,v3
1473,Critical Thinking and Analytical Problem Solving,Critical Thinking,0.8358204960823059,3.517912087912088,0.7903257634793326,3,v3
1474,FileMaker Pro Database Development,FileMaker Pro,0.8307403922080994,3.0,0.7677187072819678,1,v3
1474,IBM Notes Collaboration and Email,IBM Notes,0.7330333590507507,3.0,0.677423931812418,2,v3
1474,Effective Communication and Active Listening,Active Listening,0.8550388813018799,3.596,0.8112608905792237,3,v3
1475,FileMaker Pro Database Development,FileMaker Pro,0.8307403922080994,3.0,0.7677187072819678,1,v3
1475,Microsoft Office Suite Productivity Boost,Microsoft Office software,0.7261216044425964,4.470012239902081,0.7152051094650734,2,v3
1475,Effective Communication and Active Listening,Active Listening,0.8550388813018799,3.596,0.8112608905792237,3,v3
1477,Enterprise Resource Planning with SAP,SAP software,0.7140014171600342,4.11660777385159,0.6928258420489397,1,v3
1477,Email Management with Microsoft Outlook,Microsoft Outlook,0.7693076729774475,4.2912772585669785,0.7520521737704767,2,v3
1477,Effective Communication and Active Listening,Active Listening,0.8550388813018799,3.596,0.8112608905792237,3,v3
1478,JavaScript Web Development Essentials,JavaScript,0.6920572519302368,4.154761904761905,0.6726251024918016,1,v3
1478,Advanced Microsoft Excel Masterclass,Microsoft Excel,0.6717683672904968,4.39464493597206,0.6595740091479589,2,v3
1478,Critical Thinking and Analytical Problem Solving,Critical Thinking,0.8358204960823059,3.517912087912088,0.7903257634793326,3,v3
1479,C++ Object-Oriented Programming,C++,0.711704671382904,4.218181818181818,0.6935885524749756,1,v3
1479,Advanced Microsoft Excel Masterclass,Microsoft Excel,0.6717683672904968,4.39464493597206,0.6595740091479589,2,v3
1479,Effective Communication and Active Listening,Active Listening,0.8550388813018799,3.596,0.8112608905792237,3,v3
1480,SQL Querying for Beginners,Database software,0.6944124102592468,3.0,0.6417328481016489,1,v3
1480,IBM Notes Collaboration and Email,IBM Notes,0.7330333590507507,3.0,0.677423931812418,2,v3
1480,Professional Document Creation in Microsoft Word,Microsoft Word,0.6755681037902832,4.103316326530612,0.6551608125480609,3,v3
1481,C++ Object-Oriented Programming,C++,0.711704671382904,4.218181818181818,0.6935885524749756,1,v3
1481,Email Management with Microsoft Outlook,Microsoft Outlook,0.7693076729774475,4.2912772585669785,0.7520521737704767,2,v3
1481,Effective Communication and Active Listening,Active Listening,0.8550388813018799,3.596,0.8112608905792237,3,v3
1482,SQL Querying for Beginners,Database software,0.6944124102592468,3.0,0.6417328481016489,1,v3
1482,IBM Notes Collaboration and Email,IBM Notes,0.7330333590507507,3.0,0.677423931812418,2,v3
1482,Effective Communication and Active Listening,Active Listening,0.8550388813018799,3.596,0.8112608905792237,3,v3
1483,SQL Querying for Beginners,Database software,0.6944124102592468,3.0,0.6417328481016489,1,v3
1483,Advanced Microsoft Excel Masterclass,Microsoft Visual Basic,0.39220210909843445,4.0,0.37867789843986777,2,v3
1483,Effective Communication and Active Listening,Active Listening,0.8550388813018799,3.596,0.8112608905792237,3,v3
1484,Designing High-Impact PowerPoint Presentations,Microsoft PowerPoint,0.6504054069519043,4.3116057233704295,0.6363639810839333,1,v3
1484,Email Management with Microsoft Outlook,Microsoft Outlook,0.7693076729774475,4.2912772585669785,0.7520521737704767,2,v3
1484,Effective Communication and Active Listening,Active Listening,0.8550388813018799,3.596,0.8112608905792237,3,v3
1485,Enterprise Resource Planning with SAP,SAP software,0.7140014171600342,4.11660777385159,0.6928258420489397,1,v3
1485,Advanced Microsoft Excel Masterclass,Microsoft Excel,0.6717683672904968,4.39464493597206,0.6595740091479589,2,v3
1485,Critical Thinking and Analytical Problem Solving,Critical Thinking,0.8358204960823059,3.517912087912088,0.7903257634793326,3,v3
1486,Enterprise Resource Planning with SAP,Enterprise application integration EAI software,0.4598567485809326,3.1333333333333333,0.42750820488765323,1,v3
1486,Advanced Microsoft Excel Masterclass,Microsoft Excel,0.6717683672904968,4.39464493597206,0.6595740091479589,2,v3
1486,Effective Communication and Active Listening,Active Listening,0.8550388813018799,3.596,0.8112608905792237,3,v3
1487,JavaScript Web Development Essentials,JavaScript,0.6920572519302368,4.154761904761905,0.6726251024918016,1,v3
1487,Advanced Microsoft Excel Masterclass,Microsoft Excel,0.6717683672904968,4.39464493597206,0.6595740091479589,2,v3
1487,Public Speaking and Presentation Skills,Speaking,0.48659005761146545,3.536846153846154,0.46048559810694717,3,v3
1489,C++ Object-Oriented Programming,C++,0.711704671382904,4.218181818181818,0.6935885524749756,1,v3
1489,Microsoft Office Suite Productivity Boost,Microsoft Office software,0.7261216044425964,4.470012239902081,0.7152051094650734,2,v3
1489,Critical Thinking and Analytical Problem Solving,Critical Thinking,0.8358204960823059,3.517912087912088,0.7903257634793326,3,v3
1492,Designing High-Impact PowerPoint Presentations,Microsoft PowerPoint,0.6504054069519043,4.3116057233704295,0.6363639810839333,1,v3
1492,Email Management with Microsoft Outlook,Microsoft Outlook,0.7693076729774475,4.2912772585669785,0.7520521737704767,2,v3
1492,Continuous Learning Strategies,Active Learning,0.8114772439002991,3.121824175824176,0.7540075583535824,3,v3
1494,FileMaker Pro Database Development,FileMaker Pro,0.8307403922080994,3.0,0.7677187072819678,1,v3
1494,Advanced Microsoft Excel Masterclass,Microsoft Excel,0.6717683672904968,4.39464493597206,0.6595740091479589,2,v3
1494,Critical Thinking and Analytical Problem Solving,Critical Thinking,0.8358204960823059,3.517912087912088,0.7903257634793326,3,v3
1495,Enterprise Resource Planning with SAP,Enterprise application integration EAI software,0.4598567485809326,3.1333333333333333,0.42750820488765323,1,v3
1495,Email Management with Microsoft Outlook,Microsoft Outlook,0.7693076729774475,4.2912772585669785,0.7520521737704767,2,v3
1495,Speed Reading and Comprehension,Reading Comprehension,0.7913572788238525,3.4906263736263736,0.7473892405110989,3,v3
1496,Enterprise Resource Planning with SAP,SAP software,0.7140014171600342,4.11660777385159,0.6928258420489397,1,v3
1496,Email Management with Microsoft Outlook,Microsoft Outlook,0.7693076729774475,4.2912772585669785,0.7520521737704767,2,v3
1496,Continuous Learning Strategies,Active Learning,0.8114772439002991,3.121824175824176,0.7540075583535824,3,v3
1497,C++ Object-Oriented Programming,C++,0.711704671382904,4.218181818181818,0.6935885524749756,1,v3
1497,Advanced Microsoft Excel Masterclass,Microsoft Excel,0.6717683672904968,4.39464493597206,0.6595740091479589,2,v3
1497,Effective Communication and Active Listening,Active Listening,0.8550388813018799,3.596,0.8112608905792237,3,v3
1499,Designing High-Impact PowerPoint Presentations,Microsoft PowerPoint,0.6504054069519043,4.3116057233704295,0.6363639810839333,1,v3
1499,Microsoft Office Suite Productivity Boost,Microsoft Office software,0.7261216044425964,4.470012239902081,0.7152051094650734,2,v3
1499,Effective Communication and Active Listening,Active Listening,0.8550388813018799,3.596,0.8112608905792237,3,v3
1501,Designing High-Impact PowerPoint Presentations,Microsoft PowerPoint,0.6504054069519043,4.3116057233704295,0.6363639810839333,1,v3
1501,Email Management with Microsoft Outlook,Microsoft Outlook,0.7693076729774475,4.2912772585669785,0.7520521737704767,2,v3
1501,Effective Learning and Study Strategies,Learning Strategies,0.7836461663246155,2.7872087912087915,0.7172970220518456,3,v3
1502,Enterprise Resource Planning with SAP,SAP software,0.7140014171600342,4.11660777385159,0.6928258420489397,1,v3
1502,Microsoft Office Suite Productivity Boost,Microsoft Office software,0.7261216044425964,4.470012239902081,0.7152051094650734,2,v3
1502,Continuous Learning Strategies,Active Learning,0.8114772439002991,3.121824175824176,0.7540075583535824,3,v3
1503,C++ Object-Oriented Programming,C++,0.711704671382904,4.218181818181818,0.6935885524749756,1,v3
1503,Microsoft Office Suite Productivity Boost,Microsoft Office software,0.7261216044425964,4.470012239902081,0.7152051094650734,2,v3
1503,Critical Thinking and Analytical Problem Solving,Critical Thinking,0.8358204960823059,3.517912087912088,0.7903257634793326,3,v3
1504,FileMaker Pro Database Development,FileMaker Pro,0.8307403922080994,3.0,0.7677187072819678,1,v3
1504,Email Management with Microsoft Outlook,Email software,0.5386273264884949,3.0,0.49776594309971256,2,v3
1504,Effective Learning and Study Strategies,Learning Strategies,0.7836461663246155,2.7872087912087915,0.7172970220518456,3,v3
1506,FileMaker Pro Database Development,FileMaker Pro,0.8307403922080994,3.0,0.7677187072819678,1,v3
1506,IBM Notes Collaboration and Email,IBM Notes,0.7330333590507507,3.0,0.677423931812418,2,v3
1506,Continuous Learning Strategies,Active Learning,0.8114772439002991,3.121824175824176,0.7540075583535824,3,v3
1507,C++ Object-Oriented Programming,C++,0.711704671382904,4.218181818181818,0.6935885524749756,1,v3
1507,Microsoft Office Suite Productivity Boost,Microsoft Office software,0.7261216044425964,4.470012239902081,0.7152051094650734,2,v3
1507,Effective Communication and Active Listening,Active Listening,0.8550388813018799,3.596,0.8112608905792237,3,v3
1509,Designing High-Impact PowerPoint Presentations,Microsoft PowerPoint,0.6504054069519043,4.3116057233704295,0.6363639810839333,1,v3
1509,IBM Notes Collaboration and Email,IBM Notes,0.7330333590507507,3.0,0.677423931812418,2,v3
1509,Speed Reading and Comprehension,Reading Comprehension,0.7913572788238525,3.4906263736263736,0.7473892405110989,3,v3
1513,Enterprise Resource Planning with SAP,SAP software,0.7140014171600342,4.11660777385159,0.6928258420489397,1,v3
1513,Advanced Microsoft Excel Masterclass,Microsoft Excel,0.6717683672904968,4.39464493597206,0.6595740091479589,2,v3
1513,Speed Reading and Comprehension,Reading Comprehension,0.7913572788238525,3.4906263736263736,0.7473892405110989,3,v3
1514,Enterprise Resource Planning with SAP,SAP software,0.7140014171600342,4.11660777385159,0.6928258420489397,1,v3
1514,Microsoft Office Suite Productivity Boost,Microsoft Office software,0.7261216044425964,4.470012239902081,0.7152051094650734,2,v3
1514,Critical Thinking and Analytical Problem Solving,Critical Thinking,0.8358204960823059,3.517912087912088,0.7903257634793326,3,v3
1515,Designing High-Impact PowerPoint Presentations,Microsoft PowerPoint,0.6504054069519043,4.3116057233704295,0.6363639810839333,1,v3
1515,Microsoft Office Suite Productivity Boost,Microsoft Office software,0.7261216044425964,4.470012239902081,0.7152051094650734,2,v3
1515,Critical Thinking and Analytical Problem Solving,Critical Thinking,0.8358204960823059,3.517912087912088,0.7903257634793326,3,v3
1516,Enterprise Resource Planning with SAP,SAP software,0.7140014171600342,4.11660777385159,0.6928258420489397,1,v3
1516,Advanced Microsoft Excel Masterclass,Microsoft Excel,0.6717683672904968,4.39464493597206,0.6595740091479589,2,v3
1516,Speed Reading and Comprehension,Reading Comprehension,0.7913572788238525,3.4906263736263736,0.7473892405110989,3,v3
1520,FileMaker Pro Database Development,FileMaker Pro,0.8307403922080994,3.0,0.7677187072819678,1,v3
1520,Email Management with Microsoft Outlook,Microsoft Outlook,0.7693076729774475,4.2912772585669785,0.7520521737704767,2,v3
1520,Effective Communication and Active Listening,Active Listening,0.8550388813018799,3.596,0.8112608905792237,3,v3
1522,FileMaker Pro Database Development,FileMaker Pro,0.8307403922080994,3.0,0.7677187072819678,1,v3
1522,Advanced Microsoft Excel Masterclass,Microsoft Excel,0.6717683672904968,4.39464493597206,0.6595740091479589,2,v3
1522,Continuous Learning Strategies,Active Learning,0.8114772439002991,3.121824175824176,0.7540075583535824,3,v3
1523,Enterprise Resource Planning with SAP,SAP software,0.7140014171600342,4.11660777385159,0.6928258420489397,1,v3
1523,Advanced Microsoft Excel Masterclass,Microsoft Excel,0.6717683672904968,4.39464493597206,0.6595740091479589,2,v3
1523,Continuous Learning Strategies,Active Learning,0.8114772439002991,3.121824175824176,0.7540075583535824,3,v3
1525,SQL Querying for Beginners,Database software,0.6944124102592468,3.0,0.6417328481016489,1,v3
1525,Microsoft Office Suite Productivity Boost,Microsoft Office software,0.7261216044425964,4.470012239902081,0.7152051094650734,2,v3
1525,Effective Communication and Active Listening,Active Listening,0.8550388813018799,3.596,0.8112608905792237,3,v3
1527,SQL Querying for Beginners,Database software,0.6944124102592468,3.0,0.6417328481016489,1,v3
1527,Microsoft Office Suite Productivity Boost,Microsoft Office software,0.7261216044425964,4.470012239902081,0.7152051094650734,2,v3
1527,Effective Communication and Active Listening,Active Listening,0.8550388813018799,3.596,0.8112608905792237,3,v3
1529,JavaScript Web Development Essentials,Web browser software,0.4755171537399292,3.0092807424593966,0.43962605182471604,1,v3
1529,Advanced Microsoft Excel Masterclass,Microsoft Excel,0.6717683672904968,4.39464493597206,0.6595740091479589,2,v3
1529,Effective Communication and Active Listening,Active Listening,0.8550388813018799,3.596,0.8112608905792237,3,v3
1533,FileMaker Pro Database Development,FileMaker Pro,0.8307403922080994,3.0,0.7677187072819678,1,v3
1533,Email Management with Microsoft Outlook,Microsoft Outlook,0.7693076729774475,4.2912772585669785,0.7520521737704767,2,v3
1533,Effective Communication and Active Listening,Active Listening,0.8550388813018799,3.596,0.8112608905792237,3,v3
1534,Enterprise Resource Planning with SAP,SAP software,0.7140014171600342,4.11660777385159,0.6928258420489397,1,v3
1534,Email Management with Microsoft Outlook,Microsoft Outlook,0.7693076729774475,4.2912772585669785,0.7520521737704767,2,v3
1534,Effective Communication and Active Listening,Active Listening,0.8550388813018799,3.596,0.8112608905792237,3,v3
1535,Enterprise Resource Planning with SAP,SAP Adaptive Server Enterprise,0.7143436670303345,3.0,0.6601520784969988,1,v3
1535,Microsoft Office Suite Productivity Boost,Microsoft Office software,0.7261216044425964,4.470012239902081,0.7152051094650734,2,v3
1535,Continuous Learning Strategies,Active Learning,0.8114772439002991,3.121824175824176,0.7540075583535824,3,v3
1537,SQL Querying for Beginners,Database software,0.6944124102592468,3.0,0.6417328481016489,1,v3
1537,IBM Notes Collaboration and Email,IBM Notes,0.7330333590507507,3.0,0.677423931812418,2,v3
1537,Critical Thinking and Analytical Problem Solving,Critical Thinking,0.8358204960823059,3.517912087912088,0.7903257634793326,3,v3
1539,Enterprise Resource Planning with SAP,SAP software,0.7140014171600342,4.11660777385159,0.6928258420489397,1,v3
1539,Microsoft Office Suite Productivity Boost,Microsoft Office software,0.7261216044425964,4.470012239902081,0.7152051094650734,2,v3
1539,Effective Communication and Active Listening,Active Listening,0.8550388813018799,3.596,0.8112608905792237,3,v3
1541,Designing High-Impact PowerPoint Presentations,Microsoft PowerPoint,0.6504054069519043,4.3116057233704295,0.6363639810839333,1,v3
1541,Microsoft Office Suite Productivity Boost,Microsoft Office software,0.7261216044425964,4.470012239902081,0.7152051094650734,2,v3
1541,Performance Monitoring and Quality Assurance,Monitoring,0.6809203624725342,3.3096043956043952,0.6379877530688813,3,v3
1542,FileMaker Pro Database Development,FileMaker Pro,0.8307403922080994,3.0,0.7677187072819678,1,v3
1542,Email Management with Microsoft Outlook,Microsoft Outlook,0.7693076729774475,4.2912772585669785,0.7520521737704767,2,v3
1542,Continuous Learning Strategies,Active Learning,0.8114772439002991,3.121824175824176,0.7540075583535824,3,v3
1543,SQL Querying for Beginners,Database software,0.6944124102592468,3.0,0.6417328481016489,1,v3
1543,Advanced Microsoft Excel Masterclass,Microsoft Excel,0.6717683672904968,4.39464493597206,0.6595740091479589,2,v3
1543,Critical Thinking and Analytical Problem Solving,Critical Thinking,0.8358204960823059,3.517912087912088,0.7903257634793326,3,v3
1544,SQL Querying for Beginners,Database software,0.6944124102592468,3.0,0.6417328481016489,1,v3
1544,Microsoft Office Suite Productivity Boost,Microsoft Office software,0.7261216044425964,4.470012239902081,0.7152051094650734,2,v3
1544,Effective Communication and Active Listening,Active Listening,0.8550388813018799,3.596,0.8112608905792237,3,v3
1545,FileMaker Pro Database Development,FileMaker Pro,0.8307403922080994,3.0,0.7677187072819678,1,v3
1545,Email Management with Microsoft Outlook,Microsoft Outlook,0.7693076729774475,4.2912772585669785,0.7520521737704767,2,v3
1545,Critical Thinking and Analytical Problem Solving,Critical Thinking,0.8358204960823059,3.517912087912088,0.7903257634793326,3,v3
1546,SQL Querying for Beginners,Database software,0.6944124102592468,3.0,0.6417328481016489,1,v3
1546,IBM Notes Collaboration and Email,IBM Notes,0.7330333590507507,3.0,0.677423931812418,2,v3
1546,Critical Thinking and Analytical Problem Solving,Critical Thinking,0.8358204960823059,3.517912087912088,0.7903257634793326,3,v3
1547,Designing High-Impact PowerPoint Presentations,Microsoft PowerPoint,0.6504054069519043,4.3116057233704295,0.6363639810839333,1,v3
1547,Email Management with Microsoft Outlook,Microsoft Outlook,0.7693076729774475,4.2912772585669785,0.7520521737704767,2,v3
1547,Effective Communication and Active Listening,Active Listening,0.8550388813018799,3.596,0.8112608905792237,3,v3
1548,JavaScript Web Development Essentials,JavaScript,0.6920572519302368,4.154761904761905,0.6726251024918016,1,v3
1548,Email Management with Microsoft Outlook,Microsoft Outlook,0.7693076729774475,4.2912772585669785,0.7520521737704767,2,v3
1548,Critical Thinking and Analytical Problem Solving,Critical Thinking,0.8358204960823059,3.517912087912088,0.7903257634793326,3,v3
1549,FileMaker Pro Database Development,FileMaker Pro,0.8307403922080994,3.0,0.7677187072819678,1,v3
1549,IBM Notes Collaboration and Email,IBM Notes,0.7330333590507507,3.0,0.677423931812418,2,v3
1549,Speed Reading and Comprehension,Reading Comprehension,0.7913572788238525,3.4906263736263736,0.7473892405110989,3,v3
1550,Enterprise Resource Planning with SAP,SAP Crystal Reports,0.5466468334197998,3.0,0.5051770736431254,1,v3
1550,Email Management with Microsoft Outlook,Microsoft Outlook,0.7693076729774475,4.2912772585669785,0.7520521737704767,2,v3
1550,Effective Communication and Active Listening,Active Listening,0.8550388813018799,3.596,0.8112608905792237,3,v3
1551,FileMaker Pro Database Development,FileMaker Pro,0.8307403922080994,3.0,0.7677187072819678,1,v3
1551,Microsoft Office Suite Productivity Boost,Microsoft Office software,0.7261216044425964,4.470012239902081,0.7152051094650734,2,v3
1551,Speed Reading and Comprehension,Reading Comprehension,0.7913572788238525,3.4906263736263736,0.7473892405110989,3,v3
1552,SQL Querying for Beginners,Microsoft Access,0.38778817653656006,4.024193548387097,0.3748043899806641,1,v3
1552,IBM Notes Collaboration and Email,IBM Notes,0.7330333590507507,3.0,0.677423931812418,2,v3
1552,Effective Learning and Study Strategies,Learning Strategies,0.7836461663246155,2.7872087912087915,0.7172970220518456,3,v3
1553,SQL Querying for Beginners,Database software,0.6944124102592468,3.0,0.6417328481016489,1,v3
1553,Email Management with Microsoft Outlook,Microsoft Outlook,0.7693076729774475,4.2912772585669785,0.7520521737704767,2,v3
1553,Performance Monitoring and Quality Assurance,Monitoring,0.6809203624725342,3.3096043956043952,0.6379877530688813,3,v3
1554,Enterprise Resource Planning with SAP,Enterprise application integration EAI software,0.4598567485809326,3.1333333333333333,0.42750820488765323,1,v3
1554,Microsoft Office Suite Productivity Boost,Microsoft Dynamics,0.40439698100090027,3.0,0.373718589338763,2,v3
1554,Critical Thinking and Analytical Problem Solving,Critical Thinking,0.8358204960823059,3.517912087912088,0.7903257634793326,3,v3
1555,Python Programming for Data Analytics,Python,0.6116408705711365,4.5,0.6032044447701553,1,v3
1555,Microsoft Office Suite Productivity Boost,Microsoft Office software,0.7261216044425964,4.470012239902081,0.7152051094650734,2,v3
1555,Effective Communication and Active Listening,Active Listening,0.8550388813018799,3.596,0.8112608905792237,3,v3
1556,Designing High-Impact PowerPoint Presentations,Microsoft PowerPoint,0.6504054069519043,4.3116057233704295,0.6363639810839333,1,v3
1556,Advanced Microsoft Excel Masterclass,Microsoft Excel,0.6717683672904968,4.39464493597206,0.6595740091479589,2,v3
1556,Effective Communication and Active Listening,Active Listening,0.8550388813018799,3.596,0.8112608905792237,3,v3
1557,Linux System Administration Basics,Linux,0.644400417804718,4.163934426229508,0.6265509997875156,1,v3
1557,Email Management with Microsoft Outlook,Microsoft Outlook,0.7693076729774475,4.2912772585669785,0.7520521737704767,2,v3
1557,Effective Communication and Active Listening,Active Listening,0.8550388813018799,3.596,0.8112608905792237,3,v3
1558,Linux System Administration Basics,Linux,0.644400417804718,4.163934426229508,0.6265509997875156,1,v3
1558,Advanced Microsoft Excel Masterclass,Microsoft Visual Basic,0.39220210909843445,4.0,0.37867789843986777,2,v3
1558,Effective Communication and Active Listening,Active Listening,0.8550388813018799,3.596,0.8112608905792237,3,v3
1560,Enterprise Resource Planning with SAP,SAP software,0.7140014171600342,4.11660777385159,0.6928258420489397,1,v3
1560,Professional Document Creation in Microsoft Word,Microsoft Word,0.6755681037902832,4.103316326530612,0.6551608125480609,2,v3
1560,Effective Communication and Active Listening,Active Listening,0.8550388813018799,3.596,0.8112608905792237,3,v3
1562,C++ Object-Oriented Programming,C++,0.711704671382904,4.218181818181818,0.6935885524749756,1,v3
1562,Microsoft Office Suite Productivity Boost,Microsoft Office software,0.7261216044425964,4.470012239902081,0.7152051094650734,2,v3
1562,Effective Communication and Active Listening,Active Listening,0.8550388813018799,3.596,0.8112608905792237,3,v3
1563,Enterprise Resource Planning with SAP,SAP software,0.7140014171600342,4.11660777385159,0.6928258420489397,1,v3
1563,IBM Notes Collaboration and Email,IBM Notes,0.7330333590507507,3.0,0.677423931812418,2,v3
1563,Effective Communication and Active Listening,Active Listening,0.8550388813018799,3.596,0.8112608905792237,3,v3
1564,SQL Querying for Beginners,Database software,0.6944124102592468,3.0,0.6417328481016489,1,v3
1564,Email Management with Microsoft Outlook,Microsoft Outlook,0.7693076729774475,4.2912772585669785,0.7520521737704767,2,v3
1564,Effective Communication and Active Listening,Active Listening,0.8550388813018799,3.596,0.8112608905792237,3,v3
1568,C++ Object-Oriented Programming,C++,0.711704671382904,4.218181818181818,0.6935885524749756,1,v3
1568,Email Management with Microsoft Outlook,Microsoft Outlook,0.7693076729774475,4.2912772585669785,0.7520521737704767,2,v3
1568,Effective Communication and Active Listening,Active Listening,0.8550388813018799,3.596,0.8112608905792237,3,v3
1569,FileMaker Pro Database Development,FileMaker Pro,0.8307403922080994,3.0,0.7677187072819678,1,v3
1569,Professional Document Creation in Microsoft Word,Microsoft Word,0.6755681037902832,4.103316326530612,0.6551608125480609,2,v3
1569,Effective Communication and Active Listening,Active Listening,0.8550388813018799,3.596,0.8112608905792237,3,v3
1572,Enterprise Resource Planning with SAP,SAP Business Objects,0.662801206111908,3.0,0.6125197353034184,1,v3
1572,IBM Notes Collaboration and Email,IBM Notes,0.7330333590507507,3.0,0.677423931812418,2,v3
1572,Effective Communication and Active Listening,Active Listening,0.8550388813018799,3.596,0.8112608905792237,3,v3
1573,FileMaker Pro Database Development,FileMaker Pro,0.8307403922080994,3.0,0.7677187072819678,1,v3
1573,Email Management with Microsoft Outlook,Microsoft Outlook,0.7693076729774475,4.2912772585669785,0.7520521737704767,2,v3
1573,Effective Communication and Active Listening,Active Listening,0.8550388813018799,3.596,0.8112608905792237,3,v3
1574,Designing High-Impact PowerPoint Presentations,Microsoft PowerPoint,0.6504054069519043,4.3116057233704295,0.6363639810839333,1,v3
1574,Advanced Microsoft Excel Masterclass,Microsoft Excel,0.6717683672904968,4.39464493597206,0.6595740091479589,2,v3
1574,Effective Communication and Active Listening,Active Listening,0.8550388813018799,3.596,0.8112608905792237,3,v3
1576,Designing High-Impact PowerPoint Presentations,Microsoft PowerPoint,0.6504054069519043,4.3116057233704295,0.6363639810839333,1,v3
1576,Microsoft Office Suite Productivity Boost,Microsoft Office software,0.7261216044425964,4.470012239902081,0.7152051094650734,2,v3
1576,Critical Thinking and Analytical Problem Solving,Critical Thinking,0.8358204960823059,3.517912087912088,0.7903257634793326,3,v3
1577,SQL Querying for Beginners,Database software,0.6944124102592468,3.0,0.6417328481016489,1,v3
1577,IBM Notes Collaboration and Email,IBM Notes,0.7330333590507507,3.0,0.677423931812418,2,v3
1577,Effective Communication and Active Listening,Active Listening,0.8550388813018799,3.596,0.8112608905792237,3,v3
1578,FileMaker Pro Database Development,FileMaker Pro,0.8307403922080994,3.0,0.7677187072819678,1,v3
1578,Microsoft Office Suite Productivity Boost,Microsoft Office software,0.7261216044425964,4.470012239902081,0.7152051094650734,2,v3
1578,Continuous Learning Strategies,Active Learning,0.8114772439002991,3.121824175824176,0.7540075583535824,3,v3
1580,FileMaker Pro Database Development,FileMaker Pro,0.8307403922080994,3.0,0.7677187072819678,1,v3
1580,Business Writing Essentials,Writing,0.5721129179000854,3.193,0.5332802603968259,2,v3
1580,Essential Mathematics for Business,Mathematics,0.727954089641571,2.55278021978022,0.6592587255454687,3,v3
1581,FileMaker Pro Database Development,FileMaker Pro,0.8307403922080994,3.0,0.7677187072819678,1,v3
1581,IBM Notes Collaboration and Email,IBM Notes,0.7330333590507507,3.0,0.677423931812418,2,v3
1581,Critical Thinking and Analytical Problem Solving,Critical Thinking,0.8358204960823059,3.517912087912088,0.7903257634793326,3,v3
1582,Enterprise Resource Planning with SAP,SAP software,0.7140014171600342,4.11660777385159,0.6928258420489397,1,v3
1582,Email Management with Microsoft Outlook,Microsoft Outlook,0.7693076729774475,4.2912772585669785,0.7520521737704767,2,v3
1582,Effective Communication and Active Listening,Active Listening,0.8550388813018799,3.596,0.8112608905792237,3,v3
1583,JavaScript Web Development Essentials,JavaScript,0.6920572519302368,4.154761904761905,0.6726251024918016,1,v3
1583,Advanced Microsoft Excel Masterclass,Microsoft Excel,0.6717683672904968,4.39464493597206,0.6595740091479589,2,v3
1583,Speed Reading and Comprehension,Reading Comprehension,0.7913572788238525,3.4906263736263736,0.7473892405110989,3,v3
1585,C++ Object-Oriented Programming,C++,0.711704671382904,4.218181818181818,0.6935885524749756,1,v3
1585,Email Management with Microsoft Outlook,Microsoft Outlook,0.7693076729774475,4.2912772585669785,0.7520521737704767,2,v3
1585,Effective Communication and Active Listening,Active Listening,0.8550388813018799,3.596,0.8112608905792237,3,v3
1586,FileMaker Pro Database Development,FileMaker Pro,0.8307403922080994,3.0,0.7677187072819678,1,v3
1586,Email Management with Microsoft Outlook,Microsoft Outlook,0.7693076729774475,4.2912772585669785,0.7520521737704767,2,v3
1586,Effective Communication and Active Listening,Active Listening,0.8550388813018799,3.596,0.8112608905792237,3,v3
1587,SQL Querying for Beginners,Database software,0.6944124102592468,3.0,0.6417328481016489,1,v3
1587,Email Management with Microsoft Outlook,Microsoft Outlook,0.7693076729774475,4.2912772585669785,0.7520521737704767,2,v3
1587,Effective Communication and Active Listening,Active Listening,0.8550388813018799,3.596,0.8112608905792237,3,v3
1588,Enterprise Resource Planning with SAP,SAP Adaptive Server Enterprise,0.7143436670303345,3.0,0.6601520784969988,1,v3
1588,Email Management with Microsoft Outlook,Microsoft Exchange,0.538519561290741,3.0,0.4976663531928227,2,v3
1588,Critical Thinking and Analytical Problem Solving,Critical Thinking,0.8358204960823059,3.517912087912088,0.7903257634793326,3,v3
1590,SQL Querying for Beginners,Data entry software,0.48325756192207336,3.0,0.44659664343143335,1,v3
1590,Email Management with Microsoft Outlook,Microsoft Outlook,0.7693076729774475,4.2912772585669785,0.7520521737704767,2,v3
1590,Effective Communication and Active Listening,Active Listening,0.8550388813018799,3.596,0.8112608905792237,3,v3
1591,Enterprise Resource Planning with SAP,SAP Business Objects,0.662801206111908,3.0,0.6125197353034184,1,v3
1591,Email Management with Microsoft Outlook,Microsoft Outlook,0.7693076729774475,4.2912772585669785,0.7520521737704767,2,v3
1591,Effective Communication and Active Listening,Active Listening,0.8550388813018799,3.596,0.8112608905792237,3,v3
1592,FileMaker Pro Database Development,FileMaker Pro,0.8307403922080994,3.0,0.7677187072819678,1,v3
1592,Advanced Microsoft Excel Masterclass,Microsoft Excel,0.6717683672904968,4.39464493597206,0.6595740091479589,2,v3
1592,Continuous Learning Strategies,Active Learning,0.8114772439002991,3.121824175824176,0.7540075583535824,3,v3
1594,FileMaker Pro Database Development,FileMaker Pro,0.8307403922080994,3.0,0.7677187072819678,1,v3
1594,Email Management with Microsoft Outlook,Microsoft Outlook,0.7693076729774475,4.2912772585669785,0.7520521737704767,2,v3
1594,Critical Thinking and Analytical Problem Solving,Critical Thinking,0.8358204960823059,3.517912087912088,0.7903257634793326,3,v3
1595,Enterprise Resource Planning with SAP,SAP software,0.7140014171600342,4.11660777385159,0.6928258420489397,1,v3
1595,Professional Document Creation in Microsoft Word,Microsoft Word,0.6755681037902832,4.103316326530612,0.6551608125480609,2,v3
1595,Performance Monitoring and Quality Assurance,Monitoring,0.6809203624725342,3.3096043956043952,0.6379877530688813,3,v3
1596,FileMaker Pro Database Development,FileMaker Pro,0.8307403922080994,3.0,0.7677187072819678,1,v3
1596,Email Management with Microsoft Outlook,Microsoft Outlook,0.7693076729774475,4.2912772585669785,0.7520521737704767,2,v3
1596,Continuous Learning Strategies,Active Learning,0.8114772439002991,3.121824175824176,0.7540075583535824,3,v3
1597,JavaScript Web Development Essentials,Web browser software,0.4755171537399292,3.0092807424593966,0.43962605182471604,1,v3
1597,IBM Notes Collaboration and Email,IBM Notes,0.7330333590507507,3.0,0.677423931812418,2,v3
1597,Effective Communication and Active Listening,Active Listening,0.8550388813018799,3.596,0.8112608905792237,3,v3
1598,C++ Object-Oriented Programming,C++,0.711704671382904,4.218181818181818,0.6935885524749756,1,v3
1598,Email Management with Microsoft Outlook,Microsoft Outlook,0.7693076729774475,4.2912772585669785,0.7520521737704767,2,v3
1598,Effective Communication and Active Listening,Active Listening,0.8550388813018799,3.596,0.8112608905792237,3,v3
1599,FileMaker Pro Database Development,FileMaker Pro,0.8307403922080994,3.0,0.7677187072819678,1,v3
1599,Email Management with Microsoft Outlook,Microsoft Outlook,0.7693076729774475,4.2912772585669785,0.7520521737704767,2,v3
1599,Continuous Learning Strategies,Active Learning,0.8114772439002991,3.121824175824176,0.7540075583535824,3,v3
1601,Enterprise Resource Planning with SAP,SAP software,0.7140014171600342,4.11660777385159,0.6928258420489397,1,v3
1601,Email Management with Microsoft Outlook,Microsoft Outlook,0.7693076729774475,4.2912772585669785,0.7520521737704767,2,v3
1601,Effective Communication and Active Listening,Active Listening,0.8550388813018799,3.596,0.8112608905792237,3,v3
1602,Enterprise Resource Planning with SAP,SAP software,0.7140014171600342,4.11660777385159,0.6928258420489397,1,v3
1602,Email Management with Microsoft Outlook,Microsoft Outlook,0.7693076729774475,4.2912772585669785,0.7520521737704767,2,v3
1602,Critical Thinking and Analytical Problem Solving,Critical Thinking,0.8358204960823059,3.517912087912088,0.7903257634793326,3,v3
1604,Enterprise Resource Planning with SAP,SAP software,0.7140014171600342,4.11660777385159,0.6928258420489397,1,v3
1604,Microsoft Office Suite Productivity Boost,Microsoft Office software,0.7261216044425964,4.470012239902081,0.7152051094650734,2,v3
1604,Speed Reading and Comprehension,Reading Comprehension,0.7913572788238525,3.4906263736263736,0.7473892405110989,3,v3
1605,SQL Querying for Beginners,Database software,0.6944124102592468,3.0,0.6417328481016489,1,v3
1605,Microsoft Office Suite Productivity Boost,Microsoft Office software,0.7261216044425964,4.470012239902081,0.7152051094650734,2,v3
1605,Effective Communication and Active Listening,Active Listening,0.8550388813018799,3.596,0.8112608905792237,3,v3
1606,SQL Querying for Beginners,Database software,0.6944124102592468,3.0,0.6417328481016489,1,v3
1606,Microsoft Office Suite Productivity Boost,Microsoft Office software,0.7261216044425964,4.470012239902081,0.7152051094650734,2,v3
1606,Effective Communication and Active Listening,Active Listening,0.8550388813018799,3.596,0.8112608905792237,3,v3
1607,FileMaker Pro Database Development,FileMaker Pro,0.8307403922080994,3.0,0.7677187072819678,1,v3
1607,Microsoft Office Suite Productivity Boost,Microsoft Office software,0.7261216044425964,4.470012239902081,0.7152051094650734,2,v3
1607,Critical Thinking and Analytical Problem Solving,Critical Thinking,0.8358204960823059,3.517912087912088,0.7903257634793326,3,v3
1608,Enterprise Resource Planning with SAP,SAP software,0.7140014171600342,4.11660777385159,0.6928258420489397,1,v3
1608,Email Management with Microsoft Outlook,Microsoft Outlook,0.7693076729774475,4.2912772585669785,0.7520521737704767,2,v3
1608,Speed Reading and Comprehension,Reading Comprehension,0.7913572788238525,3.4906263736263736,0.7473892405110989,3,v3
1609,Linux System Administration Basics,Linux,0.644400417804718,4.163934426229508,0.6265509997875156,1,v3
1609,Microsoft Office Suite Productivity Boost,Microsoft Office software,0.7261216044425964,4.470012239902081,0.7152051094650734,2,v3
1609,Performance Monitoring and Quality Assurance,Monitoring,0.6809203624725342,3.3096043956043952,0.6379877530688813,3,v3
1611,SQL Querying for Beginners,Data entry software,0.48325756192207336,3.0,0.44659664343143335,1,v3
1611,Advanced Microsoft Excel Masterclass,Microsoft Excel,0.6717683672904968,4.39464493597206,0.6595740091479589,2,v3
1611,Performance Monitoring and Quality Assurance,Monitoring,0.6809203624725342,3.3096043956043952,0.6379877530688813,3,v3
1612,C++ Object-Oriented Programming,C++,0.711704671382904,4.218181818181818,0.6935885524749756,1,v3
1612,Microsoft Office Suite Productivity Boost,Microsoft Office software,0.7261216044425964,4.470012239902081,0.7152051094650734,2,v3
1612,Speed Reading and Comprehension,Reading Comprehension,0.7913572788238525,3.4906263736263736,0.7473892405110989,3,v3
1613,Enterprise Resource Planning with SAP,SAP Business One,0.698078453540802,3.0,0.6451207777549481,1,v3
1613,Email Management with Microsoft Outlook,Microsoft Outlook,0.7693076729774475,4.2912772585669785,0.7520521737704767,2,v3
1613,Effective Communication and Active Listening,Active Listening,0.8550388813018799,3.596,0.8112608905792237,3,v3
1614,FileMaker Pro Database Development,FileMaker Pro,0.8307403922080994,3.0,0.7677187072819678,1,v3
1614,IBM Notes Collaboration and Email,IBM Notes,0.7330333590507507,3.0,0.677423931812418,2,v3
1614,Effective Communication and Active Listening,Active Listening,0.8550388813018799,3.596,0.8112608905792237,3,v3
1615,FileMaker Pro Database Development,FileMaker Pro,0.8307403922080994,3.0,0.7677187072819678,1,v3
1615,Microsoft Office Suite Productivity Boost,Microsoft Office software,0.7261216044425964,4.470012239902081,0.7152051094650734,2,v3
1615,Effective Communication and Active Listening,Active Listening,0.8550388813018799,3.596,0.8112608905792237,3,v3
1617,FileMaker Pro Database Development,FileMaker Pro,0.8307403922080994,3.0,0.7677187072819678,1,v3
1617,Professional Document Creation in Microsoft Word,Microsoft Word,0.6755681037902832,4.103316326530612,0.6551608125480609,2,v3
1617,Effective Communication and Active Listening,Active Listening,0.8550388813018799,3.596,0.8112608905792237,3,v3
1618,FileMaker Pro Database Development,FileMaker Pro,0.8307403922080994,3.0,0.7677187072819678,1,v3
1618,Email Management with Microsoft Outlook,Microsoft Outlook,0.7693076729774475,4.2912772585669785,0.7520521737704767,2,v3
1618,Effective Communication and Active Listening,Active Listening,0.8550388813018799,3.596,0.8112608905792237,3,v3
1619,Enterprise Resource Planning with SAP,SAP software,0.7140014171600342,4.11660777385159,0.6928258420489397,1,v3
1619,Email Management with Microsoft Outlook,Microsoft Outlook,0.7693076729774475,4.2912772585669785,0.7520521737704767,2,v3
1619,Effective Communication and Active Listening,Active Listening,0.8550388813018799,3.596,0.8112608905792237,3,v3
1621,SQL Querying for Beginners,Database software,0.6944124102592468,3.0,0.6417328481016489,1,v3
1621,IBM Notes Collaboration and Email,IBM Notes,0.7330333590507507,3.0,0.677423931812418,2,v3
1621,Critical Thinking and Analytical Problem Solving,Critical Thinking,0.8358204960823059,3.517912087912088,0.7903257634793326,3,v3
1622,FileMaker Pro Database Development,FileMaker Pro,0.8307403922080994,3.0,0.7677187072819678,1,v3
1622,Microsoft Office Suite Productivity Boost,Microsoft Office software,0.7261216044425964,4.470012239902081,0.7152051094650734,2,v3
1622,Effective Communication and Active Listening,Active Listening,0.8550388813018799,3.596,0.8112608905792237,3,v3
1623,FileMaker Pro Database Development,FileMaker Pro,0.8307403922080994,3.0,0.7677187072819678,1,v3
1623,IBM Notes Collaboration and Email,IBM Notes,0.7330333590507507,3.0,0.677423931812418,2,v3
1623,Effective Communication and Active Listening,Active Listening,0.8550388813018799,3.596,0.8112608905792237,3,v3
1624,Designing High-Impact PowerPoint Presentations,Microsoft PowerPoint,0.6504054069519043,4.3116057233704295,0.6363639810839333,1,v3
1624,Email Management with Microsoft Outlook,Microsoft Outlook,0.7693076729774475,4.2912772585669785,0.7520521737704767,2,v3
1624,Effective Communication and Active Listening,Active Listening,0.8550388813018799,3.596,0.8112608905792237,3,v3
1625,FileMaker Pro Database Development,FileMaker Pro,0.8307403922080994,3.0,0.7677187072819678,1,v3
1625,Microsoft Office Suite Productivity Boost,Microsoft Office software,0.7261216044425964,4.470012239902081,0.7152051094650734,2,v3
1625,Effective Communication and Active Listening,Active Listening,0.8550388813018799,3.596,0.8112608905792237,3,v3
1627,SQL Querying for Beginners,Database software,0.6944124102592468,3.0,0.6417328481016489,1,v3
1627,Microsoft Office Suite Productivity Boost,Microsoft Office software,0.7261216044425964,4.470012239902081,0.7152051094650734,2,v3
1627,Effective Communication and Active Listening,Active Listening,0.8550388813018799,3.596,0.8112608905792237,3,v3
1628,SQL Querying for Beginners,Database software,0.6944124102592468,3.0,0.6417328481016489,1,v3
1628,Microsoft Office Suite Productivity Boost,Microsoft Office software,0.7261216044425964,4.470012239902081,0.7152051094650734,2,v3
1628,Effective Communication and Active Listening,Active Listening,0.8550388813018799,3.596,0.8112608905792237,3,v3
1630,JavaScript Web Development Essentials,Web browser software,0.4755171537399292,3.0092807424593966,0.43962605182471604,1,v3
1630,Email Management with Microsoft Outlook,Microsoft Outlook,0.7693076729774475,4.2912772585669785,0.7520521737704767,2,v3
1630,Effective Communication and Active Listening,Active Listening,0.8550388813018799,3.596,0.8112608905792237,3,v3
1631,FileMaker Pro Database Development,FileMaker Pro,0.8307403922080994,3.0,0.7677187072819678,1,v3
1631,Email Management with Microsoft Outlook,Microsoft Outlook,0.7693076729774475,4.2912772585669785,0.7520521737704767,2,v3
1631,Critical Thinking and Analytical Problem Solving,Critical Thinking,0.8358204960823059,3.517912087912088,0.7903257634793326,3,v3
1633,Enterprise Resource Planning with SAP,SAP software,0.7140014171600342,4.11660777385159,0.6928258420489397,1,v3
1633,IBM Notes Collaboration and Email,IBM Notes,0.7330333590507507,3.0,0.677423931812418,2,v3
1633,Critical Thinking and Analytical Problem Solving,Critical Thinking,0.8358204960823059,3.517912087912088,0.7903257634793326,3,v3
1635,SQL Querying for Beginners,Database software,0.6944124102592468,3.0,0.6417328481016489,1,v3
1635,Email Management with Microsoft Outlook,Microsoft Outlook,0.7693076729774475,4.2912772585669785,0.7520521737704767,2,v3
1635,Critical Thinking and Analytical Problem Solving,Critical Thinking,0.8358204960823059,3.517912087912088,0.7903257634793326,3,v3
1638,Enterprise Resource Planning with SAP,SAP software,0.7140014171600342,4.11660777385159,0.6928258420489397,1,v3
1638,Microsoft Office Suite Productivity Boost,Microsoft Office software,0.7261216044425964,4.470012239902081,0.7152051094650734,2,v3
1638,Effective Communication and Active Listening,Active Listening,0.8550388813018799,3.596,0.8112608905792237,3,v3
1639,C++ Object-Oriented Programming,C++,0.711704671382904,4.218181818181818,0.6935885524749756,1,v3
1639,Email Management with Microsoft Outlook,Microsoft Outlook,0.7693076729774475,4.2912772585669785,0.7520521737704767,2,v3
1639,Critical Thinking and Analytical Problem Solving,Critical Thinking,0.8358204960823059,3.517912087912088,0.7903257634793326,3,v3
1640,Enterprise Resource Planning with SAP,ESRI ArcGIS software,0.3975674510002136,4.225806451612903,0.387572985602433,1,v3
1640,Microsoft Office Suite Productivity Boost,Microsoft Office software,0.7261216044425964,4.470012239902081,0.7152051094650734,2,v3
1640,Performance Monitoring and Quality Assurance,Monitoring,0.6809203624725342,3.3096043956043952,0.6379877530688813,3,v3
1641,Designing High-Impact PowerPoint Presentations,Microsoft PowerPoint,0.6504054069519043,4.3116057233704295,0.6363639810839333,1,v3
1641,Microsoft Office Suite Productivity Boost,Microsoft Office software,0.7261216044425964,4.470012239902081,0.7152051094650734,2,v3
1641,Effective Communication and Active Listening,Active Listening,0.8550388813018799,3.596,0.8112608905792237,3,v3
1642,Enterprise Resource Planning with SAP,SAP Business Objects,0.662801206111908,3.0,0.6125197353034184,1,v3
1642,Email Management with Microsoft Outlook,Microsoft Outlook,0.7693076729774475,4.2912772585669785,0.7520521737704767,2,v3
1642,Continuous Learning Strategies,Active Learning,0.8114772439002991,3.121824175824176,0.7540075583535824,3,v3
1644,SQL Querying for Beginners,Database software,0.6944124102592468,3.0,0.6417328481016489,1,v3
1644,Email Management with Microsoft Outlook,Microsoft Outlook,0.7693076729774475,4.2912772585669785,0.7520521737704767,2,v3
1644,Speed Reading and Comprehension,Reading Comprehension,0.7913572788238525,3.4906263736263736,0.7473892405110989,3,v3
1645,JavaScript Web Development Essentials,JavaScript,0.6920572519302368,4.154761904761905,0.6726251024918016,1,v3
1645,Microsoft Office Suite Productivity Boost,Microsoft Azure software,0.4527742862701416,4.479166666666667,0.4461388010403206,2,v3
1645,Effective Communication and Active Listening,Active Listening,0.8550388813018799,3.596,0.8112608905792237,3,v3
1646,FileMaker Pro Database Development,FileMaker Pro,0.8307403922080994,3.0,0.7677187072819678,1,v3
1646,Microsoft Office Suite Productivity Boost,Microsoft Office software,0.7261216044425964,4.470012239902081,0.7152051094650734,2,v3
1646,Effective Communication and Active Listening,Active Listening,0.8550388813018799,3.596,0.8112608905792237,3,v3
1647,SQL Querying for Beginners,Database software,0.6944124102592468,3.0,0.6417328481016489,1,v3
1647,Email Management with Microsoft Outlook,Microsoft Exchange,0.538519561290741,3.0,0.4976663531928227,2,v3
1647,Critical Thinking and Analytical Problem Solving,Critical Thinking,0.8358204960823059,3.517912087912088,0.7903257634793326,3,v3
1648,FileMaker Pro Database Development,FileMaker Pro,0.8307403922080994,3.0,0.7677187072819678,1,v3
1648,Microsoft Office Suite Productivity Boost,Microsoft Office software,0.7261216044425964,4.470012239902081,0.7152051094650734,2,v3
1648,Effective Communication and Active Listening,Active Listening,0.8550388813018799,3.596,0.8112608905792237,3,v3
1649,FileMaker Pro Database Development,FileMaker Pro,0.8307403922080994,3.0,0.7677187072819678,1,v3
1649,Advanced Microsoft Excel Masterclass,Microsoft Excel,0.6717683672904968,4.39464493597206,0.6595740091479589,2,v3
1649,Critical Thinking and Analytical Problem Solving,Critical Thinking,0.8358204960823059,3.517912087912088,0.7903257634793326,3,v3
1650,C++ Object-Oriented Programming,C++,0.711704671382904,4.218181818181818,0.6935885524749756,1,v3
1650,Advanced Microsoft Excel Masterclass,Microsoft Excel,0.6717683672904968,4.39464493597206,0.6595740091479589,2,v3
1650,Speed Reading and Comprehension,Reading Comprehension,0.7913572788238525,3.4906263736263736,0.7473892405110989,3,v3
1651,SQL Querying for Beginners,Database software,0.6944124102592468,3.0,0.6417328481016489,1,v3
1651,Microsoft Office Suite Productivity Boost,Microsoft Office software,0.7261216044425964,4.470012239902081,0.7152051094650734,2,v3
1651,Effective Communication and Active Listening,Active Listening,0.8550388813018799,3.596,0.8112608905792237,3,v3
1653,Enterprise Resource Planning with SAP,SAP Business Objects,0.662801206111908,3.0,0.6125197353034184,1,v3
1653,IBM Notes Collaboration and Email,IBM Notes,0.7330333590507507,3.0,0.677423931812418,2,v3
1653,Speed Reading and Comprehension,Reading Comprehension,0.7913572788238525,3.4906263736263736,0.7473892405110989,3,v3
1654,Enterprise Resource Planning with SAP,SAP software,0.7140014171600342,4.11660777385159,0.6928258420489397,1,v3
1654,Email Management with Microsoft Outlook,Microsoft Outlook,0.7693076729774475,4.2912772585669785,0.7520521737704767,2,v3
1654,Effective Communication and Active Listening,Active Listening,0.8550388813018799,3.596,0.8112608905792237,3,v3
1655,Designing High-Impact PowerPoint Presentations,Microsoft PowerPoint,0.6504054069519043,4.3116057233704295,0.6363639810839333,1,v3
1655,Microsoft Office Suite Productivity Boost,Microsoft Office software,0.7261216044425964,4.470012239902081,0.7152051094650734,2,v3
1655,Continuous Learning Strategies,Active Learning,0.8114772439002991,3.121824175824176,0.7540075583535824,3,v3
1656,Designing High-Impact PowerPoint Presentations,Microsoft PowerPoint,0.6504054069519043,4.3116057233704295,0.6363639810839333,1,v3
1656,Microsoft Office Suite Productivity Boost,Microsoft Office software,0.7261216044425964,4.470012239902081,0.7152051094650734,2,v3
1656,Effective Communication and Active Listening,Active Listening,0.8550388813018799,3.596,0.8112608905792237,3,v3
1657,Email Management with Microsoft Outlook,Microsoft Outlook,0.7693076729774475,4.2912772585669785,0.7520521737704767,1,v3
1657,Effective Communication and Active Listening,Active Listening,0.8550388813018799,3.596,0.8112608905792237,2,v3
1657,Continuous Learning Strategies,Active Learning,0.8114772439002991,3.121824175824176,0.7540075583535824,3,v3
1658,SQL Querying for Beginners,Database software,0.6944124102592468,3.0,0.6417328481016489,1,v3
1658,Microsoft Office Suite Productivity Boost,Microsoft Office software,0.7261216044425964,4.470012239902081,0.7152051094650734,2,v3
1658,Speed Reading and Comprehension,Reading Comprehension,0.7913572788238525,3.4906263736263736,0.7473892405110989,3,v3
1659,Designing High-Impact PowerPoint Presentations,Microsoft PowerPoint,0.6504054069519043,4.3116057233704295,0.6363639810839333,1,v3
1659,Email Management with Microsoft Outlook,Microsoft Outlook,0.7693076729774475,4.2912772585669785,0.7520521737704767,2,v3
1659,Continuous Learning Strategies,Active Learning,0.8114772439002991,3.121824175824176,0.7540075583535824,3,v3
1661,JavaScript Web Development Essentials,Web browser software,0.4755171537399292,3.0092807424593966,0.43962605182471604,1,v3
1661,Microsoft Office Suite Productivity Boost,Microsoft Office software,0.7261216044425964,4.470012239902081,0.7152051094650734,2,v3
1661,Effective Learning and Study Strategies,Learning Strategies,0.7836461663246155,2.7872087912087915,0.7172970220518456,3,v3
1662,SQL Querying for Beginners,Database software,0.6944124102592468,3.0,0.6417328481016489,1,v3
1662,Professional Document Creation in Microsoft Word,Microsoft Word,0.6755681037902832,4.103316326530612,0.6551608125480609,2,v3
1662,Speed Reading and Comprehension,Reading Comprehension,0.7913572788238525,3.4906263736263736,0.7473892405110989,3,v3
1664,Email Management with Microsoft Outlook,Microsoft Outlook,0.7693076729774475,4.2912772585669785,0.7520521737704767,1,v3
1664,Continuous Learning Strategies,Active Learning,0.8114772439002991,3.121824175824176,0.7540075583535824,2,v3
1664,Advanced Microsoft Excel Masterclass,Microsoft Excel,0.6717683672904968,4.39464493597206,0.6595740091479589,3,v3
1665,FileMaker Pro Database Development,FileMaker Pro,0.8307403922080994,3.0,0.7677187072819678,1,v3
1665,Advanced Microsoft Excel Masterclass,Microsoft Excel,0.6717683672904968,4.39464493597206,0.6595740091479589,2,v3
1665,Continuous Learning Strategies,Active Learning,0.8114772439002991,3.121824175824176,0.7540075583535824,3,v3
1666,Enterprise Resource Planning with SAP,SAP software,0.7140014171600342,4.11660777385159,0.6928258420489397,1,v3
1666,Microsoft Office Suite Productivity Boost,Microsoft Office software,0.7261216044425964,4.470012239902081,0.7152051094650734,2,v3
1666,Effective Learning and Study Strategies,Learning Strategies,0.7836461663246155,2.7872087912087915,0.7172970220518456,3,v3
1667,C++ Object-Oriented Programming,C++,0.711704671382904,4.218181818181818,0.6935885524749756,1,v3
1667,Microsoft Office Suite Productivity Boost,Microsoft Office software,0.7261216044425964,4.470012239902081,0.7152051094650734,2,v3
1667,Effective Communication and Active Listening,Active Listening,0.8550388813018799,3.596,0.8112608905792237,3,v3
1668,FileMaker Pro Database Development,FileMaker Pro,0.8307403922080994,3.0,0.7677187072819678,1,v3
1668,Microsoft Office Suite Productivity Boost,Microsoft Office software,0.7261216044425964,4.470012239902081,0.7152051094650734,2,v3
1668,Continuous Learning Strategies,Active Learning,0.8114772439002991,3.121824175824176,0.7540075583535824,3,v3
1669,C++ Object-Oriented Programming,C++,0.711704671382904,4.218181818181818,0.6935885524749756,1,v3
1669,Professional Document Creation in Microsoft Word,Microsoft Word,0.6755681037902832,4.103316326530612,0.6551608125480609,2,v3
1669,Continuous Learning Strategies,Active Learning,0.8114772439002991,3.121824175824176,0.7540075583535824,3,v3
1670,Enterprise Resource Planning with SAP,SAP Adaptive Server Enterprise,0.7143436670303345,3.0,0.6601520784969988,1,v3
1670,Email Management with Microsoft Outlook,Microsoft Outlook,0.7693076729774475,4.2912772585669785,0.7520521737704767,2,v3
1670,Essential Mathematics for Business,Mathematics,0.727954089641571,2.55278021978022,0.6592587255454687,3,v3
1671,FileMaker Pro Database Development,FileMaker Pro,0.8307403922080994,3.0,0.7677187072819678,1,v3
1671,IBM Notes Collaboration and Email,IBM Notes,0.7330333590507507,3.0,0.677423931812418,2,v3
1671,Continuous Learning Strategies,Active Learning,0.8114772439002991,3.121824175824176,0.7540075583535824,3,v3
1673,JavaScript Web Development Essentials,JavaScript,0.6920572519302368,4.154761904761905,0.6726251024918016,1,v3
1673,Professional Document Creation in Microsoft Word,Microsoft Word,0.6755681037902832,4.103316326530612,0.6551608125480609,2,v3
1673,Critical Thinking and Analytical Problem Solving,Critical Thinking,0.8358204960823059,3.517912087912088,0.7903257634793326,3,v3
1674,SQL Querying for Beginners,Database software,0.6944124102592468,3.0,0.6417328481016489,1,v3
1674,Email Management with Microsoft Outlook,Microsoft Outlook,0.7693076729774475,4.2912772585669785,0.7520521737704767,2,v3
1674,Speed Reading and Comprehension,Reading Comprehension,0.7913572788238525,3.4906263736263736,0.7473892405110989,3,v3
1675,FileMaker Pro Database Development,FileMaker Pro,0.8307403922080994,3.0,0.7677187072819678,1,v3
1675,Email Management with Microsoft Outlook,Microsoft Outlook,0.7693076729774475,4.2912772585669785,0.7520521737704767,2,v3
1675,Effective Communication and Active Listening,Active Listening,0.8550388813018799,3.596,0.8112608905792237,3,v3
1676,Enterprise Resource Planning with SAP,SAP software,0.7140014171600342,4.11660777385159,0.6928258420489397,1,v3
1676,Microsoft Office Suite Productivity Boost,Microsoft Office software,0.7261216044425964,4.470012239902081,0.7152051094650734,2,v3
1676,Critical Thinking and Analytical Problem Solving,Critical Thinking,0.8358204960823059,3.517912087912088,0.7903257634793326,3,v3
1677,FileMaker Pro Database Development,FileMaker Pro,0.8307403922080994,3.0,0.7677187072819678,1,v3
1677,Microsoft Office Suite Productivity Boost,Microsoft Office software,0.7261216044425964,4.470012239902081,0.7152051094650734,2,v3
1677,Effective Communication and Active Listening,Active Listening,0.8550388813018799,3.596,0.8112608905792237,3,v3
1678,C++ Object-Oriented Programming,C++,0.711704671382904,4.218181818181818,0.6935885524749756,1,v3
1678,Email Management with Microsoft Outlook,Microsoft Outlook,0.7693076729774475,4.2912772585669785,0.7520521737704767,2,v3
1678,Critical Thinking and Analytical Problem Solving,Critical Thinking,0.8358204960823059,3.517912087912088,0.7903257634793326,3,v3
1680,Designing High-Impact PowerPoint Presentations,Microsoft PowerPoint,0.6504054069519043,4.3116057233704295,0.6363639810839333,1,v3
1680,Email Management with Microsoft Outlook,Microsoft Outlook,0.7693076729774475,4.2912772585669785,0.7520521737704767,2,v3
1680,Continuous Learning Strategies,Active Learning,0.8114772439002991,3.121824175824176,0.7540075583535824,3,v3
1681,JavaScript Web Development Essentials,JavaScript,0.6920572519302368,4.154761904761905,0.6726251024918016,1,v3
1681,Email Management with Microsoft Outlook,Microsoft Exchange,0.538519561290741,3.0,0.4976663531928227,2,v3
1681,Effective Communication and Active Listening,Active Listening,0.8550388813018799,3.596,0.8112608905792237,3,v3
1682,JavaScript Web Development Essentials,Web browser software,0.4755171537399292,3.0092807424593966,0.43962605182471604,1,v3
1682,IBM Notes Collaboration and Email,IBM Notes,0.7330333590507507,3.0,0.677423931812418,2,v3
1682,Effective Communication and Active Listening,Active Listening,0.8550388813018799,3.596,0.8112608905792237,3,v3
1683,FileMaker Pro Database Development,FileMaker Pro,0.8307403922080994,3.0,0.7677187072819678,1,v3
1683,Microsoft Office Suite Productivity Boost,Microsoft Office software,0.7261216044425964,4.470012239902081,0.7152051094650734,2,v3
1683,Critical Thinking and Analytical Problem Solving,Critical Thinking,0.8358204960823059,3.517912087912088,0.7903257634793326,3,v3
1684,Enterprise Resource Planning with SAP,SAP software,0.7140014171600342,4.11660777385159,0.6928258420489397,1,v3
1684,Advanced Microsoft Excel Masterclass,Microsoft Excel,0.6717683672904968,4.39464493597206,0.6595740091479589,2,v3
1684,Effective Communication and Active Listening,Active Listening,0.8550388813018799,3.596,0.8112608905792237,3,v3
1687,Designing High-Impact PowerPoint Presentations,Microsoft PowerPoint,0.6504054069519043,4.3116057233704295,0.6363639810839333,1,v3
1687,IBM Notes Collaboration and Email,IBM Notes,0.7330333590507507,3.0,0.677423931812418,2,v3
1687,Effective Communication and Active Listening,Active Listening,0.8550388813018799,3.596,0.8112608905792237,3,v3
1689,JavaScript Web Development Essentials,Web browser software,0.4755171537399292,3.0092807424593966,0.43962605182471604,1,v3
1689,Microsoft Office Suite Productivity Boost,Microsoft Office software,0.7261216044425964,4.470012239902081,0.7152051094650734,2,v3
1689,Effective Communication and Active Listening,Active Listening,0.8550388813018799,3.596,0.8112608905792237,3,v3
1691,Designing High-Impact PowerPoint Presentations,Microsoft PowerPoint,0.6504054069519043,4.3116057233704295,0.6363639810839333,1,v3
1691,Email Management with Microsoft Outlook,Microsoft Outlook,0.7693076729774475,4.2912772585669785,0.7520521737704767,2,v3
1691,Effective Communication and Active Listening,Active Listening,0.8550388813018799,3.596,0.8112608905792237,3,v3
1692,Enterprise Resource Planning with SAP,SAP software,0.7140014171600342,4.11660777385159,0.6928258420489397,1,v3
1692,Microsoft Office Suite Productivity Boost,Microsoft Office software,0.7261216044425964,4.470012239902081,0.7152051094650734,2,v3
1692,Effective Communication and Active Listening,Active Listening,0.8550388813018799,3.596,0.8112608905792237,3,v3
1693,FileMaker Pro Database Development,FileMaker Pro,0.8307403922080994,3.0,0.7677187072819678,1,v3
1693,Advanced Microsoft Excel Masterclass,Microsoft Excel,0.6717683672904968,4.39464493597206,0.6595740091479589,2,v3
1693,Critical Thinking and Analytical Problem Solving,Critical Thinking,0.8358204960823059,3.517912087912088,0.7903257634793326,3,v3
1694,FileMaker Pro Database Development,FileMaker Pro,0.8307403922080994,3.0,0.7677187072819678,1,v3
1694,Email Management with Microsoft Outlook,Microsoft Exchange,0.538519561290741,3.0,0.4976663531928227,2,v3
1694,Performance Monitoring and Quality Assurance,Monitoring,0.6809203624725342,3.3096043956043952,0.6379877530688813,3,v3
1696,FileMaker Pro Database Development,FileMaker Pro,0.8307403922080994,3.0,0.7677187072819678,1,v3
1696,Email Management with Microsoft Outlook,Microsoft Outlook,0.7693076729774475,4.2912772585669785,0.7520521737704767,2,v3
1696,Effective Communication and Active Listening,Active Listening,0.8550388813018799,3.596,0.8112608905792237,3,v3
1697,SQL Querying for Beginners,Database software,0.6944124102592468,3.0,0.6417328481016489,1,v3
1697,IBM Notes Collaboration and Email,IBM Notes,0.7330333590507507,3.0,0.677423931812418,2,v3
1697,Continuous Learning Strategies,Active Learning,0.8114772439002991,3.121824175824176,0.7540075583535824,3,v3
1698,Designing High-Impact PowerPoint Presentations,Microsoft PowerPoint,0.6504054069519043,4.3116057233704295,0.6363639810839333,1,v3
1698,Professional Document Creation in Microsoft Word,Microsoft Word,0.6755681037902832,4.103316326530612,0.6551608125480609,2,v3
1698,Effective Communication and Active Listening,Active Listening,0.8550388813018799,3.596,0.8112608905792237,3,v3
1700,Enterprise Resource Planning with SAP,SAP software,0.7140014171600342,4.11660777385159,0.6928258420489397,1,v3
1700,Email Management with Microsoft Outlook,Microsoft Outlook,0.7693076729774475,4.2912772585669785,0.7520521737704767,2,v3
1700,Effective Communication and Active Listening,Active Listening,0.8550388813018799,3.596,0.8112608905792237,3,v3
1701,FileMaker Pro Database Development,FileMaker Pro,0.8307403922080994,3.0,0.7677187072819678,1,v3
1701,Microsoft Office Suite Productivity Boost,Microsoft Office software,0.7261216044425964,4.470012239902081,0.7152051094650734,2,v3
1701,Effective Communication and Active Listening,Active Listening,0.8550388813018799,3.596,0.8112608905792237,3,v3
1702,SQL Querying for Beginners,Salesforce software,0.45659494400024414,4.204545454545454,0.4447148874635607,1,v3
1702,Email Management with Microsoft Outlook,Microsoft Outlook,0.7693076729774475,4.2912772585669785,0.7520521737704767,2,v3
1702,Continuous Learning Strategies,Active Learning,0.8114772439002991,3.121824175824176,0.7540075583535824,3,v3
1703,Designing High-Impact PowerPoint Presentations,Microsoft PowerPoint,0.6504054069519043,4.3116057233704295,0.6363639810839333,1,v3
1703,Email Management with Microsoft Outlook,Microsoft Outlook,0.7693076729774475,4.2912772585669785,0.7520521737704767,2,v3
1703,Critical Thinking and Analytical Problem Solving,Critical Thinking,0.8358204960823059,3.517912087912088,0.7903257634793326,3,v3
1704,SQL Querying for Beginners,Database software,0.6944124102592468,3.0,0.6417328481016489,1,v3
1704,Microsoft Office Suite Productivity Boost,Microsoft Office software,0.7261216044425964,4.470012239902081,0.7152051094650734,2,v3
1704,Effective Communication and Active Listening,Active Listening,0.8550388813018799,3.596,0.8112608905792237,3,v3
1706,C++ Object-Oriented Programming,C++,0.711704671382904,4.218181818181818,0.6935885524749756,1,v3
1706,Microsoft Office Suite Productivity Boost,Microsoft Office software,0.7261216044425964,4.470012239902081,0.7152051094650734,2,v3
1706,Critical Thinking and Analytical Problem Solving,Critical Thinking,0.8358204960823059,3.517912087912088,0.7903257634793326,3,v3
1707,FileMaker Pro Database Development,FileMaker Pro,0.8307403922080994,3.0,0.7677187072819678,1,v3
1707,Microsoft Office Suite Productivity Boost,Microsoft Office software,0.7261216044425964,4.470012239902081,0.7152051094650734,2,v3
1707,Critical Thinking and Analytical Problem Solving,Critical Thinking,0.8358204960823059,3.517912087912088,0.7903257634793326,3,v3
1708,Enterprise Resource Planning with SAP,SAP software,0.7140014171600342,4.11660777385159,0.6928258420489397,1,v3
1708,Email Management with Microsoft Outlook,Microsoft Outlook,0.7693076729774475,4.2912772585669785,0.7520521737704767,2,v3
1708,Critical Thinking and Analytical Problem Solving,Critical Thinking,0.8358204960823059,3.517912087912088,0.7903257634793326,3,v3
1709,FileMaker Pro Database Development,FileMaker Pro,0.8307403922080994,3.0,0.7677187072819678,1,v3
1709,IBM Notes Collaboration and Email,IBM Notes,0.7330333590507507,3.0,0.677423931812418,2,v3
1709,Effective Communication and Active Listening,Active Listening,0.8550388813018799,3.596,0.8112608905792237,3,v3
1710,SQL Querying for Beginners,Salesforce software,0.45659494400024414,4.204545454545454,0.4447148874635607,1,v3
1710,Professional Document Creation in Microsoft Word,Microsoft Word,0.6755681037902832,4.103316326530612,0.6551608125480609,2,v3
1710,Critical Thinking and Analytical Problem Solving,Critical Thinking,0.8358204960823059,3.517912087912088,0.7903257634793326,3,v3
1712,SQL Querying for Beginners,Database software,0.6944124102592468,3.0,0.6417328481016489,1,v3
1712,Email Management with Microsoft Outlook,Microsoft Outlook,0.7693076729774475,4.2912772585669785,0.7520521737704767,2,v3
1712,Effective Communication and Active Listening,Active Listening,0.8550388813018799,3.596,0.8112608905792237,3,v3
1714,FileMaker Pro Database Development,FileMaker Pro,0.8307403922080994,3.0,0.7677187072819678,1,v3
1714,Email Management with Microsoft Outlook,Microsoft Outlook,0.7693076729774475,4.2912772585669785,0.7520521737704767,2,v3
1714,Critical Thinking and Analytical Problem Solving,Critical Thinking,0.8358204960823059,3.517912087912088,0.7903257634793326,3,v3
1716,JavaScript Web Development Essentials,JavaScript,0.6920572519302368,4.154761904761905,0.6726251024918016,1,v3
1716,Email Management with Microsoft Outlook,Microsoft Outlook,0.7693076729774475,4.2912772585669785,0.7520521737704767,2,v3
1716,Effective Communication and Active Listening,Active Listening,0.8550388813018799,3.596,0.8112608905792237,3,v3
1718,SQL Querying for Beginners,Database software,0.6944124102592468,3.0,0.6417328481016489,1,v3
1718,Microsoft Office Suite Productivity Boost,Microsoft Office software,0.7261216044425964,4.470012239902081,0.7152051094650734,2,v3
1718,Critical Thinking and Analytical Problem Solving,Critical Thinking,0.8358204960823059,3.517912087912088,0.7903257634793326,3,v3
1719,Enterprise Resource Planning with SAP,SAP software,0.7140014171600342,4.11660777385159,0.6928258420489397,1,v3
1719,Microsoft Office Suite Productivity Boost,Microsoft Office software,0.7261216044425964,4.470012239902081,0.7152051094650734,2,v3
1719,Continuous Learning Strategies,Active Learning,0.8114772439002991,3.121824175824176,0.7540075583535824,3,v3
1720,SQL Querying for Beginners,Database software,0.6944124102592468,3.0,0.6417328481016489,1,v3
1720,Microsoft Office Suite Productivity Boost,Microsoft Office software,0.7261216044425964,4.470012239902081,0.7152051094650734,2,v3
1720,Effective Communication and Active Listening,Active Listening,0.8550388813018799,3.596,0.8112608905792237,3,v3
1721,FileMaker Pro Database Development,FileMaker Pro,0.8307403922080994,3.0,0.7677187072819678,1,v3
1721,Effective Communication and Active Listening,Active Listening,0.8550388813018799,3.596,0.8112608905792237,2,v3
1721,Continuous Learning Strategies,Active Learning,0.8114772439002991,3.121824175824176,0.7540075583535824,3,v3
1722,Enterprise Resource Planning with SAP,SAP software,0.7140014171600342,4.11660777385159,0.6928258420489397,1,v3
1722,Email Management with Microsoft Outlook,Microsoft Outlook,0.7693076729774475,4.2912772585669785,0.7520521737704767,2,v3
1722,Effective Communication and Active Listening,Active Listening,0.8550388813018799,3.596,0.8112608905792237,3,v3
1724,Designing High-Impact PowerPoint Presentations,Microsoft PowerPoint,0.6504054069519043,4.3116057233704295,0.6363639810839333,1,v3
1724,Email Management with Microsoft Outlook,Microsoft Outlook,0.7693076729774475,4.2912772585669785,0.7520521737704767,2,v3
1724,Speed Reading and Comprehension,Reading Comprehension,0.7913572788238525,3.4906263736263736,0.7473892405110989,3,v3
1725,Enterprise Resource Planning with SAP,SAP software,0.7140014171600342,4.11660777385159,0.6928258420489397,1,v3
1725,Email Management with Microsoft Outlook,Microsoft Outlook,0.7693076729774475,4.2912772585669785,0.7520521737704767,2,v3
1725,Continuous Learning Strategies,Active Learning,0.8114772439002991,3.121824175824176,0.7540075583535824,3,v3
1727,Designing High-Impact PowerPoint Presentations,Microsoft PowerPoint,0.6504054069519043,4.3116057233704295,0.6363639810839333,1,v3
1727,Advanced Microsoft Excel Masterclass,Microsoft Excel,0.6717683672904968,4.39464493597206,0.6595740091479589,2,v3
1727,Effective Communication and Active Listening,Active Listening,0.8550388813018799,3.596,0.8112608905792237,3,v3
1728,FileMaker Pro Database Development,FileMaker Pro,0.8307403922080994,3.0,0.7677187072819678,1,v3
1728,Advanced Microsoft Excel Masterclass,Microsoft Excel,0.6717683672904968,4.39464493597206,0.6595740091479589,2,v3
1728,Critical Thinking and Analytical Problem Solving,Critical Thinking,0.8358204960823059,3.517912087912088,0.7903257634793326,3,v3
1729,FileMaker Pro Database Development,FileMaker Pro,0.8307403922080994,3.0,0.7677187072819678,1,v3
1729,Microsoft Office Suite Productivity Boost,Microsoft Office software,0.7261216044425964,4.470012239902081,0.7152051094650734,2,v3
1729,Critical Thinking and Analytical Problem Solving,Critical Thinking,0.8358204960823059,3.517912087912088,0.7903257634793326,3,v3
1731,JavaScript Web Development Essentials,JavaScript,0.6920572519302368,4.154761904761905,0.6726251024918016,1,v3
1731,Microsoft Office Suite Productivity Boost,Microsoft Office software,0.7261216044425964,4.470012239902081,0.7152051094650734,2,v3
1731,Effective Communication and Active Listening,Active Listening,0.8550388813018799,3.596,0.8112608905792237,3,v3
1732,C++ Object-Oriented Programming,C++,0.711704671382904,4.218181818181818,0.6935885524749756,1,v3
1732,Advanced Microsoft Excel Masterclass,Microsoft Excel,0.6717683672904968,4.39464493597206,0.6595740091479589,2,v3
1732,Critical Thinking and Analytical Problem Solving,Critical Thinking,0.8358204960823059,3.517912087912088,0.7903257634793326,3,v3
1733,C++ Object-Oriented Programming,C++,0.711704671382904,4.218181818181818,0.6935885524749756,1,v3
1733,Email Management with Microsoft Outlook,Microsoft Outlook,0.7693076729774475,4.2912772585669785,0.7520521737704767,2,v3
1733,Effective Communication and Active Listening,Active Listening,0.8550388813018799,3.596,0.8112608905792237,3,v3
1734,C++ Object-Oriented Programming,C++,0.711704671382904,4.218181818181818,0.6935885524749756,1,v3
1734,Email Management with Microsoft Outlook,Microsoft Outlook,0.7693076729774475,4.2912772585669785,0.7520521737704767,2,v3
1734,Continuous Learning Strategies,Active Learning,0.8114772439002991,3.121824175824176,0.7540075583535824,3,v3
1735,Enterprise Resource Planning with SAP,SAP software,0.7140014171600342,4.11660777385159,0.6928258420489397,1,v3
1735,Microsoft Office Suite Productivity Boost,Microsoft Office software,0.7261216044425964,4.470012239902081,0.7152051094650734,2,v3
1735,Critical Thinking and Analytical Problem Solving,Critical Thinking,0.8358204960823059,3.517912087912088,0.7903257634793326,3,v3
1736,SQL Querying for Beginners,Database software,0.6944124102592468,3.0,0.6417328481016489,1,v3
1736,Microsoft Office Suite Productivity Boost,Microsoft Office software,0.7261216044425964,4.470012239902081,0.7152051094650734,2,v3
1736,Effective Communication and Active Listening,Active Listening,0.8550388813018799,3.596,0.8112608905792237,3,v3
1737,Enterprise Resource Planning with SAP,SAP software,0.7140014171600342,4.11660777385159,0.6928258420489397,1,v3
1737,Email Management with Microsoft Outlook,Microsoft Outlook,0.7693076729774475,4.2912772585669785,0.7520521737704767,2,v3
1737,Speed Reading and Comprehension,Reading Comprehension,0.7913572788238525,3.4906263736263736,0.7473892405110989,3,v3
1739,C++ Object-Oriented Programming,C++,0.711704671382904,4.218181818181818,0.6935885524749756,1,v3
1739,Email Management with Microsoft Outlook,Microsoft Outlook,0.7693076729774475,4.2912772585669785,0.7520521737704767,2,v3
1739,Effective Communication and Active Listening,Active Listening,0.8550388813018799,3.596,0.8112608905792237,3,v3
1740,Enterprise Resource Planning with SAP,Oracle Business Intelligence Enterprise Edition,0.5856750011444092,3.0,0.5412444838162127,1,v3
1740,Email Management with Microsoft Outlook,Microsoft Outlook,0.7693076729774475,4.2912772585669785,0.7520521737704767,2,v3
1740,Critical Thinking and Analytical Problem Solving,Critical Thinking,0.8358204960823059,3.517912087912088,0.7903257634793326,3,v3
1744,Enterprise Resource Planning with SAP,SAP software,0.7140014171600342,4.11660777385159,0.6928258420489397,1,v3
1744,Email Management with Microsoft Outlook,Microsoft Outlook,0.7693076729774475,4.2912772585669785,0.7520521737704767,2,v3
1744,Effective Communication and Active Listening,Active Listening,0.8550388813018799,3.596,0.8112608905792237,3,v3
1745,FileMaker Pro Database Development,FileMaker Pro,0.8307403922080994,3.0,0.7677187072819678,1,v3
1745,Microsoft Office Suite Productivity Boost,Microsoft Office software,0.7261216044425964,4.470012239902081,0.7152051094650734,2,v3
1745,Critical Thinking and Analytical Problem Solving,Critical Thinking,0.8358204960823059,3.517912087912088,0.7903257634793326,3,v3
1746,SQL Querying for Beginners,Database software,0.6944124102592468,3.0,0.6417328481016489,1,v3
1746,Microsoft Office Suite Productivity Boost,Microsoft Office software,0.7261216044425964,4.470012239902081,0.7152051094650734,2,v3
1746,Critical Thinking and Analytical Problem Solving,Critical Thinking,0.8358204960823059,3.517912087912088,0.7903257634793326,3,v3
1747,Enterprise Resource Planning with SAP,SAP ERP Human Capital Management,0.6898020505905151,3.0,0.6374722398560623,1,v3
1747,Advanced Microsoft Excel Masterclass,Microsoft Excel,0.6717683672904968,4.39464493597206,0.6595740091479589,2,v3
1747,Continuous Learning Strategies,Active Learning,0.8114772439002991,3.121824175824176,0.7540075583535824,3,v3
1749,C++ Object-Oriented Programming,C++,0.711704671382904,4.218181818181818,0.6935885524749756,1,v3
1749,Email Management with Microsoft Outlook,Microsoft Outlook,0.7693076729774475,4.2912772585669785,0.7520521737704767,2,v3
1749,Continuous Learning Strategies,Active Learning,0.8114772439002991,3.121824175824176,0.7540075583535824,3,v3
1751,FileMaker Pro Database Development,FileMaker Pro,0.8307403922080994,3.0,0.7677187072819678,1,v3
1751,IBM Notes Collaboration and Email,IBM Notes,0.7330333590507507,3.0,0.677423931812418,2,v3
1751,Critical Thinking and Analytical Problem Solving,Critical Thinking,0.8358204960823059,3.517912087912088,0.7903257634793326,3,v3
1752,SQL Querying for Beginners,Salesforce software,0.45659494400024414,4.204545454545454,0.4447148874635607,1,v3
1752,Email Management with Microsoft Outlook,Microsoft Outlook,0.7693076729774475,4.2912772585669785,0.7520521737704767,2,v3
1752,Effective Communication and Active Listening,Active Listening,0.8550388813018799,3.596,0.8112608905792237,3,v3
1753,Designing High-Impact PowerPoint Presentations,Microsoft PowerPoint,0.6504054069519043,4.3116057233704295,0.6363639810839333,1,v3
1753,Email Management with Microsoft Outlook,Microsoft Outlook,0.7693076729774475,4.2912772585669785,0.7520521737704767,2,v3
1753,Effective Learning and Study Strategies,Learning Strategies,0.7836461663246155,2.7872087912087915,0.7172970220518456,3,v3
1754,C++ Object-Oriented Programming,C++,0.711704671382904,4.218181818181818,0.6935885524749756,1,v3
1754,Email Management with Microsoft Outlook,Microsoft Outlook,0.7693076729774475,4.2912772585669785,0.7520521737704767,2,v3
1754,Effective Communication and Active Listening,Active Listening,0.8550388813018799,3.596,0.8112608905792237,3,v3
1755,Linux System Administration Basics,Linux,0.644400417804718,4.163934426229508,0.6265509997875156,1,v3
1755,Microsoft Office Suite Productivity Boost,Microsoft Office software,0.7261216044425964,4.470012239902081,0.7152051094650734,2,v3
1755,Effective Communication and Active Listening,Active Listening,0.8550388813018799,3.596,0.8112608905792237,3,v3
1756,C++ Object-Oriented Programming,C++,0.711704671382904,4.218181818181818,0.6935885524749756,1,v3
1756,Email Management with Microsoft Outlook,Microsoft Outlook,0.7693076729774475,4.2912772585669785,0.7520521737704767,2,v3
1756,Effective Communication and Active Listening,Active Listening,0.8550388813018799,3.596,0.8112608905792237,3,v3
1757,JavaScript Web Development Essentials,JavaScript,0.6920572519302368,4.154761904761905,0.6726251024918016,1,v3
1757,Professional Document Creation in Microsoft Word,Microsoft Word,0.6755681037902832,4.103316326530612,0.6551608125480609,2,v3
1757,Critical Thinking and Analytical Problem Solving,Critical Thinking,0.8358204960823059,3.517912087912088,0.7903257634793326,3,v3
1758,C++ Object-Oriented Programming,C++,0.711704671382904,4.218181818181818,0.6935885524749756,1,v3
1758,Microsoft Office Suite Productivity Boost,Microsoft Azure software,0.4527742862701416,4.479166666666667,0.4461388010403206,2,v3
1758,Effective Communication and Active Listening,Active Listening,0.8550388813018799,3.596,0.8112608905792237,3,v3
1760,FileMaker Pro Database Development,FileMaker Pro,0.8307403922080994,3.0,0.7677187072819678,1,v3
1760,Microsoft Office Suite Productivity Boost,Microsoft Office software,0.7261216044425964,4.470012239902081,0.7152051094650734,2,v3
1760,Continuous Learning Strategies,Active Learning,0.8114772439002991,3.121824175824176,0.7540075583535824,3,v3
1761,C++ Object-Oriented Programming,C++,0.711704671382904,4.218181818181818,0.6935885524749756,1,v3
1761,Email Management with Microsoft Outlook,Microsoft Outlook,0.7693076729774475,4.2912772585669785,0.7520521737704767,2,v3
1761,Critical Thinking and Analytical Problem Solving,Critical Thinking,0.8358204960823059,3.517912087912088,0.7903257634793326,3,v3
1762,FileMaker Pro Database Development,FileMaker Pro,0.8307403922080994,3.0,0.7677187072819678,1,v3
1762,IBM Notes Collaboration and Email,IBM Notes,0.7330333590507507,3.0,0.677423931812418,2,v3
1762,Continuous Learning Strategies,Active Learning,0.8114772439002991,3.121824175824176,0.7540075583535824,3,v3
1763,Email Management with Microsoft Outlook,Microsoft Outlook,0.7693076729774475,4.2912772585669785,0.7520521737704767,1,v3
1763,Speed Reading and Comprehension,Reading Comprehension,0.7913572788238525,3.4906263736263736,0.7473892405110989,2,v3
1763,IBM Notes Collaboration and Email,IBM Notes,0.7330333590507507,3.0,0.677423931812418,3,v3
1764,FileMaker Pro Database Development,FileMaker Pro,0.8307403922080994,3.0,0.7677187072819678,1,v3
1764,IBM Notes Collaboration and Email,IBM Notes,0.7330333590507507,3.0,0.677423931812418,2,v3
1764,Effective Communication and Active Listening,Active Listening,0.8550388813018799,3.596,0.8112608905792237,3,v3
1766,SQL Querying for Beginners,Database software,0.6944124102592468,3.0,0.6417328481016489,1,v3
1766,Email Management with Microsoft Outlook,Microsoft Outlook,0.7693076729774475,4.2912772585669785,0.7520521737704767,2,v3
1766,Effective Communication and Active Listening,Active Listening,0.8550388813018799,3.596,0.8112608905792237,3,v3
1767,FileMaker Pro Database Development,FileMaker Pro,0.8307403922080994,3.0,0.7677187072819678,1,v3
1767,IBM Notes Collaboration and Email,IBM Notes,0.7330333590507507,3.0,0.677423931812418,2,v3
1767,Effective Communication and Active Listening,Active Listening,0.8550388813018799,3.596,0.8112608905792237,3,v3
1768,FileMaker Pro Database Development,FileMaker Pro,0.8307403922080994,3.0,0.7677187072819678,1,v3
1768,Effective Communication and Active Listening,Active Listening,0.8550388813018799,3.596,0.8112608905792237,2,v3
1768,Critical Thinking and Analytical Problem Solving,Critical Thinking,0.8358204960823059,3.517912087912088,0.7903257634793326,3,v3
1770,Enterprise Resource Planning with SAP,SAP software,0.7140014171600342,4.11660777385159,0.6928258420489397,1,v3
1770,Advanced Microsoft Excel Masterclass,Microsoft Excel,0.6717683672904968,4.39464493597206,0.6595740091479589,2,v3
1770,Effective Communication and Active Listening,Active Listening,0.8550388813018799,3.596,0.8112608905792237,3,v3
1771,FileMaker Pro Database Development,FileMaker Pro,0.8307403922080994,3.0,0.7677187072819678,1,v3
1771,Microsoft Office Suite Productivity Boost,Microsoft Office software,0.7261216044425964,4.470012239902081,0.7152051094650734,2,v3
1771,Effective Communication and Active Listening,Active Listening,0.8550388813018799,3.596,0.8112608905792237,3,v3
1772,Enterprise Resource Planning with SAP,SAP software,0.7140014171600342,4.11660777385159,0.6928258420489397,1,v3
1772,Professional Document Creation in Microsoft Word,Microsoft Word,0.6755681037902832,4.103316326530612,0.6551608125480609,2,v3
1772,Effective Communication and Active Listening,Active Listening,0.8550388813018799,3.596,0.8112608905792237,3,v3
1774,C++ Object-Oriented Programming,C++,0.711704671382904,4.218181818181818,0.6935885524749756,1,v3
1774,Email Management with Microsoft Outlook,Microsoft Outlook,0.7693076729774475,4.2912772585669785,0.7520521737704767,2,v3
1774,Effective Communication and Active Listening,Active Listening,0.8550388813018799,3.596,0.8112608905792237,3,v3
1775,FileMaker Pro Database Development,FileMaker Pro,0.8307403922080994,3.0,0.7677187072819678,1,v3
1775,Microsoft Office Suite Productivity Boost,Microsoft Office software,0.7261216044425964,4.470012239902081,0.7152051094650734,2,v3
1775,Speed Reading and Comprehension,Reading Comprehension,0.7913572788238525,3.4906263736263736,0.7473892405110989,3,v3
1778,FileMaker Pro Database Development,FileMaker Pro,0.8307403922080994,3.0,0.7677187072819678,1,v3
1778,Microsoft Office Suite Productivity Boost,Microsoft Office software,0.7261216044425964,4.470012239902081,0.7152051094650734,2,v3
1778,Effective Learning and Study Strategies,Learning Strategies,0.7836461663246155,2.7872087912087915,0.7172970220518456,3,v3
1779,Enterprise Resource Planning with SAP,SAP software,0.7140014171600342,4.11660777385159,0.6928258420489397,1,v3
1779,Email Management with Microsoft Outlook,Microsoft Outlook,0.7693076729774475,4.2912772585669785,0.7520521737704767,2,v3
1779,Effective Communication and Active Listening,Active Listening,0.8550388813018799,3.596,0.8112608905792237,3,v3
1780,Designing High-Impact PowerPoint Presentations,Microsoft PowerPoint,0.6504054069519043,4.3116057233704295,0.6363639810839333,1,v3
1780,Microsoft Office Suite Productivity Boost,Microsoft Office software,0.7261216044425964,4.470012239902081,0.7152051094650734,2,v3
1780,Effective Communication and Active Listening,Active Listening,0.8550388813018799,3.596,0.8112608905792237,3,v3
1782,Enterprise Resource Planning with SAP,SAP software,0.7140014171600342,4.11660777385159,0.6928258420489397,1,v3
1782,Email Management with Microsoft Outlook,Microsoft Outlook,0.7693076729774475,4.2912772585669785,0.7520521737704767,2,v3
1782,Effective Communication and Active Listening,Active Listening,0.8550388813018799,3.596,0.8112608905792237,3,v3
1783,FileMaker Pro Database Development,FileMaker Pro,0.8307403922080994,3.0,0.7677187072819678,1,v3
1783,Microsoft Office Suite Productivity Boost,Microsoft Office software,0.7261216044425964,4.470012239902081,0.7152051094650734,2,v3
1783,Critical Thinking and Analytical Problem Solving,Critical Thinking,0.8358204960823059,3.517912087912088,0.7903257634793326,3,v3
1784,Enterprise Resource Planning with SAP,SAP software,0.7140014171600342,4.11660777385159,0.6928258420489397,1,v3
1784,Email Management with Microsoft Outlook,Microsoft Outlook,0.7693076729774475,4.2912772585669785,0.7520521737704767,2,v3
1784,Critical Thinking and Analytical Problem Solving,Critical Thinking,0.8358204960823059,3.517912087912088,0.7903257634793326,3,v3
1786,Enterprise Resource Planning with SAP,SAP Business Objects,0.662801206111908,3.0,0.6125197353034184,1,v3
1786,Email Management with Microsoft Outlook,Microsoft Outlook,0.7693076729774475,4.2912772585669785,0.7520521737704767,2,v3
1786,Effective Communication and Active Listening,Active Listening,0.8550388813018799,3.596,0.8112608905792237,3,v3
1787,C++ Object-Oriented Programming,C++,0.711704671382904,4.218181818181818,0.6935885524749756,1,v3
1787,Professional Document Creation in Microsoft Word,Microsoft Word,0.6755681037902832,4.103316326530612,0.6551608125480609,2,v3
1787,Effective Communication and Active Listening,Active Listening,0.8550388813018799,3.596,0.8112608905792237,3,v3
1789,Designing High-Impact PowerPoint Presentations,Microsoft PowerPoint,0.6504054069519043,4.3116057233704295,0.6363639810839333,1,v3
1789,Microsoft Office Suite Productivity Boost,Microsoft Office software,0.7261216044425964,4.470012239902081,0.7152051094650734,2,v3
1789,Speed Reading and Comprehension,Reading Comprehension,0.7913572788238525,3.4906263736263736,0.7473892405110989,3,v3
1790,Designing High-Impact PowerPoint Presentations,Microsoft PowerPoint,0.6504054069519043,4.3116057233704295,0.6363639810839333,1,v3
1790,IBM Notes Collaboration and Email,IBM Notes,0.7330333590507507,3.0,0.677423931812418,2,v3
1790,Effective Communication and Active Listening,Active Listening,0.8550388813018799,3.596,0.8112608905792237,3,v3
1792,FileMaker Pro Database Development,FileMaker Pro,0.8307403922080994,3.0,0.7677187072819678,1,v3
1792,IBM Notes Collaboration and Email,IBM Notes,0.7330333590507507,3.0,0.677423931812418,2,v3
1792,Effective Communication and Active Listening,Active Listening,0.8550388813018799,3.596,0.8112608905792237,3,v3
1794,Enterprise Resource Planning with SAP,SAP software,0.7140014171600342,4.11660777385159,0.6928258420489397,1,v3
1794,IBM Notes Collaboration and Email,IBM Notes,0.7330333590507507,3.0,0.677423931812418,2,v3
1794,Effective Communication and Active Listening,Active Listening,0.8550388813018799,3.596,0.8112608905792237,3,v3
1797,C++ Object-Oriented Programming,C++,0.711704671382904,4.218181818181818,0.6935885524749756,1,v3
1797,Email Management with Microsoft Outlook,Microsoft Outlook,0.7693076729774475,4.2912772585669785,0.7520521737704767,2,v3
1797,Critical Thinking and Analytical Problem Solving,Critical Thinking,0.8358204960823059,3.517912087912088,0.7903257634793326,3,v3
1798,FileMaker Pro Database Development,FileMaker Pro,0.8307403922080994,3.0,0.7677187072819678,1,v3
1798,IBM Notes Collaboration and Email,IBM Notes,0.7330333590507507,3.0,0.677423931812418,2,v3
1798,Effective Communication and Active Listening,Active Listening,0.8550388813018799,3.596,0.8112608905792237,3,v3
1799,SQL Querying for Beginners,Database software,0.6944124102592468,3.0,0.6417328481016489,1,v3
1799,Microsoft Office Suite Productivity Boost,Microsoft Office software,0.7261216044425964,4.470012239902081,0.7152051094650734,2,v3
1799,Critical Thinking and Analytical Problem Solving,Critical Thinking,0.8358204960823059,3.517912087912088,0.7903257634793326,3,v3
1800,Designing High-Impact PowerPoint Presentations,Microsoft PowerPoint,0.6504054069519043,4.3116057233704295,0.6363639810839333,1,v3
1800,Advanced Microsoft Excel Masterclass,Microsoft Excel,0.6717683672904968,4.39464493597206,0.6595740091479589,2,v3
1800,Critical Thinking and Analytical Problem Solving,Critical Thinking,0.8358204960823059,3.517912087912088,0.7903257634793326,3,v3
1801,Enterprise Resource Planning with SAP,SAP software,0.7140014171600342,4.11660777385159,0.6928258420489397,1,v3
1801,Microsoft Office Suite Productivity Boost,Microsoft Office software,0.7261216044425964,4.470012239902081,0.7152051094650734,2,v3
1801,Effective Communication and Active Listening,Active Listening,0.8550388813018799,3.596,0.8112608905792237,3,v3
1802,SQL Querying for Beginners,Database software,0.6944124102592468,3.0,0.6417328481016489,1,v3
1802,IBM Notes Collaboration and Email,IBM Notes,0.7330333590507507,3.0,0.677423931812418,2,v3
1802,Speed Reading and Comprehension,Reading Comprehension,0.7913572788238525,3.4906263736263736,0.7473892405110989,3,v3
1803,SQL Querying for Beginners,Database software,0.6944124102592468,3.0,0.6417328481016489,1,v3
1803,Microsoft Office Suite Productivity Boost,Microsoft Office software,0.7261216044425964,4.470012239902081,0.7152051094650734,2,v3
1803,Continuous Learning Strategies,Active Learning,0.8114772439002991,3.121824175824176,0.7540075583535824,3,v3
1804,Enterprise Resource Planning with SAP,SAP software,0.7140014171600342,4.11660777385159,0.6928258420489397,1,v3
1804,Email Management with Microsoft Outlook,Microsoft Outlook,0.7693076729774475,4.2912772585669785,0.7520521737704767,2,v3
1804,Speed Reading and Comprehension,Reading Comprehension,0.7913572788238525,3.4906263736263736,0.7473892405110989,3,v3
1805,FileMaker Pro Database Development,FileMaker Pro,0.8307403922080994,3.0,0.7677187072819678,1,v3
1805,Email Management with Microsoft Outlook,Microsoft Outlook,0.7693076729774475,4.2912772585669785,0.7520521737704767,2,v3
1805,Critical Thinking and Analytical Problem Solving,Critical Thinking,0.8358204960823059,3.517912087912088,0.7903257634793326,3,v3
1807,Enterprise Resource Planning with SAP,SAP software,0.7140014171600342,4.11660777385159,0.6928258420489397,1,v3
1807,IBM Notes Collaboration and Email,IBM Notes,0.7330333590507507,3.0,0.677423931812418,2,v3
1807,Effective Communication and Active Listening,Active Listening,0.8550388813018799,3.596,0.8112608905792237,3,v3
1809,FileMaker Pro Database Development,FileMaker Pro,0.8307403922080994,3.0,0.7677187072819678,1,v3
1809,IBM Notes Collaboration and Email,IBM Notes,0.7330333590507507,3.0,0.677423931812418,2,v3
1809,Effective Communication and Active Listening,Active Listening,0.8550388813018799,3.596,0.8112608905792237,3,v3
1812,C++ Object-Oriented Programming,C++,0.711704671382904,4.218181818181818,0.6935885524749756,1,v3
1812,Microsoft Office Suite Productivity Boost,Microsoft Office software,0.7261216044425964,4.470012239902081,0.7152051094650734,2,v3
1812,Effective Communication and Active Listening,Active Listening,0.8550388813018799,3.596,0.8112608905792237,3,v3
1813,FileMaker Pro Database Development,FileMaker Pro,0.8307403922080994,3.0,0.7677187072819678,1,v3
1813,IBM Notes Collaboration and Email,IBM Notes,0.7330333590507507,3.0,0.677423931812418,2,v3
1813,Continuous Learning Strategies,Active Learning,0.8114772439002991,3.121824175824176,0.7540075583535824,3,v3
1814,SQL Querying for Beginners,Database software,0.6944124102592468,3.0,0.6417328481016489,1,v3
1814,IBM Notes Collaboration and Email,IBM Notes,0.7330333590507507,3.0,0.677423931812418,2,v3
1814,Effective Learning and Study Strategies,Learning Strategies,0.7836461663246155,2.7872087912087915,0.7172970220518456,3,v3
1815,C++ Object-Oriented Programming,C++,0.711704671382904,4.218181818181818,0.6935885524749756,1,v3
1815,Professional Document Creation in Microsoft Word,Microsoft Word,0.6755681037902832,4.103316326530612,0.6551608125480609,2,v3
1815,Effective Communication and Active Listening,Active Listening,0.8550388813018799,3.596,0.8112608905792237,3,v3
1816,Enterprise Resource Planning with SAP,SAP software,0.7140014171600342,4.11660777385159,0.6928258420489397,1,v3
1816,Microsoft Office Suite Productivity Boost,Microsoft Office software,0.7261216044425964,4.470012239902081,0.7152051094650734,2,v3
1816,Critical Thinking and Analytical Problem Solving,Critical Thinking,0.8358204960823059,3.517912087912088,0.7903257634793326,3,v3
1818,FileMaker Pro Database Development,FileMaker Pro,0.8307403922080994,3.0,0.7677187072819678,1,v3
1818,Microsoft Office Suite Productivity Boost,Microsoft Office software,0.7261216044425964,4.470012239902081,0.7152051094650734,2,v3
1818,Effective Communication and Active Listening,Active Listening,0.8550388813018799,3.596,0.8112608905792237,3,v3
1821,SQL Querying for Beginners,Database software,0.6944124102592468,3.0,0.6417328481016489,1,v3
1821,Microsoft Office Suite Productivity Boost,Microsoft Office software,0.7261216044425964,4.470012239902081,0.7152051094650734,2,v3
1821,Critical Thinking and Analytical Problem Solving,Critical Thinking,0.8358204960823059,3.517912087912088,0.7903257634793326,3,v3
1822,SQL Querying for Beginners,Microsoft Access,0.38778817653656006,4.024193548387097,0.3748043899806641,1,v3
1822,Email Management with Microsoft Outlook,Microsoft Outlook,0.7693076729774475,4.2912772585669785,0.7520521737704767,2,v3
1822,Critical Thinking and Analytical Problem Solving,Critical Thinking,0.8358204960823059,3.517912087912088,0.7903257634793326,3,v3
1823,C++ Object-Oriented Programming,C++,0.711704671382904,4.218181818181818,0.6935885524749756,1,v3
1823,Professional Document Creation in Microsoft Word,Microsoft Word,0.6755681037902832,4.103316326530612,0.6551608125480609,2,v3
1823,Effective Communication and Active Listening,Active Listening,0.8550388813018799,3.596,0.8112608905792237,3,v3
1824,FileMaker Pro Database Development,FileMaker Pro,0.8307403922080994,3.0,0.7677187072819678,1,v3
1824,IBM Notes Collaboration and Email,IBM Notes,0.7330333590507507,3.0,0.677423931812418,2,v3
1824,Effective Communication and Active Listening,Active Listening,0.8550388813018799,3.596,0.8112608905792237,3,v3
1826,FileMaker Pro Database Development,FileMaker Pro,0.8307403922080994,3.0,0.7677187072819678,1,v3
1826,Email Management with Microsoft Outlook,Microsoft Outlook,0.7693076729774475,4.2912772585669785,0.7520521737704767,2,v3
1826,Critical Thinking and Analytical Problem Solving,Critical Thinking,0.8358204960823059,3.517912087912088,0.7903257634793326,3,v3
1827,Enterprise Resource Planning with SAP,SAP software,0.7140014171600342,4.11660777385159,0.6928258420489397,1,v3
1827,Email Management with Microsoft Outlook,Microsoft Outlook,0.7693076729774475,4.2912772585669785,0.7520521737704767,2,v3
1827,Critical Thinking and Analytical Problem Solving,Critical Thinking,0.8358204960823059,3.517912087912088,0.7903257634793326,3,v3
1829,SQL Querying for Beginners,Data entry software,0.48325756192207336,3.0,0.44659664343143335,1,v3
1829,Email Management with Microsoft Outlook,Microsoft Outlook,0.7693076729774475,4.2912772585669785,0.7520521737704767,2,v3
1829,Effective Communication and Active Listening,Active Listening,0.8550388813018799,3.596,0.8112608905792237,3,v3
1830,FileMaker Pro Database Development,FileMaker Pro,0.8307403922080994,3.0,0.7677187072819678,1,v3
1830,Microsoft Office Suite Productivity Boost,Microsoft Office software,0.7261216044425964,4.470012239902081,0.7152051094650734,2,v3
1830,Effective Communication and Active Listening,Active Listening,0.8550388813018799,3.596,0.8112608905792237,3,v3
1833,C++ Object-Oriented Programming,C++,0.711704671382904,4.218181818181818,0.6935885524749756,1,v3
1833,Advanced Microsoft Excel Masterclass,Microsoft Excel,0.6717683672904968,4.39464493597206,0.6595740091479589,2,v3
1833,Effective Communication and Active Listening,Active Listening,0.8550388813018799,3.596,0.8112608905792237,3,v3
1834,Designing High-Impact PowerPoint Presentations,Microsoft PowerPoint,0.6504054069519043,4.3116057233704295,0.6363639810839333,1,v3
1834,IBM Notes Collaboration and Email,IBM Notes,0.7330333590507507,3.0,0.677423931812418,2,v3
1834,Critical Thinking and Analytical Problem Solving,Critical Thinking,0.8358204960823059,3.517912087912088,0.7903257634793326,3,v3
1835,Email Management with Microsoft Outlook,Microsoft Outlook,0.7693076729774475,4.2912772585669785,0.7520521737704767,1,v3
1835,Effective Communication and Active Listening,Active Listening,0.8550388813018799,3.596,0.8112608905792237,2,v3
1835,Speed Reading and Comprehension,Reading Comprehension,0.7913572788238525,3.4906263736263736,0.7473892405110989,3,v3
1836,Enterprise Resource Planning with SAP,SAP software,0.7140014171600342,4.11660777385159,0.6928258420489397,1,v3
1836,Email Management with Microsoft Outlook,Microsoft Outlook,0.7693076729774475,4.2912772585669785,0.7520521737704767,2,v3
1836,Critical Thinking and Analytical Problem Solving,Critical Thinking,0.8358204960823059,3.517912087912088,0.7903257634793326,3,v3
1837,Enterprise Resource Planning with SAP,SAP software,0.7140014171600342,4.11660777385159,0.6928258420489397,1,v3
1837,Email Management with Microsoft Outlook,Microsoft Outlook,0.7693076729774475,4.2912772585669785,0.7520521737704767,2,v3
1837,Effective Communication and Active Listening,Active Listening,0.8550388813018799,3.596,0.8112608905792237,3,v3
1839,FileMaker Pro Database Development,FileMaker Pro,0.8307403922080994,3.0,0.7677187072819678,1,v3
1839,IBM Notes Collaboration and Email,IBM Notes,0.7330333590507507,3.0,0.677423931812418,2,v3
1839,Continuous Learning Strategies,Active Learning,0.8114772439002991,3.121824175824176,0.7540075583535824,3,v3
1842,Enterprise Resource Planning with SAP,SAP software,0.7140014171600342,4.11660777385159,0.6928258420489397,1,v3
1842,Email Management with Microsoft Outlook,Microsoft Outlook,0.7693076729774475,4.2912772585669785,0.7520521737704767,2,v3
1842,Critical Thinking and Analytical Problem Solving,Critical Thinking,0.8358204960823059,3.517912087912088,0.7903257634793326,3,v3
1844,SQL Querying for Beginners,Database software,0.6944124102592468,3.0,0.6417328481016489,1,v3
1844,Email Management with Microsoft Outlook,Microsoft Outlook,0.7693076729774475,4.2912772585669785,0.7520521737704767,2,v3
1844,Critical Thinking and Analytical Problem Solving,Critical Thinking,0.8358204960823059,3.517912087912088,0.7903257634793326,3,v3
1845,C++ Object-Oriented Programming,C++,0.711704671382904,4.218181818181818,0.6935885524749756,1,v3
1845,Email Management with Microsoft Outlook,Microsoft Outlook,0.7693076729774475,4.2912772585669785,0.7520521737704767,2,v3
1845,Effective Communication and Active Listening,Active Listening,0.8550388813018799,3.596,0.8112608905792237,3,v3
1847,Designing High-Impact PowerPoint Presentations,Microsoft PowerPoint,0.6504054069519043,4.3116057233704295,0.6363639810839333,1,v3
1847,Advanced Microsoft Excel Masterclass,Microsoft Excel,0.6717683672904968,4.39464493597206,0.6595740091479589,2,v3
1847,Effective Communication and Active Listening,Active Listening,0.8550388813018799,3.596,0.8112608905792237,3,v3
1849,C++ Object-Oriented Programming,C++,0.711704671382904,4.218181818181818,0.6935885524749756,1,v3
1849,Microsoft Office Suite Productivity Boost,Microsoft Office software,0.7261216044425964,4.470012239902081,0.7152051094650734,2,v3
1849,Effective Communication and Active Listening,Active Listening,0.8550388813018799,3.596,0.8112608905792237,3,v3
1850,FileMaker Pro Database Development,FileMaker Pro,0.8307403922080994,3.0,0.7677187072819678,1,v3
1850,Email Management with Microsoft Outlook,Microsoft Outlook,0.7693076729774475,4.2912772585669785,0.7520521737704767,2,v3
1850,Critical Thinking and Analytical Problem Solving,Critical Thinking,0.8358204960823059,3.517912087912088,0.7903257634793326,3,v3
1852,SQL Querying for Beginners,Database software,0.6944124102592468,3.0,0.6417328481016489,1,v3
1852,Advanced Microsoft Excel Masterclass,Microsoft Excel,0.6717683672904968,4.39464493597206,0.6595740091479589,2,v3
1852,Effective Communication and Active Listening,Active Listening,0.8550388813018799,3.596,0.8112608905792237,3,v3
1853,C++ Object-Oriented Programming,C++,0.711704671382904,4.218181818181818,0.6935885524749756,1,v3
1853,Professional Document Creation in Microsoft Word,Microsoft Word,0.6755681037902832,4.103316326530612,0.6551608125480609,2,v3
1853,Effective Communication and Active Listening,Active Listening,0.8550388813018799,3.596,0.8112608905792237,3,v3
1854,SQL Querying for Beginners,Database software,0.6944124102592468,3.0,0.6417328481016489,1,v3
1854,Microsoft Office Suite Productivity Boost,Microsoft Office software,0.7261216044425964,4.470012239902081,0.7152051094650734,2,v3
1854,Speed Reading and Comprehension,Reading Comprehension,0.7913572788238525,3.4906263736263736,0.7473892405110989,3,v3
1856,FileMaker Pro Database Development,FileMaker Pro,0.8307403922080994,3.0,0.7677187072819678,1,v3
1856,IBM Notes Collaboration and Email,IBM Notes,0.7330333590507507,3.0,0.677423931812418,2,v3
1856,Critical Thinking and Analytical Problem Solving,Critical Thinking,0.8358204960823059,3.517912087912088,0.7903257634793326,3,v3
1857,FileMaker Pro Database Development,FileMaker Pro,0.8307403922080994,3.0,0.7677187072819678,1,v3
1857,Professional Document Creation in Microsoft Word,Adobe InDesign,0.36521923542022705,4.136363636363637,0.35468626687519234,2,v3
1857,Effective Communication and Active Listening,Active Listening,0.8550388813018799,3.596,0.8112608905792237,3,v3
1858,Enterprise Resource Planning with SAP,SAP ERP Human Capital Management,0.6898020505905151,3.0,0.6374722398560623,1,v3
1858,Email Management with Microsoft Outlook,Microsoft Outlook,0.7693076729774475,4.2912772585669785,0.7520521737704767,2,v3
1858,Effective Communication and Active Listening,Active Listening,0.8550388813018799,3.596,0.8112608905792237,3,v3
1859,SQL Querying for Beginners,Microsoft Access,0.38778817653656006,4.024193548387097,0.3748043899806641,1,v3
1859,Professional Document Creation in Microsoft Word,Microsoft Word,0.6755681037902832,4.103316326530612,0.6551608125480609,2,v3
1859,Critical Thinking and Analytical Problem Solving,Critical Thinking,0.8358204960823059,3.517912087912088,0.7903257634793326,3,v3
1860,FileMaker Pro Database Development,FileMaker Pro,0.8307403922080994,3.0,0.7677187072819678,1,v3
1860,Microsoft Office Suite Productivity Boost,Microsoft Office software,0.7261216044425964,4.470012239902081,0.7152051094650734,2,v3
1860,Continuous Learning Strategies,Active Learning,0.8114772439002991,3.121824175824176,0.7540075583535824,3,v3
1862,Enterprise Resource Planning with SAP,SAP Adaptive Server Enterprise,0.7143436670303345,3.0,0.6601520784969988,1,v3
1862,Email Management with Microsoft Outlook,Microsoft Outlook,0.7693076729774475,4.2912772585669785,0.7520521737704767,2,v3
1862,Speed Reading and Comprehension,Reading Comprehension,0.7913572788238525,3.4906263736263736,0.7473892405110989,3,v3
1863,Enterprise Resource Planning with SAP,SAP Adaptive Server Enterprise,0.7143436670303345,3.0,0.6601520784969988,1,v3
1863,Email Management with Microsoft Outlook,Microsoft Outlook,0.7693076729774475,4.2912772585669785,0.7520521737704767,2,v3
1863,Effective Communication and Active Listening,Active Listening,0.8550388813018799,3.596,0.8112608905792237,3,v3
1864,Enterprise Resource Planning with SAP,Enterprise application integration EAI software,0.4598567485809326,3.1333333333333333,0.42750820488765323,1,v3
1864,Email Management with Microsoft Outlook,Microsoft Outlook,0.7693076729774475,4.2912772585669785,0.7520521737704767,2,v3
1864,Critical Thinking and Analytical Problem Solving,Critical Thinking,0.8358204960823059,3.517912087912088,0.7903257634793326,3,v3
1865,Designing High-Impact PowerPoint Presentations,Microsoft PowerPoint,0.6504054069519043,4.3116057233704295,0.6363639810839333,1,v3
1865,Email Management with Microsoft Outlook,Microsoft Outlook,0.7693076729774475,4.2912772585669785,0.7520521737704767,2,v3
1865,Performance Monitoring and Quality Assurance,Monitoring,0.6809203624725342,3.3096043956043952,0.6379877530688813,3,v3
1866,Enterprise Resource Planning with SAP,SAP software,0.7140014171600342,4.11660777385159,0.6928258420489397,1,v3
1866,IBM Notes Collaboration and Email,IBM Notes,0.7330333590507507,3.0,0.677423931812418,2,v3
1866,Speed Reading and Comprehension,Reading Comprehension,0.7913572788238525,3.4906263736263736,0.7473892405110989,3,v3
1867,Enterprise Resource Planning with SAP,SAP Business Objects,0.662801206111908,3.0,0.6125197353034184,1,v3
1867,Email Management with Microsoft Outlook,Microsoft Outlook,0.7693076729774475,4.2912772585669785,0.7520521737704767,2,v3
1867,Performance Monitoring and Quality Assurance,Monitoring,0.6809203624725342,3.3096043956043952,0.6379877530688813,3,v3
1868,FileMaker Pro Database Development,FileMaker Pro,0.8307403922080994,3.0,0.7677187072819678,1,v3
1868,Microsoft Office Suite Productivity Boost,Microsoft Office software,0.7261216044425964,4.470012239902081,0.7152051094650734,2,v3
1868,Effective Communication and Active Listening,Active Listening,0.8550388813018799,3.596,0.8112608905792237,3,v3
1869,JavaScript Web Development Essentials,JavaScript,0.6920572519302368,4.154761904761905,0.6726251024918016,1,v3
1869,Microsoft Office Suite Productivity Boost,Microsoft Office software,0.7261216044425964,4.470012239902081,0.7152051094650734,2,v3
1869,Critical Thinking and Analytical Problem Solving,Critical Thinking,0.8358204960823059,3.517912087912088,0.7903257634793326,3,v3
1870,Designing High-Impact PowerPoint Presentations,Microsoft PowerPoint,0.6504054069519043,4.3116057233704295,0.6363639810839333,1,v3
1870,Microsoft Office Suite Productivity Boost,Microsoft Office software,0.7261216044425964,4.470012239902081,0.7152051094650734,2,v3
1870,Critical Thinking and Analytical Problem Solving,Critical Thinking,0.8358204960823059,3.517912087912088,0.7903257634793326,3,v3
1871,FileMaker Pro Database Development,FileMaker Pro,0.8307403922080994,3.0,0.7677187072819678,1,v3
1871,Advanced Microsoft Excel Masterclass,Microsoft Excel,0.6717683672904968,4.39464493597206,0.6595740091479589,2,v3
1871,Business Writing Essentials,Writing,0.5721129179000854,3.193,0.5332802603968259,3,v3
1873,Linux System Administration Basics,Linux,0.644400417804718,4.163934426229508,0.6265509997875156,1,v3
1873,Microsoft Office Suite Productivity Boost,Microsoft Office software,0.7261216044425964,4.470012239902081,0.7152051094650734,2,v3
1873,Effective Communication and Active Listening,Active Listening,0.8550388813018799,3.596,0.8112608905792237,3,v3
1875,Designing High-Impact PowerPoint Presentations,Microsoft PowerPoint,0.6504054069519043,4.3116057233704295,0.6363639810839333,1,v3
1875,Email Management with Microsoft Outlook,Microsoft Outlook,0.7693076729774475,4.2912772585669785,0.7520521737704767,2,v3
1875,Effective Communication and Active Listening,Active Listening,0.8550388813018799,3.596,0.8112608905792237,3,v3
1876,Designing High-Impact PowerPoint Presentations,Microsoft PowerPoint,0.6504054069519043,4.3116057233704295,0.6363639810839333,1,v3
1876,Email Management with Microsoft Outlook,Microsoft Outlook,0.7693076729774475,4.2912772585669785,0.7520521737704767,2,v3
1876,Speed Reading and Comprehension,Reading Comprehension,0.7913572788238525,3.4906263736263736,0.7473892405110989,3,v3
1878,FileMaker Pro Database Development,FileMaker Pro,0.8307403922080994,3.0,0.7677187072819678,1,v3
1878,Microsoft Office Suite Productivity Boost,Microsoft Office software,0.7261216044425964,4.470012239902081,0.7152051094650734,2,v3
1878,Effective Communication and Active Listening,Active Listening,0.8550388813018799,3.596,0.8112608905792237,3,v3
1880,Enterprise Resource Planning with SAP,SAP Business One,0.698078453540802,3.0,0.6451207777549481,1,v3
1880,Microsoft Office Suite Productivity Boost,Microsoft Office software,0.7261216044425964,4.470012239902081,0.7152051094650734,2,v3
1880,Effective Communication and Active Listening,Active Listening,0.8550388813018799,3.596,0.8112608905792237,3,v3
1881,FileMaker Pro Database Development,FileMaker Pro,0.8307403922080994,3.0,0.7677187072819678,1,v3
1881,Email Management with Microsoft Outlook,Microsoft Outlook,0.7693076729774475,4.2912772585669785,0.7520521737704767,2,v3
1881,Effective Communication and Active Listening,Active Listening,0.8550388813018799,3.596,0.8112608905792237,3,v3
1882,C++ Object-Oriented Programming,C++,0.711704671382904,4.218181818181818,0.6935885524749756,1,v3
1882,Microsoft Office Suite Productivity Boost,Microsoft Office software,0.7261216044425964,4.470012239902081,0.7152051094650734,2,v3
1882,Continuous Learning Strategies,Active Learning,0.8114772439002991,3.121824175824176,0.7540075583535824,3,v3
1883,SQL Querying for Beginners,Database software,0.6944124102592468,3.0,0.6417328481016489,1,v3
1883,Email Management with Microsoft Outlook,Microsoft Outlook,0.7693076729774475,4.2912772585669785,0.7520521737704767,2,v3
1883,Business Writing Essentials,Writing,0.5721129179000854,3.193,0.5332802603968259,3,v3
1885,FileMaker Pro Database Development,FileMaker Pro,0.8307403922080994,3.0,0.7677187072819678,1,v3
1885,Microsoft Office Suite Productivity Boost,Microsoft Office software,0.7261216044425964,4.470012239902081,0.7152051094650734,2,v3
1885,Effective Learning and Study Strategies,Learning Strategies,0.7836461663246155,2.7872087912087915,0.7172970220518456,3,v3
1886,Enterprise Resource Planning with SAP,SAP software,0.7140014171600342,4.11660777385159,0.6928258420489397,1,v3
1886,Professional Document Creation in Microsoft Word,Microsoft Word,0.6755681037902832,4.103316326530612,0.6551608125480609,2,v3
1886,Critical Thinking and Analytical Problem Solving,Critical Thinking,0.8358204960823059,3.517912087912088,0.7903257634793326,3,v3
1888,FileMaker Pro Database Development,FileMaker Pro,0.8307403922080994,3.0,0.7677187072819678,1,v3
1888,Email Management with Microsoft Outlook,Microsoft Outlook,0.7693076729774475,4.2912772585669785,0.7520521737704767,2,v3
1888,Effective Communication and Active Listening,Active Listening,0.8550388813018799,3.596,0.8112608905792237,3,v3
1890,FileMaker Pro Database Development,FileMaker Pro,0.8307403922080994,3.0,0.7677187072819678,1,v3
1890,Email Management with Microsoft Outlook,Microsoft Outlook,0.7693076729774475,4.2912772585669785,0.7520521737704767,2,v3
1890,Critical Thinking and Analytical Problem Solving,Critical Thinking,0.8358204960823059,3.517912087912088,0.7903257634793326,3,v3
1892,Enterprise Resource Planning with SAP,SAP software,0.7140014171600342,4.11660777385159,0.6928258420489397,1,v3
1892,Microsoft Office Suite Productivity Boost,Microsoft Office software,0.7261216044425964,4.470012239902081,0.7152051094650734,2,v3
1892,Effective Learning and Study Strategies,Learning Strategies,0.7836461663246155,2.7872087912087915,0.7172970220518456,3,v3
1893,Designing High-Impact PowerPoint Presentations,Microsoft PowerPoint,0.6504054069519043,4.3116057233704295,0.6363639810839333,1,v3
1893,Email Management with Microsoft Outlook,Microsoft Exchange,0.538519561290741,3.0,0.4976663531928227,2,v3
1893,Effective Communication and Active Listening,Active Listening,0.8550388813018799,3.596,0.8112608905792237,3,v3
1898,C++ Object-Oriented Programming,C++,0.711704671382904,4.218181818181818,0.6935885524749756,1,v3
1898,Professional Document Creation in Microsoft Word,Microsoft Word,0.6755681037902832,4.103316326530612,0.6551608125480609,2,v3
1898,Effective Communication and Active Listening,Active Listening,0.8550388813018799,3.596,0.8112608905792237,3,v3
1900,FileMaker Pro Database Development,FileMaker Pro,0.8307403922080994,3.0,0.7677187072819678,1,v3
1900,Email Management with Microsoft Outlook,Microsoft Outlook,0.7693076729774475,4.2912772585669785,0.7520521737704767,2,v3
1900,Critical Thinking and Analytical Problem Solving,Critical Thinking,0.8358204960823059,3.517912087912088,0.7903257634793326,3,v3
1903,SQL Querying for Beginners,Database software,0.6944124102592468,3.0,0.6417328481016489,1,v3
1903,Advanced Microsoft Excel Masterclass,Microsoft Excel,0.6717683672904968,4.39464493597206,0.6595740091479589,2,v3
1903,Continuous Learning Strategies,Active Learning,0.8114772439002991,3.121824175824176,0.7540075583535824,3,v3
1905,FileMaker Pro Database Development,FileMaker Pro,0.8307403922080994,3.0,0.7677187072819678,1,v3
1905,Microsoft Office Suite Productivity Boost,Microsoft Office software,0.7261216044425964,4.470012239902081,0.7152051094650734,2,v3
1905,Continuous Learning Strategies,Active Learning,0.8114772439002991,3.121824175824176,0.7540075583535824,3,v3
1907,FileMaker Pro Database Development,FileMaker Pro,0.8307403922080994,3.0,0.7677187072819678,1,v3
1907,Email Management with Microsoft Outlook,Microsoft Outlook,0.7693076729774475,4.2912772585669785,0.7520521737704767,2,v3
1907,Effective Communication and Active Listening,Active Listening,0.8550388813018799,3.596,0.8112608905792237,3,v3
1908,C++ Object-Oriented Programming,C++,0.711704671382904,4.218181818181818,0.6935885524749756,1,v3
1908,Email Management with Microsoft Outlook,Microsoft Outlook,0.7693076729774475,4.2912772585669785,0.7520521737704767,2,v3
1908,Critical Thinking and Analytical Problem Solving,Critical Thinking,0.8358204960823059,3.517912087912088,0.7903257634793326,3,v3
1909,Enterprise Resource Planning with SAP,SAP Adaptive Server Enterprise,0.7143436670303345,3.0,0.6601520784969988,1,v3
1909,Microsoft Office Suite Productivity Boost,Microsoft Office software,0.7261216044425964,4.470012239902081,0.7152051094650734,2,v3
1909,Effective Communication and Active Listening,Active Listening,0.8550388813018799,3.596,0.8112608905792237,3,v3
1911,Enterprise Resource Planning with SAP,SAP Business Objects,0.662801206111908,3.0,0.6125197353034184,1,v3
1911,Email Management with Microsoft Outlook,Microsoft Outlook,0.7693076729774475,4.2912772585669785,0.7520521737704767,2,v3
1911,Effective Communication and Active Listening,Active Listening,0.8550388813018799,3.596,0.8112608905792237,3,v3
1912,C++ Object-Oriented Programming,C++,0.711704671382904,4.218181818181818,0.6935885524749756,1,v3
1912,Email Management with Microsoft Outlook,Microsoft Outlook,0.7693076729774475,4.2912772585669785,0.7520521737704767,2,v3
1912,Effective Communication and Active Listening,Active Listening,0.8550388813018799,3.596,0.8112608905792237,3,v3
1915,Enterprise Resource Planning with SAP,SAP software,0.7140014171600342,4.11660777385159,0.6928258420489397,1,v3
1915,Email Management with Microsoft Outlook,Microsoft Outlook,0.7693076729774475,4.2912772585669785,0.7520521737704767,2,v3
1915,Performance Monitoring and Quality Assurance,Monitoring,0.6809203624725342,3.3096043956043952,0.6379877530688813,3,v3
1916,FileMaker Pro Database Development,FileMaker Pro,0.8307403922080994,3.0,0.7677187072819678,1,v3
1916,Email Management with Microsoft Outlook,Microsoft Outlook,0.7693076729774475,4.2912772585669785,0.7520521737704767,2,v3
1916,Critical Thinking and Analytical Problem Solving,Critical Thinking,0.8358204960823059,3.517912087912088,0.7903257634793326,3,v3
1918,Designing High-Impact PowerPoint Presentations,Microsoft PowerPoint,0.6504054069519043,4.3116057233704295,0.6363639810839333,1,v3
1918,IBM Notes Collaboration and Email,IBM Notes,0.7330333590507507,3.0,0.677423931812418,2,v3
1918,Effective Communication and Active Listening,Active Listening,0.8550388813018799,3.596,0.8112608905792237,3,v3
1922,Designing High-Impact PowerPoint Presentations,Microsoft PowerPoint,0.6504054069519043,4.3116057233704295,0.6363639810839333,1,v3
1922,Email Management with Microsoft Outlook,Microsoft Outlook,0.7693076729774475,4.2912772585669785,0.7520521737704767,2,v3
1922,Effective Communication and Active Listening,Active Listening,0.8550388813018799,3.596,0.8112608905792237,3,v3
1924,JavaScript Web Development Essentials,JavaScript,0.6920572519302368,4.154761904761905,0.6726251024918016,1,v3
1924,Microsoft Office Suite Productivity Boost,Microsoft Office Live Meeting,0.38982364535331726,3.0,0.3602508170851346,2,v3
1924,Critical Thinking and Analytical Problem Solving,Critical Thinking,0.8358204960823059,3.517912087912088,0.7903257634793326,3,v3
1927,Linux System Administration Basics,Linux,0.644400417804718,4.163934426229508,0.6265509997875156,1,v3
1927,Microsoft Office Suite Productivity Boost,Microsoft Azure software,0.4527742862701416,4.479166666666667,0.4461388010403206,2,v3
1927,Effective Communication and Active Listening,Active Listening,0.8550388813018799,3.596,0.8112608905792237,3,v3
1928,Email Management with Microsoft Outlook,Microsoft Outlook,0.7693076729774475,4.2912772585669785,0.7520521737704767,1,v3
1928,Effective Communication and Active Listening,Active Listening,0.8550388813018799,3.596,0.8112608905792237,2,v3
1928,Critical Thinking and Analytical Problem Solving,Critical Thinking,0.8358204960823059,3.517912087912088,0.7903257634793326,3,v3
1929,C++ Object-Oriented Programming,C++,0.711704671382904,4.218181818181818,0.6935885524749756,1,v3
1929,Microsoft Office Suite Productivity Boost,Microsoft Office software,0.7261216044425964,4.470012239902081,0.7152051094650734,2,v3
1929,Effective Communication and Active Listening,Active Listening,0.8550388813018799,3.596,0.8112608905792237,3,v3
1931,FileMaker Pro Database Development,FileMaker Pro,0.8307403922080994,3.0,0.7677187072819678,1,v3
1931,Professional Document Creation in Microsoft Word,Microsoft Word,0.6755681037902832,4.103316326530612,0.6551608125480609,2,v3
1931,Effective Communication and Active Listening,Active Listening,0.8550388813018799,3.596,0.8112608905792237,3,v3
1932,IBM Notes Collaboration and Email,IBM Notes,0.7330333590507507,3.0,0.677423931812418,1,v3
1932,Critical Thinking and Analytical Problem Solving,Critical Thinking,0.8358204960823059,3.517912087912088,0.7903257634793326,2,v3
1932,Continuous Learning Strategies,Active Learning,0.8114772439002991,3.121824175824176,0.7540075583535824,3,v3
1933,C++ Object-Oriented Programming,C++,0.711704671382904,4.218181818181818,0.6935885524749756,1,v3
1933,Microsoft Office Suite Productivity Boost,Google Workspace software,0.445892870426178,4.153846153846154,0.4333558295070335,2,v3
1933,Effective Communication and Active Listening,Active Listening,0.8550388813018799,3.596,0.8112608905792237,3,v3
1934,SQL Querying for Beginners,Database software,0.6944124102592468,3.0,0.6417328481016489,1,v3
1934,Professional Document Creation in Microsoft Word,Microsoft Word,0.6755681037902832,4.103316326530612,0.6551608125480609,2,v3
1934,Effective Communication and Active Listening,Active Listening,0.8550388813018799,3.596,0.8112608905792237,3,v3
1935,Enterprise Resource Planning with SAP,SAP software,0.7140014171600342,4.11660777385159,0.6928258420489397,1,v3
1935,Microsoft Office Suite Productivity Boost,Microsoft Office software,0.7261216044425964,4.470012239902081,0.7152051094650734,2,v3
1935,Effective Communication and Active Listening,Active Listening,0.8550388813018799,3.596,0.8112608905792237,3,v3
1936,Designing High-Impact PowerPoint Presentations,Microsoft PowerPoint,0.6504054069519043,4.3116057233704295,0.6363639810839333,1,v3
1936,Microsoft Office Suite Productivity Boost,Microsoft Office software,0.7261216044425964,4.470012239902081,0.7152051094650734,2,v3
1936,Critical Thinking and Analytical Problem Solving,Critical Thinking,0.8358204960823059,3.517912087912088,0.7903257634793326,3,v3
1937,SQL Querying for Beginners,Database software,0.6944124102592468,3.0,0.6417328481016489,1,v3
1937,Microsoft Office Suite Productivity Boost,Microsoft Office software,0.7261216044425964,4.470012239902081,0.7152051094650734,2,v3
1937,Continuous Learning Strategies,Active Learning,0.8114772439002991,3.121824175824176,0.7540075583535824,3,v3
1938,Designing High-Impact PowerPoint Presentations,Microsoft PowerPoint,0.6504054069519043,4.3116057233704295,0.6363639810839333,1,v3
1938,IBM Notes Collaboration and Email,Microsoft OneNote,0.5396938920021057,3.0,0.4987515967467736,2,v3
1938,Performance Monitoring and Quality Assurance,Monitoring,0.6809203624725342,3.3096043956043952,0.6379877530688813,3,v3
1939,SQL Querying for Beginners,Database software,0.6944124102592468,3.0,0.6417328481016489,1,v3
1939,Microsoft Office Suite Productivity Boost,Microsoft Dynamics,0.40439698100090027,3.0,0.373718589338763,2,v3
1939,Public Speaking and Presentation Skills,Speaking,0.48659005761146545,3.536846153846154,0.46048559810694717,3,v3
1940,FileMaker Pro Database Development,FileMaker Pro,0.8307403922080994,3.0,0.7677187072819678,1,v3
1940,IBM Notes Collaboration and Email,IBM Notes,0.7330333590507507,3.0,0.677423931812418,2,v3
1940,Business Writing Essentials,Writing,0.5721129179000854,3.193,0.5332802603968259,3,v3
1941,Designing High-Impact PowerPoint Presentations,Microsoft PowerPoint,0.6504054069519043,4.3116057233704295,0.6363639810839333,1,v3
1941,Email Management with Microsoft Outlook,Microsoft Outlook,0.7693076729774475,4.2912772585669785,0.7520521737704767,2,v3
1941,Effective Communication and Active Listening,Active Listening,0.8550388813018799,3.596,0.8112608905792237,3,v3
1943,C++ Object-Oriented Programming,C++,0.711704671382904,4.218181818181818,0.6935885524749756,1,v3
1943,Microsoft Office Suite Productivity Boost,Microsoft Office software,0.7261216044425964,4.470012239902081,0.7152051094650734,2,v3
1943,Speed Reading and Comprehension,Reading Comprehension,0.7913572788238525,3.4906263736263736,0.7473892405110989,3,v3
1944,Enterprise Resource Planning with SAP,SAP software,0.7140014171600342,4.11660777385159,0.6928258420489397,1,v3
1944,Email Management with Microsoft Outlook,Microsoft Outlook,0.7693076729774475,4.2912772585669785,0.7520521737704767,2,v3
1944,Critical Thinking and Analytical Problem Solving,Critical Thinking,0.8358204960823059,3.517912087912088,0.7903257634793326,3,v3
1945,Enterprise Resource Planning with SAP,SAP software,0.7140014171600342,4.11660777385159,0.6928258420489397,1,v3
1945,Microsoft Office Suite Productivity Boost,Microsoft Office software,0.7261216044425964,4.470012239902081,0.7152051094650734,2,v3
1945,Critical Thinking and Analytical Problem Solving,Critical Thinking,0.8358204960823059,3.517912087912088,0.7903257634793326,3,v3
1947,FileMaker Pro Database Development,FileMaker Pro,0.8307403922080994,3.0,0.7677187072819678,1,v3
1947,Microsoft Office Suite Productivity Boost,Microsoft Office software,0.7261216044425964,4.470012239902081,0.7152051094650734,2,v3
1947,Continuous Learning Strategies,Active Learning,0.8114772439002991,3.121824175824176,0.7540075583535824,3,v3
1948,FileMaker Pro Database Development,FileMaker Pro,0.8307403922080994,3.0,0.7677187072819678,1,v3
1948,Advanced Microsoft Excel Masterclass,Microsoft Excel,0.6717683672904968,4.39464493597206,0.6595740091479589,2,v3
1948,Performance Monitoring and Quality Assurance,Monitoring,0.6809203624725342,3.3096043956043952,0.6379877530688813,3,v3
1949,SQL Querying for Beginners,Database software,0.6944124102592468,3.0,0.6417328481016489,1,v3
1949,Microsoft Office Suite Productivity Boost,Microsoft Office software,0.7261216044425964,4.470012239902081,0.7152051094650734,2,v3
1949,Effective Communication and Active Listening,Active Listening,0.8550388813018799,3.596,0.8112608905792237,3,v3
1950,JavaScript Web Development Essentials,JavaScript,0.6920572519302368,4.154761904761905,0.6726251024918016,1,v3
1950,Email Management with Microsoft Outlook,Microsoft Outlook,0.7693076729774475,4.2912772585669785,0.7520521737704767,2,v3
1950,Critical Thinking and Analytical Problem Solving,Critical Thinking,0.8358204960823059,3.517912087912088,0.7903257634793326,3,v3
1951,C++ Object-Oriented Programming,C++,0.711704671382904,4.218181818181818,0.6935885524749756,1,v3
1951,Professional Document Creation in Microsoft Word,Microsoft Word,0.6755681037902832,4.103316326530612,0.6551608125480609,2,v3
1951,Effective Communication and Active Listening,Active Listening,0.8550388813018799,3.596,0.8112608905792237,3,v3
1952,FileMaker Pro Database Development,FileMaker Pro,0.8307403922080994,3.0,0.7677187072819678,1,v3
1952,Email Management with Microsoft Outlook,Microsoft Outlook,0.7693076729774475,4.2912772585669785,0.7520521737704767,2,v3
1952,Critical Thinking and Analytical Problem Solving,Critical Thinking,0.8358204960823059,3.517912087912088,0.7903257634793326,3,v3
1954,SQL Querying for Beginners,Database software,0.6944124102592468,3.0,0.6417328481016489,1,v3
1954,Microsoft Office Suite Productivity Boost,Microsoft Office software,0.7261216044425964,4.470012239902081,0.7152051094650734,2,v3
1954,Effective Communication and Active Listening,Active Listening,0.8550388813018799,3.596,0.8112608905792237,3,v3
1955,Designing High-Impact PowerPoint Presentations,Microsoft PowerPoint,0.6504054069519043,4.3116057233704295,0.6363639810839333,1,v3
1955,Email Management with Microsoft Outlook,Microsoft Outlook,0.7693076729774475,4.2912772585669785,0.7520521737704767,2,v3
1955,Effective Communication and Active Listening,Active Listening,0.8550388813018799,3.596,0.8112608905792237,3,v3
1956,FileMaker Pro Database Development,FileMaker Pro,0.8307403922080994,3.0,0.7677187072819678,1,v3
1956,Microsoft Office Suite Productivity Boost,Microsoft Office software,0.7261216044425964,4.470012239902081,0.7152051094650734,2,v3
1956,Effective Communication and Active Listening,Active Listening,0.8550388813018799,3.596,0.8112608905792237,3,v3
1960,FileMaker Pro Database Development,FileMaker Pro,0.8307403922080994,3.0,0.7677187072819678,1,v3
1960,Email Management with Microsoft Outlook,Microsoft Outlook,0.7693076729774475,4.2912772585669785,0.7520521737704767,2,v3
1960,Effective Communication and Active Listening,Active Listening,0.8550388813018799,3.596,0.8112608905792237,3,v3
1961,Designing High-Impact PowerPoint Presentations,Microsoft PowerPoint,0.6504054069519043,4.3116057233704295,0.6363639810839333,1,v3
1961,Advanced Microsoft Excel Masterclass,Microsoft Excel,0.6717683672904968,4.39464493597206,0.6595740091479589,2,v3
1961,Critical Thinking and Analytical Problem Solving,Critical Thinking,0.8358204960823059,3.517912087912088,0.7903257634793326,3,v3
1962,C++ Object-Oriented Programming,C++,0.711704671382904,4.218181818181818,0.6935885524749756,1,v3
1962,Email Management with Microsoft Outlook,Microsoft Outlook,0.7693076729774475,4.2912772585669785,0.7520521737704767,2,v3
1962,Speed Reading and Comprehension,Reading Comprehension,0.7913572788238525,3.4906263736263736,0.7473892405110989,3,v3
1965,Enterprise Resource Planning with SAP,SAP software,0.7140014171600342,4.11660777385159,0.6928258420489397,1,v3
1965,Email Management with Microsoft Outlook,Microsoft Outlook,0.7693076729774475,4.2912772585669785,0.7520521737704767,2,v3
1965,Effective Communication and Active Listening,Active Listening,0.8550388813018799,3.596,0.8112608905792237,3,v3
1966,SQL Querying for Beginners,Database software,0.6944124102592468,3.0,0.6417328481016489,1,v3
1966,IBM Notes Collaboration and Email,IBM Notes,0.7330333590507507,3.0,0.677423931812418,2,v3
1966,Continuous Learning Strategies,Active Learning,0.8114772439002991,3.121824175824176,0.7540075583535824,3,v3
1967,Enterprise Resource Planning with SAP,SAP Adaptive Server Enterprise,0.7143436670303345,3.0,0.6601520784969988,1,v3
1967,Microsoft Office Suite Productivity Boost,Microsoft Azure software,0.4527742862701416,4.479166666666667,0.4461388010403206,2,v3
1967,Critical Thinking and Analytical Problem Solving,Critical Thinking,0.8358204960823059,3.517912087912088,0.7903257634793326,3,v3
1968,JavaScript Web Development Essentials,JavaScript,0.6920572519302368,4.154761904761905,0.6726251024918016,1,v3
1968,Email Management with Microsoft Outlook,Microsoft Outlook,0.7693076729774475,4.2912772585669785,0.7520521737704767,2,v3
1968,Continuous Learning Strategies,Active Learning,0.8114772439002991,3.121824175824176,0.7540075583535824,3,v3
1969,SQL Querying for Beginners,Database software,0.6944124102592468,3.0,0.6417328481016489,1,v3
1969,Microsoft Office Suite Productivity Boost,Microsoft Office software,0.7261216044425964,4.470012239902081,0.7152051094650734,2,v3
1969,Speed Reading and Comprehension,Reading Comprehension,0.7913572788238525,3.4906263736263736,0.7473892405110989,3,v3
1970,SQL Querying for Beginners,Database software,0.6944124102592468,3.0,0.6417328481016489,1,v3
1970,Email Management with Microsoft Outlook,Microsoft Outlook,0.7693076729774475,4.2912772585669785,0.7520521737704767,2,v3
1970,Effective Communication and Active Listening,Active Listening,0.8550388813018799,3.596,0.8112608905792237,3,v3
1971,SQL Querying for Beginners,Database software,0.6944124102592468,3.0,0.6417328481016489,1,v3
1971,Advanced Microsoft Excel Masterclass,Microsoft Excel,0.6717683672904968,4.39464493597206,0.6595740091479589,2,v3
1971,Effective Communication and Active Listening,Active Listening,0.8550388813018799,3.596,0.8112608905792237,3,v3
1972,FileMaker Pro Database Development,FileMaker Pro,0.8307403922080994,3.0,0.7677187072819678,1,v3
1972,Email Management with Microsoft Outlook,Microsoft Outlook,0.7693076729774475,4.2912772585669785,0.7520521737704767,2,v3
1972,Effective Communication and Active Listening,Active Listening,0.8550388813018799,3.596,0.8112608905792237,3,v3
1973,FileMaker Pro Database Development,FileMaker Pro,0.8307403922080994,3.0,0.7677187072819678,1,v3
1973,Advanced Microsoft Excel Masterclass,Microsoft Excel,0.6717683672904968,4.39464493597206,0.6595740091479589,2,v3
1973,Effective Learning and Study Strategies,Learning Strategies,0.7836461663246155,2.7872087912087915,0.7172970220518456,3,v3
1974,Enterprise Resource Planning with SAP,SAP software,0.7140014171600342,4.11660777385159,0.6928258420489397,1,v3
1974,Microsoft Office Suite Productivity Boost,Microsoft Office software,0.7261216044425964,4.470012239902081,0.7152051094650734,2,v3
1974,Effective Communication and Active Listening,Active Listening,0.8550388813018799,3.596,0.8112608905792237,3,v3
1975,C++ Object-Oriented Programming,C++,0.711704671382904,4.218181818181818,0.6935885524749756,1,v3
1975,Email Management with Microsoft Outlook,Microsoft Exchange,0.538519561290741,3.0,0.4976663531928227,2,v3
1975,Effective Communication and Active Listening,Active Listening,0.8550388813018799,3.596,0.8112608905792237,3,v3
1976,Enterprise Resource Planning with SAP,ESRI ArcGIS software,0.3975674510002136,4.225806451612903,0.387572985602433,1,v3
1976,Email Management with Microsoft Outlook,Microsoft Exchange,0.538519561290741,3.0,0.4976663531928227,2,v3
1976,Effective Communication and Active Listening,Active Listening,0.8550388813018799,3.596,0.8112608905792237,3,v3
1979,Enterprise Resource Planning with SAP,SAP software,0.7140014171600342,4.11660777385159,0.6928258420489397,1,v3
1979,Email Management with Microsoft Outlook,Microsoft Outlook,0.7693076729774475,4.2912772585669785,0.7520521737704767,2,v3
1979,Speed Reading and Comprehension,Reading Comprehension,0.7913572788238525,3.4906263736263736,0.7473892405110989,3,v3
1980,Enterprise Resource Planning with SAP,SAP software,0.7140014171600342,4.11660777385159,0.6928258420489397,1,v3
1980,Email Management with Microsoft Outlook,Microsoft Outlook,0.7693076729774475,4.2912772585669785,0.7520521737704767,2,v3
1980,Critical Thinking and Analytical Problem Solving,Critical Thinking,0.8358204960823059,3.517912087912088,0.7903257634793326,3,v3
1981,Designing High-Impact PowerPoint Presentations,Microsoft PowerPoint,0.6504054069519043,4.3116057233704295,0.6363639810839333,1,v3
1981,IBM Notes Collaboration and Email,IBM Notes,0.7330333590507507,3.0,0.677423931812418,2,v3
1981,Effective Communication and Active Listening,Active Listening,0.8550388813018799,3.596,0.8112608905792237,3,v3
1982,Enterprise Resource Planning with SAP,SAP software,0.7140014171600342,4.11660777385159,0.6928258420489397,1,v3
1982,Advanced Microsoft Excel Masterclass,Microsoft Excel,0.6717683672904968,4.39464493597206,0.6595740091479589,2,v3
1982,Effective Communication and Active Listening,Active Listening,0.8550388813018799,3.596,0.8112608905792237,3,v3
1985,FileMaker Pro Database Development,FileMaker Pro,0.8307403922080994,3.0,0.7677187072819678,1,v3
1985,Microsoft Office Suite Productivity Boost,Microsoft Office software,0.7261216044425964,4.470012239902081,0.7152051094650734,2,v3
1985,Critical Thinking and Analytical Problem Solving,Critical Thinking,0.8358204960823059,3.517912087912088,0.7903257634793326,3,v3
1986,C++ Object-Oriented Programming,C++,0.711704671382904,4.218181818181818,0.6935885524749756,1,v3
1986,Advanced Microsoft Excel Masterclass,Microsoft Excel,0.6717683672904968,4.39464493597206,0.6595740091479589,2,v3
1986,Continuous Learning Strategies,Active Learning,0.8114772439002991,3.121824175824176,0.7540075583535824,3,v3
1987,SQL Querying for Beginners,Database software,0.6944124102592468,3.0,0.6417328481016489,1,v3
1987,Professional Document Creation in Microsoft Word,Microsoft Word,0.6755681037902832,4.103316326530612,0.6551608125480609,2,v3
1987,Effective Learning and Study Strategies,Learning Strategies,0.7836461663246155,2.7872087912087915,0.7172970220518456,3,v3
1989,SQL Querying for Beginners,Database software,0.6944124102592468,3.0,0.6417328481016489,1,v3
1989,Professional Document Creation in Microsoft Word,Microsoft Word,0.6755681037902832,4.103316326530612,0.6551608125480609,2,v3
1989,Effective Communication and Active Listening,Active Listening,0.8550388813018799,3.596,0.8112608905792237,3,v3
1992,FileMaker Pro Database Development,FileMaker Pro,0.8307403922080994,3.0,0.7677187072819678,1,v3
1992,Microsoft Office Suite Productivity Boost,Microsoft Office software,0.7261216044425964,4.470012239902081,0.7152051094650734,2,v3
1992,Continuous Learning Strategies,Active Learning,0.8114772439002991,3.121824175824176,0.7540075583535824,3,v3
1993,Designing High-Impact PowerPoint Presentations,Microsoft PowerPoint,0.6504054069519043,4.3116057233704295,0.6363639810839333,1,v3
1993,IBM Notes Collaboration and Email,IBM Notes,0.7330333590507507,3.0,0.677423931812418,2,v3
1993,Effective Communication and Active Listening,Active Listening,0.8550388813018799,3.596,0.8112608905792237,3,v3
1994,SQL Querying for Beginners,Database software,0.6944124102592468,3.0,0.6417328481016489,1,v3
1994,Microsoft Office Suite Productivity Boost,Microsoft Office software,0.7261216044425964,4.470012239902081,0.7152051094650734,2,v3
1994,Critical Thinking and Analytical Problem Solving,Critical Thinking,0.8358204960823059,3.517912087912088,0.7903257634793326,3,v3
1995,C++ Object-Oriented Programming,C++,0.711704671382904,4.218181818181818,0.6935885524749756,1,v3
1995,Advanced Microsoft Excel Masterclass,Microsoft Excel,0.6717683672904968,4.39464493597206,0.6595740091479589,2,v3
1995,Effective Communication and Active Listening,Active Listening,0.8550388813018799,3.596,0.8112608905792237,3,v3
1996,Designing High-Impact PowerPoint Presentations,Microsoft PowerPoint,0.6504054069519043,4.3116057233704295,0.6363639810839333,1,v3
1996,Email Management with Microsoft Outlook,Microsoft Outlook,0.7693076729774475,4.2912772585669785,0.7520521737704767,2,v3
1996,Critical Thinking and Analytical Problem Solving,Critical Thinking,0.8358204960823059,3.517912087912088,0.7903257634793326,3,v3
1997,Systems Analysis and Design Foundations,Distributed control system DCS,0.3950812518596649,3.0,0.36510957068410416,1,v3
1997,Microsoft Office Suite Productivity Boost,Microsoft Office software,0.7261216044425964,4.470012239902081,0.7152051094650734,2,v3
1997,Effective Communication and Active Listening,Active Listening,0.8550388813018799,3.596,0.8112608905792237,3,v3
1998,Designing High-Impact PowerPoint Presentations,Microsoft PowerPoint,0.6504054069519043,4.3116057233704295,0.6363639810839333,1,v3
1998,IBM Notes Collaboration and Email,IBM Notes,0.7330333590507507,3.0,0.677423931812418,2,v3
1998,Effective Communication and Active Listening,Active Listening,0.8550388813018799,3.596,0.8112608905792237,3,v3
1999,FileMaker Pro Database Development,FileMaker Pro,0.8307403922080994,3.0,0.7677187072819678,1,v3
1999,IBM Notes Collaboration and Email,IBM Notes,0.7330333590507507,3.0,0.677423931812418,2,v3
1999,Critical Thinking and Analytical Problem Solving,Critical Thinking,0.8358204960823059,3.517912087912088,0.7903257634793326,3,v3
2000,Enterprise Resource Planning with SAP,SAP software,0.7140014171600342,4.11660777385159,0.6928258420489397,1,v3
2000,Advanced Microsoft Excel Masterclass,Microsoft Excel,0.6717683672904968,4.39464493597206,0.6595740091479589,2,v3
2000,Effective Communication and Active Listening,Active Listening,0.8550388813018799,3.596,0.8112608905792237,3,v3
2003,SQL Querying for Beginners,Database software,0.6944124102592468,3.0,0.6417328481016489,1,v3
2003,Microsoft Office Suite Productivity Boost,Microsoft Office software,0.7261216044425964,4.470012239902081,0.7152051094650734,2,v3
2003,Effective Communication and Active Listening,Active Listening,0.8550388813018799,3.596,0.8112608905792237,3,v3
2007,FileMaker Pro Database Development,FileMaker Pro,0.8307403922080994,3.0,0.7677187072819678,1,v3
2007,IBM Notes Collaboration and Email,IBM Notes,0.7330333590507507,3.0,0.677423931812418,2,v3
2007,Effective Communication and Active Listening,Active Listening,0.8550388813018799,3.596,0.8112608905792237,3,v3
2008,SQL Querying for Beginners,Database software,0.6944124102592468,3.0,0.6417328481016489,1,v3
2008,IBM Notes Collaboration and Email,IBM Notes,0.7330333590507507,3.0,0.677423931812418,2,v3
2008,Effective Communication and Active Listening,Active Listening,0.8550388813018799,3.596,0.8112608905792237,3,v3
2009,Designing High-Impact PowerPoint Presentations,Microsoft PowerPoint,0.6504054069519043,4.3116057233704295,0.6363639810839333,1,v3
2009,Email Management with Microsoft Outlook,Microsoft Outlook,0.7693076729774475,4.2912772585669785,0.7520521737704767,2,v3
2009,Effective Communication and Active Listening,Active Listening,0.8550388813018799,3.596,0.8112608905792237,3,v3
2010,Email Management with Microsoft Outlook,Microsoft Outlook,0.7693076729774475,4.2912772585669785,0.7520521737704767,1,v3
2010,Effective Communication and Active Listening,Active Listening,0.8550388813018799,3.596,0.8112608905792237,2,v3
2010,Critical Thinking and Analytical Problem Solving,Critical Thinking,0.8358204960823059,3.517912087912088,0.7903257634793326,3,v3
2012,FileMaker Pro Database Development,FileMaker Pro,0.8307403922080994,3.0,0.7677187072819678,1,v3
2012,Email Management with Microsoft Outlook,Microsoft Outlook,0.7693076729774475,4.2912772585669785,0.7520521737704767,2,v3
2012,Effective Communication and Active Listening,Active Listening,0.8550388813018799,3.596,0.8112608905792237,3,v3
2013,SQL Querying for Beginners,Salesforce software,0.45659494400024414,4.204545454545454,0.4447148874635607,1,v3
2013,Microsoft Office Suite Productivity Boost,Microsoft Office software,0.7261216044425964,4.470012239902081,0.7152051094650734,2,v3
2013,Critical Thinking and Analytical Problem Solving,Critical Thinking,0.8358204960823059,3.517912087912088,0.7903257634793326,3,v3
2014,FileMaker Pro Database Development,FileMaker Pro,0.8307403922080994,3.0,0.7677187072819678,1,v3
2014,IBM Notes Collaboration and Email,IBM Notes,0.7330333590507507,3.0,0.677423931812418,2,v3
2014,Critical Thinking and Analytical Problem Solving,Critical Thinking,0.8358204960823059,3.517912087912088,0.7903257634793326,3,v3
2015,Enterprise Resource Planning with SAP,SAP software,0.7140014171600342,4.11660777385159,0.6928258420489397,1,v3
2015,Email Management with Microsoft Outlook,Microsoft Outlook,0.7693076729774475,4.2912772585669785,0.7520521737704767,2,v3
2015,Critical Thinking and Analytical Problem Solving,Critical Thinking,0.8358204960823059,3.517912087912088,0.7903257634793326,3,v3
2016,Enterprise Resource Planning with SAP,SAP Adaptive Server Enterprise,0.7143436670303345,3.0,0.6601520784969988,1,v3
2016,Email Management with Microsoft Outlook,Microsoft Outlook,0.7693076729774475,4.2912772585669785,0.7520521737704767,2,v3
2016,Effective Communication and Active Listening,Active Listening,0.8550388813018799,3.596,0.8112608905792237,3,v3
2017,Enterprise Resource Planning with SAP,SAP software,0.7140014171600342,4.11660777385159,0.6928258420489397,1,v3
2017,Email Management with Microsoft Outlook,Microsoft Outlook,0.7693076729774475,4.2912772585669785,0.7520521737704767,2,v3
2017,Effective Communication and Active Listening,Active Listening,0.8550388813018799,3.596,0.8112608905792237,3,v3
2018,C++ Object-Oriented Programming,C++,0.711704671382904,4.218181818181818,0.6935885524749756,1,v3
2018,Email Management with Microsoft Outlook,Microsoft Outlook,0.7693076729774475,4.2912772585669785,0.7520521737704767,2,v3
2018,Effective Communication and Active Listening,Active Listening,0.8550388813018799,3.596,0.8112608905792237,3,v3
2019,Microsoft Office Suite Productivity Boost,Microsoft Office software,0.7261216044425964,4.470012239902081,0.7152051094650734,1,v3
2019,Speed Reading and Comprehension,Reading Comprehension,0.7913572788238525,3.4906263736263736,0.7473892405110989,2,v3
2019,Effective Learning and Study Strategies,Learning Strategies,0.7836461663246155,2.7872087912087915,0.7172970220518456,3,v3
2020,SQL Querying for Beginners,Database software,0.6944124102592468,3.0,0.6417328481016489,1,v3
2020,Microsoft Office Suite Productivity Boost,Microsoft Office software,0.7261216044425964,4.470012239902081,0.7152051094650734,2,v3
2020,Critical Thinking and Analytical Problem Solving,Critical Thinking,0.8358204960823059,3.517912087912088,0.7903257634793326,3,v3
2021,SQL Querying for Beginners,Salesforce software,0.45659494400024414,4.204545454545454,0.4447148874635607,1,v3
2021,Professional Document Creation in Microsoft Word,Microsoft Word,0.6755681037902832,4.103316326530612,0.6551608125480609,2,v3
2021,Critical Thinking and Analytical Problem Solving,Critical Thinking,0.8358204960823059,3.517912087912088,0.7903257634793326,3,v3
2022,Enterprise Resource Planning with SAP,SAP Business Objects,0.662801206111908,3.0,0.6125197353034184,1,v3
2022,Email Management with Microsoft Outlook,Microsoft Outlook,0.7693076729774475,4.2912772585669785,0.7520521737704767,2,v3
2022,Effective Communication and Active Listening,Active Listening,0.8550388813018799,3.596,0.8112608905792237,3,v3
2023,SQL Querying for Beginners,Salesforce software,0.45659494400024414,4.204545454545454,0.4447148874635607,1,v3
2023,Professional Document Creation in Microsoft Word,Microsoft Word,0.6755681037902832,4.103316326530612,0.6551608125480609,2,v3
2023,Effective Communication and Active Listening,Active Listening,0.8550388813018799,3.596,0.8112608905792237,3,v3
2024,C++ Object-Oriented Programming,C++,0.711704671382904,4.218181818181818,0.6935885524749756,1,v3
2024,Email Management with Microsoft Outlook,Microsoft Exchange,0.538519561290741,3.0,0.4976663531928227,2,v3
2024,Critical Thinking and Analytical Problem Solving,Critical Thinking,0.8358204960823059,3.517912087912088,0.7903257634793326,3,v3
2025,Designing High-Impact PowerPoint Presentations,Microsoft PowerPoint,0.6504054069519043,4.3116057233704295,0.6363639810839333,1,v3
2025,Email Management with Microsoft Outlook,Microsoft Outlook,0.7693076729774475,4.2912772585669785,0.7520521737704767,2,v3
2025,Effective Learning and Study Strategies,Learning Strategies,0.7836461663246155,2.7872087912087915,0.7172970220518456,3,v3
2026,SQL Querying for Beginners,Database software,0.6944124102592468,3.0,0.6417328481016489,1,v3
2026,Advanced Microsoft Excel Masterclass,Microsoft Excel,0.6717683672904968,4.39464493597206,0.6595740091479589,2,v3
2026,Effective Communication and Active Listening,Active Listening,0.8550388813018799,3.596,0.8112608905792237,3,v3
2027,FileMaker Pro Database Development,FileMaker Pro,0.8307403922080994,3.0,0.7677187072819678,1,v3
2027,IBM Notes Collaboration and Email,IBM Notes,0.7330333590507507,3.0,0.677423931812418,2,v3
2027,Effective Communication and Active Listening,Active Listening,0.8550388813018799,3.596,0.8112608905792237,3,v3
2031,SQL Querying for Beginners,Database software,0.6944124102592468,3.0,0.6417328481016489,1,v3
2031,Email Management with Microsoft Outlook,Microsoft Outlook,0.7693076729774475,4.2912772585669785,0.7520521737704767,2,v3
2031,Critical Thinking and Analytical Problem Solving,Critical Thinking,0.8358204960823059,3.517912087912088,0.7903257634793326,3,v3
2032,FileMaker Pro Database Development,FileMaker Pro,0.8307403922080994,3.0,0.7677187072819678,1,v3
2032,Microsoft Office Suite Productivity Boost,Microsoft Office software,0.7261216044425964,4.470012239902081,0.7152051094650734,2,v3
2032,Effective Communication and Active Listening,Active Listening,0.8550388813018799,3.596,0.8112608905792237,3,v3
2034,FileMaker Pro Database Development,FileMaker Pro,0.8307403922080994,3.0,0.7677187072819678,1,v3
2034,Email Management with Microsoft Outlook,Microsoft Outlook,0.7693076729774475,4.2912772585669785,0.7520521737704767,2,v3
2034,Continuous Learning Strategies,Active Learning,0.8114772439002991,3.121824175824176,0.7540075583535824,3,v3
2035,C++ Object-Oriented Programming,C++,0.711704671382904,4.218181818181818,0.6935885524749756,1,v3
2035,Microsoft Office Suite Productivity Boost,Microsoft Office software,0.7261216044425964,4.470012239902081,0.7152051094650734,2,v3
2035,Critical Thinking and Analytical Problem Solving,Critical Thinking,0.8358204960823059,3.517912087912088,0.7903257634793326,3,v3
2036,C++ Object-Oriented Programming,C++,0.711704671382904,4.218181818181818,0.6935885524749756,1,v3
2036,Microsoft Office Suite Productivity Boost,Microsoft Office software,0.7261216044425964,4.470012239902081,0.7152051094650734,2,v3
2036,Critical Thinking and Analytical Problem Solving,Critical Thinking,0.8358204960823059,3.517912087912088,0.7903257634793326,3,v3
2037,JavaScript Web Development Essentials,JavaScript,0.6920572519302368,4.154761904761905,0.6726251024918016,1,v3
2037,Email Management with Microsoft Outlook,Microsoft Outlook,0.7693076729774475,4.2912772585669785,0.7520521737704767,2,v3
2037,Effective Communication and Active Listening,Active Listening,0.8550388813018799,3.596,0.8112608905792237,3,v3
2038,SQL Querying for Beginners,Database software,0.6944124102592468,3.0,0.6417328481016489,1,v3
2038,Microsoft Office Suite Productivity Boost,Microsoft Office software,0.7261216044425964,4.470012239902081,0.7152051094650734,2,v3
2038,Effective Communication and Active Listening,Active Listening,0.8550388813018799,3.596,0.8112608905792237,3,v3
2040,Enterprise Resource Planning with SAP,SAP software,0.7140014171600342,4.11660777385159,0.6928258420489397,1,v3
2040,Email Management with Microsoft Outlook,Microsoft Outlook,0.7693076729774475,4.2912772585669785,0.7520521737704767,2,v3
2040,Effective Communication and Active Listening,Active Listening,0.8550388813018799,3.596,0.8112608905792237,3,v3
2041,Enterprise Resource Planning with SAP,SAP Adaptive Server Enterprise,0.7143436670303345,3.0,0.6601520784969988,1,v3
2041,Email Management with Microsoft Outlook,Microsoft Outlook,0.7693076729774475,4.2912772585669785,0.7520521737704767,2,v3
2041,Effective Communication and Active Listening,Active Listening,0.8550388813018799,3.596,0.8112608905792237,3,v3
2044,C++ Object-Oriented Programming,C++,0.711704671382904,4.218181818181818,0.6935885524749756,1,v3
2044,Advanced Microsoft Excel Masterclass,Microsoft Excel,0.6717683672904968,4.39464493597206,0.6595740091479589,2,v3
2044,Performance Monitoring and Quality Assurance,Monitoring,0.6809203624725342,3.3096043956043952,0.6379877530688813,3,v3
2045,C++ Object-Oriented Programming,C++,0.711704671382904,4.218181818181818,0.6935885524749756,1,v3
2045,Microsoft Office Suite Productivity Boost,Microsoft Office software,0.7261216044425964,4.470012239902081,0.7152051094650734,2,v3
2045,Effective Communication and Active Listening,Active Listening,0.8550388813018799,3.596,0.8112608905792237,3,v3
2046,JavaScript Web Development Essentials,JavaScript,0.6920572519302368,4.154761904761905,0.6726251024918016,1,v3
2046,Microsoft Office Suite Productivity Boost,Microsoft SharePoint,0.4060703217983246,4.066265060240964,0.3931813427433217,2,v3
2046,Critical Thinking and Analytical Problem Solving,Critical Thinking,0.8358204960823059,3.517912087912088,0.7903257634793326,3,v3
2048,SQL Querying for Beginners,Database software,0.6944124102592468,3.0,0.6417328481016489,1,v3
2048,Professional Document Creation in Microsoft Word,Microsoft Word,0.6755681037902832,4.103316326530612,0.6551608125480609,2,v3
2048,Effective Communication and Active Listening,Active Listening,0.8550388813018799,3.596,0.8112608905792237,3,v3
2049,SQL Querying for Beginners,Data entry software,0.48325756192207336,3.0,0.44659664343143335,1,v3
2049,Microsoft Office Suite Productivity Boost,Microsoft Office software,0.7261216044425964,4.470012239902081,0.7152051094650734,2,v3
2049,Effective Learning and Study Strategies,Learning Strategies,0.7836461663246155,2.7872087912087915,0.7172970220518456,3,v3
2051,Designing High-Impact PowerPoint Presentations,Microsoft PowerPoint,0.6504054069519043,4.3116057233704295,0.6363639810839333,1,v3
2051,Microsoft Office Suite Productivity Boost,Microsoft Office software,0.7261216044425964,4.470012239902081,0.7152051094650734,2,v3
2051,Effective Communication and Active Listening,Active Listening,0.8550388813018799,3.596,0.8112608905792237,3,v3
2052,Linux System Administration Basics,Linux,0.644400417804718,4.163934426229508,0.6265509997875156,1,v3
2052,IBM Notes Collaboration and Email,IBM Notes,0.7330333590507507,3.0,0.677423931812418,2,v3
2052,Performance Monitoring and Quality Assurance,Monitoring,0.6809203624725342,3.3096043956043952,0.6379877530688813,3,v3
2053,Enterprise Resource Planning with SAP,SAP software,0.7140014171600342,4.11660777385159,0.6928258420489397,1,v3
2053,Email Management with Microsoft Outlook,Microsoft Outlook,0.7693076729774475,4.2912772585669785,0.7520521737704767,2,v3
2053,Effective Communication and Active Listening,Active Listening,0.8550388813018799,3.596,0.8112608905792237,3,v3
2054,SQL Querying for Beginners,Database software,0.6944124102592468,3.0,0.6417328481016489,1,v3
2054,Microsoft Office Suite Productivity Boost,Microsoft Office software,0.7261216044425964,4.470012239902081,0.7152051094650734,2,v3
2054,Critical Thinking and Analytical Problem Solving,Critical Thinking,0.8358204960823059,3.517912087912088,0.7903257634793326,3,v3
2055,JavaScript Web Development Essentials,JavaScript,0.6920572519302368,4.154761904761905,0.6726251024918016,1,v3
2055,Email Management with Microsoft Outlook,Microsoft Outlook,0.7693076729774475,4.2912772585669785,0.7520521737704767,2,v3
2055,Effective Communication and Active Listening,Active Listening,0.8550388813018799,3.596,0.8112608905792237,3,v3
2056,C++ Object-Oriented Programming,C++,0.711704671382904,4.218181818181818,0.6935885524749756,1,v3
2056,Microsoft Office Suite Productivity Boost,Microsoft Office software,0.7261216044425964,4.470012239902081,0.7152051094650734,2,v3
2056,Enterprise Resource Planning with SAP,SAP Adaptive Server Enterprise,0.7143436670303345,3.0,0.6601520784969988,3,v3
2057,FileMaker Pro Database Development,FileMaker Pro,0.8307403922080994,3.0,0.7677187072819678,1,v3
2057,Email Management with Microsoft Outlook,Email software,0.5386273264884949,3.0,0.49776594309971256,2,v3
2057,Critical Thinking and Analytical Problem Solving,Critical Thinking,0.8358204960823059,3.517912087912088,0.7903257634793326,3,v3
2060,Designing High-Impact PowerPoint Presentations,Microsoft PowerPoint,0.6504054069519043,4.3116057233704295,0.6363639810839333,1,v3
2060,Professional Document Creation in Microsoft Word,Microsoft Word,0.6755681037902832,4.103316326530612,0.6551608125480609,2,v3
2060,Effective Communication and Active Listening,Active Listening,0.8550388813018799,3.596,0.8112608905792237,3,v3
2061,FileMaker Pro Database Development,FileMaker Pro,0.8307403922080994,3.0,0.7677187072819678,1,v3
2061,IBM Notes Collaboration and Email,IBM Notes,0.7330333590507507,3.0,0.677423931812418,2,v3
2061,Performance Monitoring and Quality Assurance,Monitoring,0.6809203624725342,3.3096043956043952,0.6379877530688813,3,v3
2062,Designing High-Impact PowerPoint Presentations,Microsoft PowerPoint,0.6504054069519043,4.3116057233704295,0.6363639810839333,1,v3
2062,Professional Document Creation in Microsoft Word,Corel WordPerfect Office Suite,0.5321411490440369,3.0,0.4917718204958686,2,v3
2062,Continuous Learning Strategies,Active Learning,0.8114772439002991,3.121824175824176,0.7540075583535824,3,v3
2064,FileMaker Pro Database Development,FileMaker Pro,0.8307403922080994,3.0,0.7677187072819678,1,v3
2064,Email Management with Microsoft Outlook,Microsoft Outlook,0.7693076729774475,4.2912772585669785,0.7520521737704767,2,v3
2064,Continuous Learning Strategies,Active Learning,0.8114772439002991,3.121824175824176,0.7540075583535824,3,v3
2065,Enterprise Resource Planning with SAP,SAP Adaptive Server Enterprise,0.7143436670303345,3.0,0.6601520784969988,1,v3
2065,Email Management with Microsoft Outlook,Microsoft Outlook,0.7693076729774475,4.2912772585669785,0.7520521737704767,2,v3
2065,Effective Communication and Active Listening,Active Listening,0.8550388813018799,3.596,0.8112608905792237,3,v3
2068,FileMaker Pro Database Development,FileMaker Pro,0.8307403922080994,3.0,0.7677187072819678,1,v3
2068,Advanced Microsoft Excel Masterclass,Microsoft Excel,0.6717683672904968,4.39464493597206,0.6595740091479589,2,v3
2068,Effective Communication and Active Listening,Active Listening,0.8550388813018799,3.596,0.8112608905792237,3,v3
