Employee ID,Performance Score,Current Employee Rating,Training Date,Training Program Name,Training Type,Training Outcome,Training Duration(Days),Training Cost
3427,Fully Meets,4,15-Jul-23,Leadership Development,Internal,Failed,2,606.11
3428,Fully Meets,3,12-Sep-22,Customer Service,External,Incomplete,4,673.02
3429,Fully Meets,4,13-Aug-22,Leadership Development,External,Failed,2,413.28
3430,Fully Meets,2,15-Dec-22,Project Management,External,Completed,3,663.78
3431,Fully Meets,3,13-Jul-23,Technical Skills,External,Failed,5,399.03
3432,Fully Meets,3,18-Apr-23,Project Management,Internal,Passed,2,820.33
3433,Exceeds,4,06-Aug-22,Customer Service,External,Passed,5,295.08
3434,Fully Meets,2,07-Oct-22,Leadership Development,Internal,Passed,3,790.15
3435,Exceeds,3,19-Jul-23,Customer Service,Internal,Passed,3,798.4
3436,Fully Meets,5,09-Apr-23,Leadership Development,Internal,Failed,5,192.61
3437,Fully Meets,5,20-Oct-22,Technical Skills,Internal,Failed,1,455.68
3438,Fully Meets,3,05-Oct-22,Technical Skills,Internal,Failed,2,208.17
3439,Fully Meets,3,09-Mar-23,Technical Skills,External,Incomplete,1,421.07
3440,Fully Meets,3,29-May-23,Communication Skills,External,Failed,1,649.03
3441,Exceeds,4,08-Jan-23,Project Management,Internal,Passed,4,450.2
3442,Exceeds,2,06-Mar-23,Project Management,External,Failed,4,286.87
3443,Fully Meets,3,18-Feb-23,Technical Skills,External,Failed,3,402.13
3444,Fully Meets,3,02-Nov-22,Technical Skills,External,Failed,2,388.84
3445,Exceeds,4,14-Jul-23,Project Management,External,Completed,2,879.64
3446,Exceeds,2,11-Dec-22,Technical Skills,Internal,Failed,5,701.13
3450,Exceeds,2,12-Jan-23,Technical Skills,Internal,Completed,4,186.07
3451,Exceeds,3,22-Mar-23,Technical Skills,External,Completed,1,921.97
3452,Fully Meets,2,13-Sep-22,Customer Service,Internal,Failed,1,691.04
3453,Fully Meets,4,25-Aug-22,Customer Service,External,Completed,5,964.44
3454,Needs Improvement,4,07-Feb-23,Communication Skills,Internal,Passed,3,184.9
3455,Exceeds,4,17-Mar-23,Project Management,External,Passed,1,220.41
3456,Fully Meets,3,08-Jun-23,Technical Skills,External,Passed,2,336.82
3457,Needs Improvement,3,15-Apr-23,Customer Service,External,Completed,4,485.73
3460,Fully Meets,3,08-Jul-23,Communication Skills,External,Incomplete,5,919.52
3462,Needs Improvement,3,19-Jul-23,Project Management,External,Completed,1,320.01
3463,Fully Meets,1,29-Aug-22,Technical Skills,Internal,Incomplete,4,926.19
3464,Needs Improvement,5,13-Nov-22,Customer Service,External,Passed,2,290.47
3465,Needs Improvement,3,04-Jun-23,Communication Skills,External,Incomplete,1,706.1
3466,Exceeds,4,07-Dec-22,Customer Service,External,Passed,3,447.66
3467,Exceeds,1,24-Feb-23,Technical Skills,Internal,Incomplete,1,759.7
3468,Fully Meets,4,10-May-23,Customer Service,Internal,Completed,3,180.63
3471,Fully Meets,4,23-Mar-23,Customer Service,External,Passed,3,109.98
3472,Exceeds,4,12-Feb-23,Technical Skills,External,Completed,5,537.24
3473,Exceeds,2,06-Dec-22,Communication Skills,External,Failed,5,789.99
3474,Fully Meets,2,01-Sep-22,Customer Service,External,Incomplete,5,155.51
3475,Fully Meets,2,02-Nov-22,Customer Service,Internal,Passed,2,648.76
3476,Needs Improvement,2,18-Nov-22,Leadership Development,Internal,Incomplete,4,533.5
3477,Needs Improvement,2,07-Nov-22,Leadership Development,External,Failed,5,429.48
3478,Fully Meets,2,05-Oct-22,Technical Skills,External,Incomplete,1,526.74
3479,Fully Meets,2,18-Jan-23,Communication Skills,Internal,Passed,3,443.45
3483,Fully Meets,1,10-Aug-22,Project Management,External,Passed,4,111.96
3484,Fully Meets,4,27-Jun-23,Project Management,External,Passed,1,795.7
3485,Fully Meets,5,07-Aug-22,Customer Service,Internal,Passed,2,796.45
3486,Fully Meets,4,23-Jul-23,Project Management,Internal,Completed,5,812.59
3487,Fully Meets,4,17-Jul-23,Project Management,External,Completed,5,132.97
3488,Fully Meets,2,20-Sep-22,Communication Skills,Internal,Completed,1,308.19
3489,Fully Meets,2,02-Jul-23,Project Management,Internal,Passed,1,131.41
3490,Fully Meets,2,19-Jul-23,Technical Skills,Internal,Failed,3,389.59
3491,Fully Meets,5,14-Jul-23,Project Management,Internal,Incomplete,3,442.56
3492,Fully Meets,1,06-Sep-22,Project Management,Internal,Incomplete,3,327.66
3493,Fully Meets,5,19-Feb-23,Project Management,Internal,Completed,3,400.95
3494,Fully Meets,4,11-Feb-23,Technical Skills,Internal,Completed,2,910.45
3495,Fully Meets,4,21-Dec-22,Customer Service,External,Passed,1,701.55
3496,Fully Meets,5,16-Feb-23,Project Management,Internal,Incomplete,1,806.87
3497,Fully Meets,1,11-Mar-23,Communication Skills,Internal,Completed,2,184.21
3498,Fully Meets,2,30-May-23,Project Management,External,Failed,1,208.43
3499,Fully Meets,5,30-Jan-23,Technical Skills,Internal,Incomplete,2,762.45
3500,Fully Meets,1,15-Jun-23,Leadership Development,External,Incomplete,4,779.79
3502,Fully Meets,1,03-Jan-23,Customer Service,External,Incomplete,3,427.12
3503,Fully Meets,4,20-Feb-23,Technical Skills,Internal,Completed,4,996.35
3504,Fully Meets,2,02-Jun-23,Communication Skills,Internal,Completed,5,963.23
3505,Fully Meets,1,13-Sep-22,Leadership Development,Internal,Failed,5,260.97
3506,Fully Meets,2,21-May-23,Leadership Development,Internal,Completed,1,781.81
3507,Fully Meets,4,25-May-23,Project Management,Internal,Passed,4,651.77
3508,Fully Meets,5,04-Apr-23,Communication Skills,External,Completed,1,568.22
3509,Fully Meets,2,04-Mar-23,Leadership Development,External,Completed,4,612.1
3510,Fully Meets,2,27-Oct-22,Technical Skills,External,Completed,4,473.23
3511,Fully Meets,4,07-Apr-23,Technical Skills,Internal,Completed,3,344.44
3514,Fully Meets,1,21-Feb-23,Leadership Development,Internal,Incomplete,3,975.46
3516,Fully Meets,5,22-Jun-23,Technical Skills,Internal,Incomplete,1,570.42
3517,Fully Meets,4,17-Sep-22,Technical Skills,Internal,Failed,3,391.31
3518,Fully Meets,2,27-Jun-23,Customer Service,Internal,Completed,3,826.58
3519,Fully Meets,2,11-Dec-22,Leadership Development,External,Incomplete,4,930.69
3520,Fully Meets,1,11-Sep-22,Customer Service,External,Incomplete,1,607.93
3521,Fully Meets,4,28-Feb-23,Communication Skills,Internal,Incomplete,5,723.5
3522,Fully Meets,1,05-May-23,Communication Skills,External,Completed,5,394.04
3523,Fully Meets,2,10-Jul-23,Leadership Development,External,Incomplete,2,451.18
3526,Fully Meets,4,15-Oct-22,Customer Service,Internal,Passed,2,360.5
3527,Fully Meets,1,06-Jan-23,Project Management,Internal,Failed,4,396.28
3528,Fully Meets,2,02-Mar-23,Technical Skills,External,Passed,1,465.96
3529,Fully Meets,2,04-Sep-22,Project Management,Internal,Incomplete,1,515.56
3530,Fully Meets,2,18-Jan-23,Customer Service,External,Passed,2,496.85
3531,Fully Meets,1,30-Nov-22,Leadership Development,External,Completed,3,629.46
3532,Fully Meets,1,02-May-23,Technical Skills,Internal,Failed,2,771.61
3533,Fully Meets,2,11-May-23,Leadership Development,Internal,Completed,4,418.4
3534,Fully Meets,4,21-May-23,Customer Service,Internal,Completed,3,900.96
3535,Fully Meets,4,25-Jun-23,Technical Skills,External,Incomplete,1,936.96
3536,Fully Meets,2,23-Nov-22,Leadership Development,External,Passed,5,269.03
3539,Fully Meets,5,17-Mar-23,Project Management,External,Failed,4,234.77
3540,Exceeds,4,26-Oct-22,Communication Skills,External,Incomplete,2,903.46
3541,Exceeds,2,22-May-23,Customer Service,External,Passed,4,380.3
3542,Needs Improvement,1,22-Aug-22,Project Management,Internal,Failed,4,511.42
3543,Fully Meets,2,21-May-23,Communication Skills,External,Passed,4,171.03
3544,Fully Meets,2,02-May-23,Leadership Development,External,Passed,3,842.93
3545,Fully Meets,1,04-May-23,Customer Service,External,Incomplete,5,581.12
3546,Exceeds,1,21-Nov-22,Project Management,External,Passed,4,426.45
3547,Needs Improvement,2,24-Apr-23,Technical Skills,External,Failed,4,805.05
3548,Fully Meets,1,16-Aug-22,Leadership Development,External,Passed,3,368.8
3549,Fully Meets,2,02-Nov-22,Communication Skills,External,Failed,5,788.67
3551,Needs Improvement,4,27-Oct-22,Communication Skills,External,Incomplete,1,570.13
3552,Needs Improvement,1,26-Nov-22,Leadership Development,External,Failed,4,480.87
3553,Fully Meets,4,11-Dec-22,Project Management,Internal,Incomplete,5,689.48
3554,Fully Meets,1,05-Jun-23,Project Management,Internal,Completed,4,283.33
3555,Fully Meets,4,04-Mar-23,Leadership Development,External,Passed,4,566.12
3556,Exceeds,2,11-Feb-23,Customer Service,Internal,Incomplete,1,513.92
3557,Fully Meets,2,04-Feb-23,Project Management,External,Failed,1,210.38
3558,Fully Meets,1,18-Jul-23,Technical Skills,Internal,Completed,1,941.54
3559,Fully Meets,2,30-Nov-22,Project Management,External,Failed,2,959.81
3560,Exceeds,4,22-May-23,Technical Skills,External,Passed,1,738.92
3561,Fully Meets,5,07-Sep-22,Technical Skills,External,Failed,5,445.04
3563,PIP,4,06-Apr-23,Leadership Development,External,Passed,4,886.9
3564,Fully Meets,1,10-Dec-22,Technical Skills,External,Incomplete,4,106.14
3565,Fully Meets,4,06-May-23,Project Management,External,Passed,4,684.35
3566,Fully Meets,2,05-Sep-22,Communication Skills,Internal,Failed,2,578.81
3567,Fully Meets,4,09-Jun-23,Customer Service,Internal,Completed,5,764.51
3568,Fully Meets,2,23-Aug-22,Project Management,Internal,Incomplete,2,201.76
3569,Fully Meets,2,09-Nov-22,Technical Skills,External,Incomplete,4,730.04
3570,Fully Meets,1,29-Mar-23,Project Management,External,Failed,2,796.88
3571,Fully Meets,4,04-Aug-23,Project Management,External,Completed,3,834.44
3572,Fully Meets,5,19-May-23,Leadership Development,Internal,Failed,5,569.17
3573,Exceeds,4,06-Oct-22,Customer Service,Internal,Completed,4,386.07
3575,Exceeds,5,12-Dec-22,Technical Skills,Internal,Incomplete,3,583.21
3576,Exceeds,4,02-Feb-23,Project Management,External,Completed,5,398.65
3577,Fully Meets,4,26-Jan-23,Communication Skills,Internal,Passed,5,931.46
3578,Exceeds,2,01-Dec-22,Project Management,External,Completed,5,115.06
3579,Needs Improvement,4,27-Apr-23,Communication Skills,External,Failed,2,199.82
3580,Fully Meets,4,04-Nov-22,Communication Skills,Internal,Failed,5,940.2
3581,Fully Meets,2,29-Jan-23,Communication Skills,External,Completed,1,122.07
3582,Fully Meets,4,09-Sep-22,Communication Skills,Internal,Completed,4,875.02
3583,Needs Improvement,4,18-Mar-23,Communication Skills,Internal,Incomplete,4,116.4
3584,Fully Meets,4,15-Dec-22,Technical Skills,External,Passed,5,341.78
3585,Fully Meets,4,14-Feb-23,Communication Skills,Internal,Completed,4,107.48
3586,Fully Meets,2,30-Sep-22,Communication Skills,External,Completed,1,502.7
3587,Fully Meets,2,22-Mar-23,Leadership Development,External,Completed,5,570.04
3588,Fully Meets,2,23-Mar-23,Communication Skills,External,Passed,1,538.83
3589,Fully Meets,1,07-Jan-23,Communication Skills,Internal,Incomplete,4,881.8
3593,Fully Meets,1,15-Jun-23,Project Management,Internal,Incomplete,3,258.07
3594,Needs Improvement,1,05-May-23,Leadership Development,Internal,Passed,5,472.64
3595,Fully Meets,1,21-Feb-23,Technical Skills,External,Passed,2,252.88
3596,Needs Improvement,2,14-Dec-22,Technical Skills,Internal,Incomplete,2,289.68
3598,Needs Improvement,1,11-Oct-22,Technical Skills,Internal,Passed,3,373.87
3599,Fully Meets,2,02-Mar-23,Leadership Development,Internal,Completed,5,918.86
3600,Fully Meets,2,01-Nov-22,Leadership Development,Internal,Passed,4,299.7
3601,Fully Meets,5,03-Jan-23,Project Management,External,Completed,1,865.58
3602,Fully Meets,5,09-Apr-23,Technical Skills,External,Incomplete,1,632.59
3603,Fully Meets,2,02-Oct-22,Technical Skills,External,Incomplete,3,680.48
3604,Needs Improvement,4,23-Mar-23,Project Management,External,Failed,3,287.71
3605,Fully Meets,4,17-Nov-22,Communication Skills,External,Passed,2,102.92
3606,Fully Meets,3,31-Oct-22,Project Management,Internal,Passed,2,255.6
3607,Fully Meets,5,04-May-23,Customer Service,External,Passed,4,321.91
3608,Fully Meets,3,14-Mar-23,Project Management,External,Completed,3,834.12
3609,Fully Meets,3,23-Sep-22,Customer Service,Internal,Passed,4,273.88
3610,Fully Meets,3,15-Feb-23,Customer Service,Internal,Incomplete,4,217.57
3611,Fully Meets,2,07-Jan-23,Customer Service,Internal,Completed,1,482.09
3612,PIP,4,03-Jul-23,Leadership Development,External,Failed,2,614.11
3613,Exceeds,1,08-Oct-22,Customer Service,Internal,Incomplete,1,354.22
3614,Fully Meets,2,04-Jun-23,Leadership Development,External,Passed,3,868.85
3616,Fully Meets,4,30-Jan-23,Customer Service,Internal,Incomplete,4,134.93
3617,Fully Meets,1,09-Apr-23,Customer Service,Internal,Completed,5,531.1
3618,Fully Meets,3,26-Dec-22,Leadership Development,External,Passed,3,609.3
3619,Fully Meets,3,10-Nov-22,Project Management,Internal,Passed,2,656.68
3620,Fully Meets,2,20-Dec-22,Technical Skills,Internal,Completed,3,654.22
3621,Fully Meets,2,15-Jul-23,Leadership Development,External,Passed,3,879.89
3622,Fully Meets,3,11-May-23,Project Management,External,Completed,1,977.23
3623,Fully Meets,3,03-Aug-23,Project Management,External,Completed,2,763.37
3624,Fully Meets,4,05-Apr-23,Communication Skills,External,Passed,5,962.13
3625,Fully Meets,5,26-Mar-23,Technical Skills,External,Incomplete,2,617.27
3626,Fully Meets,2,25-Sep-22,Communication Skills,Internal,Failed,2,559.78
3627,Fully Meets,3,30-Aug-22,Leadership Development,Internal,Incomplete,5,113.89
3628,Fully Meets,3,25-Sep-22,Leadership Development,Internal,Incomplete,4,858.62
3629,Fully Meets,5,30-Jul-23,Technical Skills,Internal,Incomplete,1,343.76
3630,Fully Meets,5,24-Sep-22,Technical Skills,Internal,Failed,5,507.58
3631,Fully Meets,3,10-Apr-23,Customer Service,Internal,Completed,1,691.12
3632,Fully Meets,3,23-Jun-23,Technical Skills,Internal,Completed,2,174.85
3633,Fully Meets,5,01-Dec-22,Communication Skills,Internal,Incomplete,3,699.39
3634,Fully Meets,5,15-Sep-22,Technical Skills,External,Incomplete,3,254.68
3635,Fully Meets,4,13-Jun-23,Technical Skills,External,Failed,2,534.55
3636,Fully Meets,3,26-Aug-22,Communication Skills,External,Passed,3,795.72
3637,Fully Meets,3,21-Mar-23,Project Management,External,Completed,4,977.23
3638,Fully Meets,3,01-Jan-23,Customer Service,Internal,Completed,3,370.79
3640,Fully Meets,3,31-Jan-23,Communication Skills,External,Passed,1,699.48
3643,Fully Meets,3,27-Mar-23,Leadership Development,Internal,Completed,4,712.43
3644,Fully Meets,3,06-Feb-23,Technical Skills,Internal,Incomplete,1,504.66
3645,Fully Meets,3,06-May-23,Leadership Development,External,Incomplete,5,398.36
3646,Fully Meets,3,22-Jul-23,Communication Skills,External,Failed,4,533.61
3647,Fully Meets,3,10-Aug-22,Technical Skills,Internal,Completed,4,199.55
3648,Exceeds,4,26-Feb-23,Leadership Development,Internal,Completed,2,325.78
3649,Exceeds,4,18-Dec-22,Leadership Development,External,Completed,4,336.33
3650,Fully Meets,3,09-Jan-23,Communication Skills,External,Passed,4,242.71
3651,Fully Meets,3,14-May-23,Leadership Development,Internal,Failed,4,651.28
3652,Fully Meets,3,31-Jan-23,Communication Skills,External,Incomplete,3,962.45
3653,Exceeds,3,20-Jan-23,Customer Service,External,Failed,1,791.72
3654,Exceeds,4,11-Apr-23,Project Management,Internal,Incomplete,4,553.86
3655,Fully Meets,3,04-Jan-23,Technical Skills,External,Passed,1,735.72
3656,Exceeds,5,14-Jun-23,Project Management,Internal,Failed,4,867.03
3657,Fully Meets,4,26-May-23,Project Management,External,Incomplete,1,710.14
3658,Fully Meets,3,18-Aug-22,Leadership Development,External,Incomplete,2,799.88
3659,Exceeds,1,27-Jan-23,Leadership Development,External,Passed,5,242.87
3660,Exceeds,3,19-May-23,Leadership Development,Internal,Passed,4,849.77
3661,Fully Meets,3,06-May-23,Customer Service,External,Passed,2,471.5
3662,Exceeds,2,20-May-23,Customer Service,Internal,Passed,1,535.93
3665,Fully Meets,3,09-Jan-23,Project Management,Internal,Passed,3,752.33
3666,Fully Meets,3,02-Aug-23,Project Management,Internal,Completed,3,343.52
3667,Fully Meets,3,03-Feb-23,Leadership Development,Internal,Completed,3,860.31
3668,Needs Improvement,3,28-Nov-22,Customer Service,External,Completed,4,265.55
3669,Fully Meets,3,03-Aug-23,Project Management,Internal,Completed,1,183.85
3670,Needs Improvement,3,25-Sep-22,Project Management,External,Completed,5,942.09
3671,Needs Improvement,3,20-Jan-23,Communication Skills,External,Passed,4,381.94
3672,Fully Meets,3,29-Aug-22,Project Management,External,Failed,1,358.73
3673,Fully Meets,3,21-Mar-23,Customer Service,External,Passed,3,578.02
3674,Fully Meets,3,08-Nov-22,Project Management,Internal,Completed,2,223.29
3675,Fully Meets,3,07-Sep-22,Customer Service,Internal,Passed,5,992.37
3676,Fully Meets,3,10-Feb-23,Customer Service,Internal,Failed,5,113.48
3677,Fully Meets,3,05-Oct-22,Leadership Development,External,Incomplete,4,882.2
3678,Fully Meets,3,06-Sep-22,Customer Service,Internal,Incomplete,2,288.16
3679,Fully Meets,3,16-Jan-23,Leadership Development,External,Completed,1,815.52
3680,Fully Meets,3,15-May-23,Leadership Development,Internal,Completed,4,461.06
3681,Fully Meets,3,22-Mar-23,Customer Service,External,Incomplete,2,580.16
3682,Fully Meets,4,17-Oct-22,Communication Skills,External,Incomplete,3,336.69
3683,Fully Meets,3,28-Dec-22,Project Management,Internal,Completed,1,990.69
3684,Fully Meets,3,29-Oct-22,Communication Skills,Internal,Completed,2,939.39
3685,Fully Meets,3,06-Jan-23,Leadership Development,External,Passed,1,941.12
3687,Exceeds,1,26-Dec-22,Customer Service,External,Incomplete,3,614.53
3689,Exceeds,3,25-Feb-23,Communication Skills,External,Passed,1,734.94
3690,Needs Improvement,3,03-Apr-23,Technical Skills,Internal,Completed,5,589.5
3691,Needs Improvement,1,06-Mar-23,Leadership Development,Internal,Completed,3,311.28
3692,Needs Improvement,3,29-Mar-23,Technical Skills,Internal,Passed,5,671.88
3693,Exceeds,2,24-Jan-23,Project Management,External,Completed,1,861.5
3694,PIP,4,19-May-23,Leadership Development,External,Completed,2,649.18
3695,PIP,4,08-Jan-23,Project Management,External,Failed,4,492.2
3696,PIP,3,13-Jan-23,Technical Skills,Internal,Passed,2,299.59
3697,PIP,4,24-Apr-23,Technical Skills,Internal,Failed,2,982.33
3698,PIP,3,24-Dec-22,Leadership Development,External,Passed,2,830.36
3699,PIP,2,19-Aug-22,Customer Service,External,Passed,1,973.34
3700,PIP,1,25-Feb-23,Project Management,Internal,Failed,4,667.34
3701,PIP,2,21-Aug-22,Communication Skills,Internal,Failed,4,480.17
3702,Exceeds,3,15-Feb-23,Leadership Development,External,Failed,3,346.28
3703,Exceeds,4,27-Dec-22,Communication Skills,External,Completed,3,121.45
3704,Exceeds,5,07-Oct-22,Technical Skills,External,Incomplete,2,669.3
3705,Exceeds,3,17-Apr-23,Technical Skills,Internal,Completed,5,983.59
3706,Exceeds,3,07-Jun-23,Customer Service,Internal,Completed,1,304.9
3707,Exceeds,3,24-Dec-22,Leadership Development,External,Passed,3,778.72
3708,Exceeds,4,03-Jan-23,Customer Service,External,Passed,4,136.15
3709,Exceeds,5,07-Apr-23,Leadership Development,Internal,Incomplete,4,339.84
3710,Exceeds,1,02-Jun-23,Leadership Development,External,Completed,1,791.78
3711,Needs Improvement,1,19-Oct-22,Leadership Development,External,Incomplete,5,853.26
3713,Fully Meets,3,17-May-23,Customer Service,External,Incomplete,5,235.82
3714,Fully Meets,4,18-May-23,Leadership Development,Internal,Passed,5,448.57
3715,Fully Meets,4,11-Jan-23,Leadership Development,External,Incomplete,3,572.56
3716,Fully Meets,1,07-Mar-23,Project Management,Internal,Incomplete,4,959.78
3717,Fully Meets,2,22-Aug-22,Communication Skills,External,Passed,3,363.02
3718,Fully Meets,4,02-May-23,Communication Skills,Internal,Completed,2,325.7
3719,Fully Meets,3,08-Oct-22,Project Management,Internal,Incomplete,3,727.75
3720,Fully Meets,3,23-Sep-22,Project Management,Internal,Passed,2,845.21
3721,Fully Meets,2,22-Dec-22,Technical Skills,External,Incomplete,4,327.82
3722,Fully Meets,2,15-Jan-23,Communication Skills,Internal,Passed,1,512.55
3723,Fully Meets,3,06-Sep-22,Communication Skills,Internal,Completed,1,457.17
3724,Fully Meets,4,28-Jun-23,Communication Skills,Internal,Incomplete,4,573.33
3725,Fully Meets,1,23-May-23,Customer Service,External,Failed,3,135.18
3726,Fully Meets,4,13-Jan-23,Communication Skills,External,Failed,3,911.12
3727,Fully Meets,3,02-May-23,Project Management,Internal,Incomplete,5,693.8
3728,Fully Meets,5,10-Jul-23,Customer Service,Internal,Completed,5,419.79
3729,Fully Meets,3,12-Dec-22,Customer Service,External,Failed,1,693.56
3730,Fully Meets,4,29-Aug-22,Leadership Development,External,Incomplete,1,161.47
3731,Fully Meets,3,02-May-23,Project Management,External,Passed,5,773.63
3732,Fully Meets,5,09-Dec-22,Technical Skills,Internal,Incomplete,5,695.42
3734,Fully Meets,3,05-Mar-23,Communication Skills,Internal,Failed,2,702.69
3735,Fully Meets,1,25-Oct-22,Technical Skills,External,Failed,1,473.1
3736,Fully Meets,2,25-Oct-22,Project Management,Internal,Incomplete,2,119.82
3737,Fully Meets,5,17-Nov-22,Customer Service,External,Failed,1,157.8
3738,Fully Meets,3,01-Sep-22,Technical Skills,Internal,Completed,3,791.98
3739,Fully Meets,3,19-Aug-22,Customer Service,External,Incomplete,5,752.97
3740,Fully Meets,4,11-Sep-22,Leadership Development,External,Completed,5,916.21
3741,Fully Meets,1,05-Oct-22,Project Management,External,Completed,2,751.04
3742,Fully Meets,2,22-Apr-23,Communication Skills,Internal,Passed,3,620.63
3743,Fully Meets,2,17-Nov-22,Leadership Development,Internal,Passed,3,439.3
3744,Fully Meets,5,23-May-23,Communication Skills,Internal,Completed,1,716.39
3745,Fully Meets,4,11-Oct-22,Technical Skills,External,Failed,5,300.33
3746,Fully Meets,3,22-Feb-23,Project Management,Internal,Passed,3,337.15
3747,Fully Meets,2,18-Oct-22,Leadership Development,External,Failed,5,725.6
3748,Fully Meets,1,23-Dec-22,Customer Service,Internal,Failed,5,588.88
3749,Fully Meets,4,28-Sep-22,Technical Skills,External,Passed,4,742.98
3750,Fully Meets,1,27-Sep-22,Project Management,External,Passed,5,283.05
3751,Fully Meets,3,10-Nov-22,Customer Service,Internal,Incomplete,4,511.13
3752,Fully Meets,2,31-May-23,Communication Skills,Internal,Completed,1,158.86
3753,Fully Meets,4,19-Sep-22,Project Management,External,Failed,1,741.95
3754,Fully Meets,1,08-Mar-23,Technical Skills,External,Incomplete,4,132.52
3756,Fully Meets,3,27-Mar-23,Technical Skills,External,Failed,4,521.51
3758,Fully Meets,3,16-Jan-23,Leadership Development,Internal,Failed,4,917.17
3759,Fully Meets,1,11-Aug-22,Project Management,Internal,Completed,2,790.71
3760,Fully Meets,3,28-Nov-22,Technical Skills,External,Passed,1,680.48
3761,Fully Meets,1,18-Aug-22,Customer Service,External,Failed,1,947.57
3762,Fully Meets,2,15-Jun-23,Project Management,Internal,Failed,2,594.61
3763,Fully Meets,3,13-Nov-22,Technical Skills,External,Incomplete,1,775.59
3764,Fully Meets,3,30-Aug-22,Communication Skills,External,Incomplete,2,239.16
3765,Fully Meets,3,25-Nov-22,Customer Service,Internal,Completed,5,275.94
3766,Fully Meets,3,27-Mar-23,Technical Skills,Internal,Incomplete,4,466.32
3767,Fully Meets,2,12-Oct-22,Leadership Development,Internal,Completed,4,840.46
3768,Fully Meets,4,04-Jan-23,Leadership Development,Internal,Completed,3,145.76
3769,Fully Meets,3,12-Oct-22,Project Management,Internal,Incomplete,2,647.7
3770,Fully Meets,3,05-Jul-23,Project Management,Internal,Incomplete,2,536.2
3771,Fully Meets,3,26-Mar-23,Communication Skills,Internal,Incomplete,5,769.97
3772,Fully Meets,3,01-Jan-23,Communication Skills,External,Completed,1,894.66
3773,Fully Meets,3,15-Nov-22,Project Management,External,Failed,2,374.02
3774,Fully Meets,3,04-Feb-23,Leadership Development,Internal,Passed,5,569.42
3775,Fully Meets,3,14-Nov-22,Customer Service,Internal,Completed,1,172.82
3776,Fully Meets,3,05-Feb-23,Project Management,Internal,Completed,4,585.84
3777,Fully Meets,3,13-Oct-22,Project Management,External,Completed,1,759.38
3778,Fully Meets,3,13-Sep-22,Customer Service,Internal,Completed,5,341.74
3782,Fully Meets,3,11-Dec-22,Technical Skills,Internal,Passed,5,506.4
3783,Fully Meets,3,25-Jan-23,Technical Skills,External,Completed,5,851.24
3784,Fully Meets,3,12-Oct-22,Communication Skills,Internal,Completed,2,671.12
3785,Fully Meets,3,01-Oct-22,Project Management,External,Passed,1,257.8
3786,Fully Meets,3,17-Apr-23,Leadership Development,External,Failed,4,280.06
3787,Fully Meets,3,26-Apr-23,Project Management,External,Passed,4,140.03
3788,Fully Meets,3,21-Mar-23,Customer Service,External,Completed,2,796.95
3789,Fully Meets,3,26-Oct-22,Technical Skills,External,Incomplete,1,997.38
3790,Fully Meets,3,18-Mar-23,Communication Skills,External,Completed,2,676.95
3791,Fully Meets,3,12-Feb-23,Leadership Development,External,Failed,2,348.89
3792,Fully Meets,3,09-Sep-22,Project Management,External,Passed,1,385.62
3793,Fully Meets,3,24-Nov-22,Project Management,Internal,Completed,2,552.67
3794,Fully Meets,5,17-Apr-23,Communication Skills,External,Failed,2,645.11
3795,Exceeds,3,25-Jan-23,Project Management,External,Passed,1,954.02
3796,Exceeds,3,03-Jul-23,Technical Skills,External,Incomplete,5,255.74
3797,Fully Meets,3,09-Mar-23,Technical Skills,External,Completed,2,279.38
3798,Fully Meets,3,22-Aug-22,Project Management,External,Passed,5,303.44
3799,Exceeds,3,07-Aug-22,Communication Skills,Internal,Incomplete,4,809.38
3800,Fully Meets,3,14-Oct-22,Customer Service,Internal,Completed,4,886.12
3801,Fully Meets,3,01-Apr-23,Leadership Development,External,Incomplete,2,125.88
3802,Fully Meets,3,24-Jan-23,Leadership Development,Internal,Passed,1,493.72
3804,Fully Meets,3,15-Feb-23,Customer Service,External,Incomplete,4,414.55
3805,Fully Meets,3,31-Aug-22,Communication Skills,External,Incomplete,1,391.88
3806,Fully Meets,3,09-Sep-22,Customer Service,External,Passed,4,600.64
3807,Fully Meets,3,26-Mar-23,Communication Skills,External,Passed,1,997.74
3808,Fully Meets,3,25-Jan-23,Technical Skills,External,Passed,4,254.26
3809,Fully Meets,3,21-Oct-22,Technical Skills,External,Incomplete,3,786.62
3810,Fully Meets,3,21-Dec-22,Communication Skills,External,Completed,3,189.7
3811,Fully Meets,3,15-May-23,Technical Skills,External,Completed,2,484.02
3812,Fully Meets,3,02-Jun-23,Communication Skills,Internal,Failed,5,299.74
3813,Fully Meets,3,21-Jul-23,Technical Skills,Internal,Failed,1,169.79
3815,Fully Meets,3,05-Feb-23,Project Management,Internal,Failed,1,910.09
3816,Fully Meets,3,20-Dec-22,Communication Skills,External,Passed,5,912.1
3817,Needs Improvement,3,07-Mar-23,Customer Service,Internal,Incomplete,4,456.65
3818,Fully Meets,3,07-Nov-22,Leadership Development,External,Incomplete,4,313.5
3819,Fully Meets,3,29-Dec-22,Leadership Development,Internal,Incomplete,3,906.45
3820,Fully Meets,3,19-Aug-22,Project Management,External,Incomplete,2,333.8
3821,Fully Meets,3,30-Nov-22,Project Management,External,Passed,2,866.63
3822,Fully Meets,3,08-Dec-22,Technical Skills,Internal,Incomplete,5,357.58
3823,Needs Improvement,3,21-Sep-22,Communication Skills,External,Completed,4,516.9
3824,Fully Meets,3,18-Oct-22,Leadership Development,Internal,Completed,5,200.23
3825,Fully Meets,3,24-Sep-22,Leadership Development,Internal,Completed,1,728.77
3826,Fully Meets,3,21-Nov-22,Communication Skills,Internal,Completed,4,286.12
3827,Fully Meets,3,01-Feb-23,Communication Skills,Internal,Failed,5,997.15
3828,Fully Meets,3,13-Jun-23,Leadership Development,External,Failed,2,984.63
3829,Exceeds,3,24-Oct-22,Project Management,External,Incomplete,5,233.67
3830,PIP,3,15-Mar-23,Technical Skills,Internal,Completed,3,142.42
3831,Needs Improvement,3,22-Mar-23,Project Management,Internal,Failed,2,784.73
3833,PIP,3,23-Jun-23,Leadership Development,External,Completed,2,409.16
3834,Fully Meets,3,04-Jan-23,Technical Skills,External,Passed,1,700.53
3835,Fully Meets,3,05-Nov-22,Customer Service,External,Failed,3,439.63
3836,Fully Meets,3,29-Apr-23,Technical Skills,External,Incomplete,3,830.78
3837,PIP,3,22-Feb-23,Communication Skills,Internal,Failed,3,320.34
3838,PIP,3,19-Apr-23,Communication Skills,Internal,Failed,2,510.23
3839,PIP,3,12-Jun-23,Communication Skills,External,Failed,4,403.0
3840,Fully Meets,3,06-Nov-22,Technical Skills,External,Failed,4,170.61
3841,Fully Meets,3,24-Jan-23,Customer Service,External,Passed,4,872.91
3844,PIP,3,09-Jul-23,Project Management,External,Failed,5,603.67
3845,PIP,3,17-Aug-22,Project Management,Internal,Passed,5,546.24
3846,Fully Meets,3,11-Apr-23,Leadership Development,Internal,Incomplete,4,607.97
3847,Fully Meets,3,28-Mar-23,Technical Skills,Internal,Completed,4,130.59
3848,Fully Meets,3,18-Nov-22,Communication Skills,Internal,Incomplete,2,443.56
3849,Fully Meets,3,15-Mar-23,Leadership Development,External,Passed,3,436.47
3850,Fully Meets,3,01-Nov-22,Communication Skills,Internal,Completed,1,355.75
3854,Fully Meets,3,17-Oct-22,Communication Skills,External,Incomplete,5,913.62
3855,Fully Meets,3,02-Oct-22,Communication Skills,External,Passed,1,157.94
3856,PIP,3,12-Jul-23,Technical Skills,External,Completed,4,527.6
3857,PIP,3,24-Jul-23,Leadership Development,External,Completed,1,601.2
3858,Fully Meets,3,13-Jun-23,Project Management,External,Failed,4,478.88
3859,PIP,3,05-Jun-23,Communication Skills,External,Completed,1,838.69
3860,Fully Meets,3,10-Oct-22,Technical Skills,Internal,Completed,4,389.63
3861,PIP,3,29-Apr-23,Project Management,Internal,Passed,1,911.36
3863,PIP,3,16-Sep-22,Leadership Development,Internal,Incomplete,5,274.98
3865,Needs Improvement,3,03-Nov-22,Project Management,External,Completed,2,399.26
3866,Fully Meets,3,04-Dec-22,Customer Service,Internal,Incomplete,4,993.08
3867,Fully Meets,3,07-Sep-22,Communication Skills,External,Failed,4,540.57
3868,Fully Meets,3,27-Sep-22,Project Management,Internal,Completed,3,272.58
3869,Fully Meets,3,19-Mar-23,Project Management,External,Completed,2,905.51
3870,Fully Meets,3,10-Mar-23,Technical Skills,External,Completed,1,919.25
3871,Fully Meets,3,15-Apr-23,Technical Skills,External,Completed,5,979.98
3872,Fully Meets,3,26-Feb-23,Communication Skills,Internal,Completed,3,499.86
3873,Fully Meets,3,10-Mar-23,Project Management,Internal,Completed,3,598.22
3874,Fully Meets,3,03-Oct-22,Project Management,External,Passed,2,421.93
3875,Fully Meets,3,10-Jun-23,Leadership Development,External,Incomplete,2,860.22
3876,PIP,3,10-Nov-22,Leadership Development,External,Failed,1,946.23
3877,PIP,3,04-Jun-23,Communication Skills,External,Passed,1,888.55
3878,Fully Meets,3,28-Dec-22,Customer Service,Internal,Passed,5,749.69
3879,Fully Meets,3,11-Apr-23,Project Management,Internal,Incomplete,2,613.95
3880,Fully Meets,3,25-Sep-22,Communication Skills,Internal,Completed,3,934.92
3881,Fully Meets,3,25-Oct-22,Project Management,External,Failed,3,170.61
3882,Fully Meets,3,02-Jun-23,Customer Service,Internal,Completed,2,654.09
3883,Fully Meets,3,05-Jul-23,Communication Skills,Internal,Incomplete,2,842.6
3884,Fully Meets,3,17-Sep-22,Customer Service,External,Passed,1,789.88
3885,Fully Meets,3,19-Aug-22,Communication Skills,External,Failed,2,324.81
3886,Fully Meets,3,28-Nov-22,Technical Skills,External,Passed,4,298.1
3889,Fully Meets,3,02-Aug-23,Technical Skills,External,Incomplete,1,292.8
3890,Fully Meets,3,08-Jan-23,Project Management,External,Completed,4,596.62
3891,Fully Meets,3,08-Apr-23,Leadership Development,External,Passed,5,774.74
3892,Fully Meets,3,10-Oct-22,Technical Skills,External,Completed,5,894.59
3893,Fully Meets,3,16-Sep-22,Leadership Development,External,Failed,1,242.36
3894,Fully Meets,3,02-Dec-22,Leadership Development,External,Failed,4,533.27
3895,Fully Meets,3,22-Apr-23,Technical Skills,External,Completed,1,983.77
3896,Fully Meets,3,06-Apr-23,Technical Skills,Internal,Passed,4,293.64
3897,Fully Meets,3,04-Aug-23,Technical Skills,Internal,Incomplete,3,380.61
3900,Fully Meets,3,02-May-23,Technical Skills,Internal,Passed,5,143.21
3901,Fully Meets,3,11-May-23,Customer Service,External,Failed,1,876.73
3902,Fully Meets,3,11-Jan-23,Leadership Development,External,Failed,4,768.05
3903,Fully Meets,3,01-Jun-23,Communication Skills,External,Incomplete,4,153.15
3904,Fully Meets,3,17-Jun-23,Project Management,External,Passed,5,339.73
3905,Fully Meets,3,18-Dec-22,Project Management,Internal,Failed,3,233.22
3906,Fully Meets,3,19-Feb-23,Project Management,Internal,Completed,2,735.44
3907,Fully Meets,3,06-Dec-22,Technical Skills,External,Incomplete,3,281.7
3908,Needs Improvement,3,20-Sep-22,Project Management,External,Failed,1,489.69
3909,Needs Improvement,3,04-Jan-23,Project Management,Internal,Failed,4,436.23
3910,Needs Improvement,3,07-May-23,Leadership Development,External,Incomplete,5,248.85
3911,Fully Meets,3,09-Sep-22,Customer Service,External,Failed,5,395.22
3914,Exceeds,3,24-Feb-23,Leadership Development,Internal,Failed,1,559.86
3915,Fully Meets,3,01-Apr-23,Leadership Development,External,Completed,2,602.21
3916,Fully Meets,3,16-Mar-23,Communication Skills,External,Passed,4,343.6
3917,Exceeds,3,28-Mar-23,Project Management,Internal,Failed,3,328.89
3918,Fully Meets,3,10-Oct-22,Communication Skills,External,Completed,3,701.83
3919,Fully Meets,3,28-Jul-23,Customer Service,External,Completed,5,229.03
3920,Fully Meets,3,04-Jun-23,Customer Service,Internal,Failed,3,809.39
3921,Fully Meets,3,04-Jun-23,Customer Service,External,Completed,5,393.54
3922,Fully Meets,3,18-Mar-23,Communication Skills,External,Incomplete,1,629.74
3923,Exceeds,3,27-Dec-22,Project Management,External,Failed,2,378.39
3924,Fully Meets,3,08-Sep-22,Customer Service,External,Passed,2,715.98
3926,Needs Improvement,3,25-Jul-23,Customer Service,Internal,Incomplete,2,449.35
3927,Fully Meets,3,05-Mar-23,Customer Service,External,Completed,2,878.67
3928,Fully Meets,3,11-Sep-22,Leadership Development,Internal,Failed,1,799.99
3929,Fully Meets,3,11-Jul-23,Technical Skills,Internal,Failed,3,617.52
3930,Fully Meets,3,30-May-23,Leadership Development,External,Failed,5,522.86
3931,Fully Meets,3,12-Nov-22,Customer Service,External,Failed,5,685.82
3932,Fully Meets,3,27-Feb-23,Technical Skills,Internal,Completed,5,898.93
3933,Fully Meets,3,23-Aug-22,Communication Skills,Internal,Incomplete,1,559.55
3934,Fully Meets,3,16-Feb-23,Project Management,Internal,Completed,5,219.78
3935,Fully Meets,3,16-Jul-23,Customer Service,Internal,Passed,5,223.6
3936,Fully Meets,3,14-May-23,Communication Skills,Internal,Completed,4,283.29
3937,Fully Meets,3,02-Apr-23,Communication Skills,Internal,Completed,2,935.28
3938,Fully Meets,3,30-Jul-23,Technical Skills,External,Completed,2,892.83
3939,Fully Meets,3,18-May-23,Technical Skills,Internal,Passed,4,318.19
3940,Fully Meets,3,11-Aug-22,Project Management,External,Failed,5,305.31
3941,Fully Meets,3,13-Sep-22,Project Management,External,Incomplete,5,756.43
3942,PIP,3,28-Jan-23,Customer Service,External,Completed,5,940.22
3943,Fully Meets,3,15-May-23,Communication Skills,External,Failed,3,282.37
3944,Fully Meets,3,19-Aug-22,Technical Skills,External,Completed,1,627.14
3945,PIP,3,29-Aug-22,Communication Skills,External,Incomplete,2,864.5
3946,Fully Meets,3,15-Jul-23,Leadership Development,External,Passed,4,981.64
3947,Fully Meets,3,14-Jan-23,Project Management,Internal,Failed,3,456.02
3948,Fully Meets,3,02-Apr-23,Leadership Development,External,Passed,5,350.68
3950,Fully Meets,3,22-Apr-23,Technical Skills,Internal,Completed,2,119.24
3951,Fully Meets,3,08-Apr-23,Project Management,Internal,Completed,5,532.41
3952,Fully Meets,3,16-Jul-23,Project Management,External,Incomplete,5,625.95
3953,Fully Meets,3,31-May-23,Customer Service,Internal,Passed,2,779.08
3954,Fully Meets,3,11-May-23,Leadership Development,External,Completed,1,497.09
3955,Fully Meets,3,14-Mar-23,Technical Skills,External,Failed,1,762.36
3956,Fully Meets,3,21-Oct-22,Customer Service,External,Failed,4,611.15
3957,Fully Meets,3,22-Jun-23,Communication Skills,Internal,Passed,3,724.95
3958,PIP,3,21-Dec-22,Technical Skills,Internal,Completed,5,332.9
3959,Fully Meets,3,30-Jan-23,Communication Skills,Internal,Incomplete,5,116.9
3960,Fully Meets,3,19-Mar-23,Communication Skills,External,Completed,1,430.46
3961,Fully Meets,3,05-Feb-23,Leadership Development,Internal,Passed,5,881.61
3962,Fully Meets,3,04-Nov-22,Customer Service,Internal,Failed,3,454.92
3963,Fully Meets,3,15-Apr-23,Customer Service,External,Completed,2,381.88
3965,Fully Meets,3,20-Jun-23,Technical Skills,Internal,Completed,4,198.58
3967,Fully Meets,3,16-May-23,Customer Service,External,Failed,4,683.96
3968,Fully Meets,3,02-Dec-22,Technical Skills,External,Completed,3,891.63
3969,Exceeds,3,01-Mar-23,Technical Skills,Internal,Failed,4,701.87
3970,Exceeds,3,25-Feb-23,Technical Skills,Internal,Incomplete,4,216.73
3971,Fully Meets,3,16-Aug-22,Project Management,External,Passed,5,482.47
3972,Fully Meets,3,25-Apr-23,Leadership Development,External,Incomplete,5,853.57
3973,Exceeds,3,14-Nov-22,Leadership Development,Internal,Passed,1,202.97
3974,Exceeds,3,27-Apr-23,Communication Skills,Internal,Passed,1,487.4
3975,Fully Meets,3,08-May-23,Leadership Development,External,Completed,2,669.81
3976,Fully Meets,3,22-Apr-23,Leadership Development,Internal,Completed,1,645.02
3977,Fully Meets,3,13-Oct-22,Technical Skills,External,Completed,2,157.4
3978,Fully Meets,3,15-May-23,Project Management,External,Failed,1,131.98
3980,Exceeds,3,27-Jul-23,Communication Skills,External,Incomplete,1,695.56
3981,Fully Meets,3,22-Dec-22,Communication Skills,External,Passed,2,869.96
3982,Needs Improvement,3,09-Dec-22,Technical Skills,Internal,Completed,1,189.91
3983,Exceeds,3,24-Jul-23,Project Management,External,Failed,5,407.96
3984,Fully Meets,3,07-Aug-22,Communication Skills,Internal,Incomplete,1,202.91
3985,Fully Meets,3,16-Oct-22,Communication Skills,Internal,Passed,4,956.95
3986,Fully Meets,3,15-Oct-22,Technical Skills,External,Passed,5,813.03
3987,Exceeds,3,24-Aug-22,Project Management,External,Passed,1,962.54
3989,Fully Meets,3,22-Jan-23,Communication Skills,Internal,Passed,5,866.51
3991,Fully Meets,3,19-Sep-22,Customer Service,Internal,Completed,4,716.52
3992,Fully Meets,3,13-Sep-22,Project Management,External,Completed,3,323.25
3993,Fully Meets,3,27-Jan-23,Communication Skills,Internal,Failed,2,229.0
3994,Fully Meets,3,11-Feb-23,Customer Service,Internal,Failed,1,861.91
3995,Exceeds,3,23-Dec-22,Project Management,External,Incomplete,3,803.73
3996,Fully Meets,3,09-Jan-23,Customer Service,Internal,Failed,2,808.51
3997,Needs Improvement,3,19-Sep-22,Project Management,External,Failed,4,629.16
3998,Fully Meets,3,26-Sep-22,Customer Service,External,Completed,1,994.09
3999,Exceeds,3,02-Jul-23,Leadership Development,Internal,Incomplete,5,477.78
4000,Fully Meets,3,06-Oct-22,Leadership Development,Internal,Completed,4,951.27
1001,Fully Meets,3,21-Sep-22,Customer Service,Internal,Failed,4,510.83
1002,Fully Meets,3,19-Jul-23,Leadership Development,Internal,Failed,2,582.37
1003,Fully Meets,3,24-Feb-23,Technical Skills,Internal,Incomplete,4,777.06
1004,Fully Meets,3,12-Jan-23,Customer Service,Internal,Completed,2,824.3
1005,Fully Meets,3,12-May-23,Communication Skills,External,Passed,4,145.99
1006,Fully Meets,3,08-May-23,Project Management,Internal,Failed,2,838.07
1007,Fully Meets,3,14-May-23,Leadership Development,External,Failed,2,667.32
1008,Fully Meets,3,02-Aug-23,Technical Skills,External,Incomplete,2,758.18
1009,Fully Meets,3,21-Aug-22,Customer Service,Internal,Incomplete,2,101.21
1010,Fully Meets,3,19-Aug-22,Communication Skills,External,Incomplete,5,332.25
1011,Fully Meets,3,06-Nov-22,Communication Skills,Internal,Completed,1,803.98
1012,Fully Meets,3,28-Mar-23,Technical Skills,External,Failed,3,887.08
1013,Fully Meets,3,08-Apr-23,Project Management,External,Incomplete,2,657.85
1014,Fully Meets,3,21-Feb-23,Customer Service,External,Incomplete,2,895.49
1015,Fully Meets,3,13-May-23,Leadership Development,External,Passed,1,539.0
1016,Fully Meets,3,30-Apr-23,Communication Skills,External,Completed,2,606.68
1017,Fully Meets,3,14-Nov-22,Technical Skills,External,Passed,3,265.73
1018,Fully Meets,3,25-Mar-23,Project Management,Internal,Incomplete,2,673.29
1019,Fully Meets,3,26-Oct-22,Project Management,External,Passed,5,436.98
1020,Fully Meets,3,30-Dec-22,Technical Skills,External,Passed,4,578.58
1021,Fully Meets,3,10-Mar-23,Technical Skills,Internal,Failed,1,647.16
1022,Fully Meets,3,12-Jan-23,Project Management,Internal,Failed,1,664.23
1023,Fully Meets,3,19-Oct-22,Project Management,Internal,Failed,4,893.07
1024,Fully Meets,3,11-Oct-22,Project Management,External,Completed,5,868.98
1025,Fully Meets,3,13-Jan-23,Project Management,Internal,Incomplete,5,761.95
1026,Fully Meets,3,17-Apr-23,Communication Skills,External,Incomplete,4,431.57
1027,Fully Meets,3,16-Mar-23,Communication Skills,External,Incomplete,4,357.57
1028,Fully Meets,3,19-Jan-23,Technical Skills,Internal,Incomplete,3,804.06
1029,Fully Meets,3,25-Feb-23,Project Management,Internal,Failed,5,729.41
1030,Fully Meets,3,04-Jan-23,Communication Skills,Internal,Completed,1,169.46
1031,Fully Meets,3,26-Dec-22,Communication Skills,Internal,Failed,1,833.28
1032,Fully Meets,3,07-Dec-22,Technical Skills,External,Completed,3,482.23
1033,Fully Meets,3,20-Jun-23,Communication Skills,Internal,Incomplete,4,169.85
1034,Fully Meets,3,10-Nov-22,Leadership Development,Internal,Failed,1,570.62
1035,Fully Meets,3,11-Mar-23,Communication Skills,Internal,Completed,2,724.14
1036,Fully Meets,3,10-Dec-22,Customer Service,External,Failed,3,305.98
1037,Fully Meets,3,25-Oct-22,Leadership Development,Internal,Failed,2,646.76
1038,Fully Meets,3,28-Jul-23,Customer Service,External,Failed,2,516.89
1039,Fully Meets,3,24-Jan-23,Customer Service,External,Passed,5,520.41
1040,Fully Meets,3,01-Dec-22,Technical Skills,Internal,Completed,5,712.84
1041,Fully Meets,3,07-Mar-23,Customer Service,Internal,Completed,3,871.12
1042,Fully Meets,3,05-Oct-22,Project Management,Internal,Passed,1,228.11
1043,Fully Meets,3,10-Aug-22,Communication Skills,External,Completed,2,289.93
1044,Fully Meets,3,13-Sep-22,Technical Skills,External,Incomplete,4,920.78
1045,Fully Meets,3,11-Jun-23,Customer Service,External,Completed,2,690.41
1046,Fully Meets,3,28-Jul-23,Leadership Development,Internal,Failed,2,211.39
1047,Fully Meets,3,27-Nov-22,Project Management,Internal,Passed,2,606.63
1048,Fully Meets,3,02-Dec-22,Leadership Development,Internal,Completed,5,503.99
1049,Fully Meets,3,20-Nov-22,Leadership Development,Internal,Completed,2,518.54
1050,Fully Meets,3,03-Aug-23,Customer Service,Internal,Completed,1,846.43
1051,Fully Meets,3,13-Oct-22,Leadership Development,Internal,Passed,3,572.94
1052,Fully Meets,3,25-Oct-22,Communication Skills,Internal,Incomplete,4,234.76
1053,Fully Meets,3,19-Dec-22,Communication Skills,External,Passed,4,704.7
1054,Fully Meets,3,04-Nov-22,Technical Skills,External,Failed,3,533.97
1055,Fully Meets,3,15-Nov-22,Customer Service,Internal,Passed,2,125.7
1056,Fully Meets,3,16-Feb-23,Leadership Development,Internal,Completed,2,442.06
1057,Fully Meets,3,23-Oct-22,Project Management,Internal,Failed,4,649.23
1058,Fully Meets,3,01-Apr-23,Project Management,External,Incomplete,1,855.67
1059,Fully Meets,3,16-Sep-22,Technical Skills,Internal,Incomplete,3,256.82
1060,Fully Meets,3,06-Sep-22,Project Management,Internal,Completed,1,770.84
1061,Fully Meets,3,01-Aug-23,Project Management,Internal,Incomplete,2,862.33
1062,Fully Meets,3,27-Nov-22,Technical Skills,Internal,Failed,5,702.84
1063,Fully Meets,3,15-Oct-22,Technical Skills,Internal,Completed,1,523.82
1064,Fully Meets,3,06-Oct-22,Leadership Development,External,Passed,1,819.86
1065,Fully Meets,3,09-Dec-22,Technical Skills,External,Passed,4,486.01
1066,Fully Meets,3,14-Jun-23,Communication Skills,Internal,Completed,5,769.42
1067,Fully Meets,3,24-Jun-23,Project Management,External,Completed,5,857.65
1068,Fully Meets,3,06-Nov-22,Communication Skills,External,Completed,1,238.27
1069,Fully Meets,3,22-Aug-22,Communication Skills,Internal,Failed,5,886.06
1070,Fully Meets,3,14-Jan-23,Technical Skills,Internal,Failed,1,943.8
1071,Fully Meets,3,16-Mar-23,Communication Skills,Internal,Completed,5,234.26
1072,Fully Meets,3,19-May-23,Technical Skills,Internal,Passed,5,179.91
1073,Fully Meets,3,03-Oct-22,Project Management,Internal,Failed,4,306.3
1074,Fully Meets,3,07-Jul-23,Project Management,Internal,Passed,5,103.42
1075,Fully Meets,3,16-May-23,Project Management,Internal,Passed,4,573.29
1076,Fully Meets,3,07-Nov-22,Technical Skills,External,Incomplete,4,619.61
1077,Fully Meets,3,21-Dec-22,Project Management,Internal,Incomplete,1,947.17
1078,Fully Meets,3,24-Mar-23,Project Management,External,Passed,1,597.64
1079,Fully Meets,3,15-Apr-23,Communication Skills,External,Incomplete,5,861.1
1080,Fully Meets,3,22-Apr-23,Customer Service,External,Passed,4,199.14
1081,Fully Meets,3,05-Jun-23,Communication Skills,External,Failed,3,526.08
1082,Fully Meets,3,22-Apr-23,Customer Service,External,Incomplete,5,662.15
1083,Fully Meets,3,18-Nov-22,Project Management,External,Completed,4,869.89
1084,Fully Meets,3,17-Dec-22,Leadership Development,External,Completed,3,295.4
1085,Fully Meets,3,01-Nov-22,Customer Service,External,Passed,5,993.13
1086,Fully Meets,3,15-Jul-23,Leadership Development,External,Completed,2,641.69
1087,Fully Meets,3,10-May-23,Technical Skills,Internal,Incomplete,5,197.34
1088,Fully Meets,3,17-May-23,Leadership Development,External,Failed,2,235.15
1089,Fully Meets,3,27-May-23,Technical Skills,Internal,Passed,2,697.28
1090,Fully Meets,3,21-Mar-23,Communication Skills,External,Completed,1,910.33
1091,Fully Meets,3,20-Oct-22,Customer Service,Internal,Incomplete,2,213.91
1092,Fully Meets,3,20-Sep-22,Communication Skills,Internal,Completed,5,971.46
1093,Fully Meets,3,07-Jul-23,Customer Service,External,Failed,5,995.52
1094,Fully Meets,3,18-Aug-22,Communication Skills,Internal,Failed,4,161.4
1095,Fully Meets,3,17-Aug-22,Customer Service,Internal,Passed,4,715.87
1096,Fully Meets,3,25-Sep-22,Technical Skills,External,Incomplete,5,778.25
1097,Fully Meets,3,11-Aug-22,Customer Service,Internal,Completed,1,609.5
1098,Fully Meets,3,13-May-23,Leadership Development,External,Failed,5,666.67
1099,Fully Meets,3,30-Oct-22,Project Management,External,Incomplete,5,797.05
1100,Fully Meets,3,25-Feb-23,Communication Skills,External,Completed,3,518.56
1101,Fully Meets,3,31-Mar-23,Communication Skills,Internal,Passed,5,426.82
1102,Fully Meets,3,31-Dec-22,Project Management,External,Failed,2,150.04
1103,Fully Meets,3,05-Jul-23,Leadership Development,External,Passed,3,308.21
1104,Fully Meets,3,11-Aug-22,Communication Skills,Internal,Completed,4,766.77
1105,Fully Meets,3,17-Jan-23,Technical Skills,Internal,Incomplete,4,172.19
1106,Fully Meets,3,31-Oct-22,Project Management,Internal,Completed,1,742.55
1107,Fully Meets,3,26-Jan-23,Technical Skills,Internal,Failed,2,231.28
1108,Fully Meets,3,23-May-23,Customer Service,Internal,Completed,5,124.54
1109,Fully Meets,3,21-Jan-23,Leadership Development,External,Completed,5,898.37
1110,Fully Meets,3,13-Oct-22,Customer Service,Internal,Passed,2,764.36
1111,Fully Meets,3,05-Dec-22,Project Management,Internal,Failed,5,786.57
1112,Fully Meets,3,30-Sep-22,Communication Skills,Internal,Failed,3,668.05
1113,Fully Meets,3,20-Jan-23,Technical Skills,External,Incomplete,2,956.92
1114,Fully Meets,3,25-Feb-23,Communication Skills,Internal,Incomplete,1,912.27
1115,Fully Meets,3,19-May-23,Customer Service,Internal,Incomplete,4,881.71
1116,Fully Meets,3,16-May-23,Communication Skills,Internal,Incomplete,4,557.68
1117,Fully Meets,3,12-Jan-23,Communication Skills,Internal,Completed,4,271.68
1118,Fully Meets,3,16-Dec-22,Communication Skills,External,Completed,2,299.68
1119,Fully Meets,3,08-Jul-23,Communication Skills,Internal,Incomplete,5,440.28
1120,Fully Meets,3,10-Mar-23,Leadership Development,Internal,Incomplete,4,553.83
1121,Fully Meets,3,19-Sep-22,Leadership Development,Internal,Failed,1,428.9
1122,Fully Meets,3,21-Jan-23,Communication Skills,Internal,Passed,3,444.4
1123,Fully Meets,3,31-Jan-23,Project Management,Internal,Completed,4,254.38
1124,Fully Meets,3,03-Nov-22,Communication Skills,Internal,Failed,1,256.21
1125,Fully Meets,3,14-Dec-22,Communication Skills,Internal,Incomplete,2,756.19
1126,Fully Meets,3,29-Jul-23,Technical Skills,Internal,Failed,4,500.45
1127,Fully Meets,3,04-Sep-22,Communication Skills,External,Incomplete,2,500.83
1128,Fully Meets,3,17-May-23,Communication Skills,Internal,Incomplete,1,773.8
1129,Fully Meets,3,11-Sep-22,Technical Skills,Internal,Passed,2,768.06
1130,Fully Meets,3,09-Nov-22,Leadership Development,External,Completed,3,777.7
1131,Fully Meets,3,31-Mar-23,Customer Service,Internal,Incomplete,2,943.05
1132,Fully Meets,3,27-Sep-22,Communication Skills,Internal,Passed,4,475.91
1133,Fully Meets,3,19-Aug-22,Customer Service,External,Passed,3,107.14
1134,Fully Meets,3,09-Dec-22,Communication Skills,External,Passed,1,271.49
1135,Fully Meets,3,22-Mar-23,Project Management,Internal,Passed,2,524.23
1136,Fully Meets,3,25-Dec-22,Customer Service,External,Completed,3,535.88
1137,Fully Meets,3,09-Sep-22,Communication Skills,Internal,Passed,5,270.92
1138,Fully Meets,3,10-Sep-22,Customer Service,Internal,Failed,4,155.14
1139,Fully Meets,3,01-Oct-22,Customer Service,External,Completed,1,930.06
1140,Fully Meets,3,27-Sep-22,Customer Service,Internal,Passed,1,949.81
1141,Fully Meets,3,17-May-23,Technical Skills,Internal,Incomplete,1,635.31
1142,Fully Meets,3,17-Jul-23,Leadership Development,External,Completed,3,675.04
1143,Fully Meets,3,20-Dec-22,Customer Service,Internal,Failed,3,563.38
1144,Fully Meets,3,10-Jan-23,Communication Skills,External,Completed,4,750.25
1145,Fully Meets,3,15-Nov-22,Technical Skills,Internal,Incomplete,2,401.53
1146,Fully Meets,3,28-Jun-23,Technical Skills,External,Failed,3,894.88
1147,Fully Meets,3,25-Jan-23,Leadership Development,Internal,Failed,2,247.58
1148,Fully Meets,3,01-Sep-22,Communication Skills,External,Passed,3,529.0
1149,Fully Meets,3,31-Jul-23,Leadership Development,External,Failed,5,483.99
1150,Fully Meets,3,03-Jun-23,Project Management,External,Incomplete,5,797.35
1151,Fully Meets,3,19-Dec-22,Project Management,External,Passed,4,707.59
1152,Fully Meets,3,29-Mar-23,Customer Service,External,Incomplete,2,564.48
1153,Fully Meets,3,02-Dec-22,Communication Skills,Internal,Failed,4,555.35
1154,Fully Meets,3,12-Aug-22,Customer Service,Internal,Incomplete,3,338.48
1155,Fully Meets,3,10-Sep-22,Technical Skills,Internal,Failed,1,339.01
1156,Fully Meets,3,04-Sep-22,Customer Service,Internal,Incomplete,5,939.49
1157,Fully Meets,3,11-Oct-22,Technical Skills,External,Passed,1,276.47
1158,Fully Meets,3,14-Sep-22,Customer Service,External,Completed,3,154.71
1159,Fully Meets,3,27-Dec-22,Leadership Development,External,Failed,3,674.24
1160,Fully Meets,3,07-Nov-22,Leadership Development,External,Failed,2,137.96
1161,Fully Meets,3,13-Nov-22,Technical Skills,Internal,Passed,5,926.85
1162,Fully Meets,3,02-Sep-22,Communication Skills,External,Incomplete,1,846.55
1163,Fully Meets,3,23-Feb-23,Communication Skills,External,Passed,3,734.77
1164,Fully Meets,3,01-Mar-23,Technical Skills,Internal,Incomplete,3,315.09
1165,Fully Meets,3,27-Sep-22,Communication Skills,Internal,Passed,3,686.05
1166,Fully Meets,3,10-Aug-22,Communication Skills,External,Passed,4,942.51
1167,Fully Meets,3,23-Feb-23,Project Management,Internal,Failed,4,782.82
1168,Fully Meets,3,02-Sep-22,Project Management,Internal,Failed,1,370.64
1169,Fully Meets,3,30-Jun-23,Technical Skills,Internal,Incomplete,1,487.66
1170,Fully Meets,3,04-Aug-23,Communication Skills,External,Incomplete,1,179.85
1171,Fully Meets,3,07-Sep-22,Project Management,Internal,Completed,1,294.74
1172,Fully Meets,3,30-Mar-23,Communication Skills,External,Passed,5,202.09
1173,Fully Meets,3,09-Feb-23,Customer Service,Internal,Passed,4,901.42
1174,Fully Meets,3,12-May-23,Project Management,External,Incomplete,3,454.23
1175,Fully Meets,3,04-Jan-23,Project Management,Internal,Passed,3,460.39
1176,Fully Meets,3,14-Feb-23,Leadership Development,Internal,Completed,2,644.72
1177,Fully Meets,3,17-Sep-22,Customer Service,External,Passed,3,436.86
1178,Fully Meets,3,21-Dec-22,Project Management,External,Failed,1,361.52
1179,Fully Meets,3,11-Feb-23,Technical Skills,Internal,Passed,2,229.05
1180,Fully Meets,3,17-Nov-22,Technical Skills,Internal,Completed,3,787.85
1181,Fully Meets,3,31-Dec-22,Communication Skills,External,Incomplete,1,483.82
1182,Fully Meets,3,19-Oct-22,Communication Skills,External,Passed,5,623.64
1183,Fully Meets,3,16-Jul-23,Technical Skills,Internal,Incomplete,4,351.35
1184,Fully Meets,3,31-Jan-23,Customer Service,Internal,Completed,3,512.51
1185,Fully Meets,3,22-Sep-22,Project Management,Internal,Failed,5,957.9
1186,Fully Meets,3,12-Jun-23,Communication Skills,External,Failed,5,886.45
1187,Fully Meets,3,25-Oct-22,Communication Skills,Internal,Incomplete,4,443.55
1188,Fully Meets,3,07-Jan-23,Technical Skills,Internal,Passed,4,899.13
1189,Fully Meets,3,20-Sep-22,Communication Skills,External,Completed,1,202.74
1190,Fully Meets,3,21-May-23,Project Management,External,Failed,4,727.81
1191,Fully Meets,3,23-Sep-22,Customer Service,Internal,Completed,2,820.39
1192,Fully Meets,3,11-Oct-22,Leadership Development,External,Passed,4,111.94
1193,Fully Meets,3,05-May-23,Technical Skills,External,Failed,1,231.96
1194,Fully Meets,3,07-May-23,Communication Skills,Internal,Completed,2,430.92
1196,Fully Meets,3,28-Feb-23,Communication Skills,Internal,Completed,5,355.3
1197,Fully Meets,3,25-Feb-23,Technical Skills,Internal,Passed,5,575.1
1198,Fully Meets,3,19-Jun-23,Project Management,Internal,Failed,1,140.82
1199,Fully Meets,3,28-Nov-22,Leadership Development,External,Passed,2,663.19
1200,Fully Meets,3,29-Jul-23,Project Management,Internal,Incomplete,2,996.77
1201,Fully Meets,3,10-Oct-22,Communication Skills,External,Passed,2,145.39
1202,Fully Meets,3,08-Dec-22,Technical Skills,Internal,Incomplete,1,344.74
1203,Fully Meets,3,12-Oct-22,Project Management,External,Incomplete,5,308.09
1204,Fully Meets,3,16-Jul-23,Project Management,External,Incomplete,1,610.96
1205,Fully Meets,3,01-Aug-23,Communication Skills,External,Failed,3,201.83
1206,Fully Meets,3,20-Jul-23,Technical Skills,Internal,Passed,5,391.85
1207,Fully Meets,3,07-Dec-22,Communication Skills,Internal,Completed,5,682.36
1208,Fully Meets,3,20-Sep-22,Leadership Development,Internal,Passed,3,492.39
1209,Fully Meets,3,18-Jun-23,Communication Skills,External,Failed,2,197.78
1210,Fully Meets,3,09-Jan-23,Leadership Development,External,Incomplete,4,485.44
1211,Fully Meets,3,30-Jul-23,Leadership Development,External,Passed,3,557.34
1212,Fully Meets,3,03-May-23,Project Management,Internal,Failed,5,817.92
1213,Fully Meets,3,15-Feb-23,Project Management,External,Failed,4,485.39
1214,Fully Meets,3,02-Apr-23,Customer Service,Internal,Completed,3,145.13
1215,Fully Meets,3,13-Sep-22,Communication Skills,External,Passed,4,751.88
1216,Fully Meets,3,16-Jul-23,Leadership Development,External,Incomplete,1,136.48
1217,Fully Meets,3,17-Apr-23,Customer Service,External,Completed,1,857.42
1218,Fully Meets,3,30-Jan-23,Leadership Development,Internal,Failed,3,733.16
1219,Fully Meets,3,15-Sep-22,Communication Skills,External,Failed,5,761.31
1220,Fully Meets,3,29-Jun-23,Leadership Development,External,Passed,1,920.41
1221,Fully Meets,3,25-Aug-22,Customer Service,Internal,Passed,4,167.69
1222,Fully Meets,3,10-Mar-23,Leadership Development,External,Passed,2,931.45
1223,Fully Meets,3,30-Aug-22,Project Management,External,Completed,1,474.36
1224,Fully Meets,3,18-Mar-23,Project Management,Internal,Incomplete,5,598.72
1225,Fully Meets,3,14-Aug-22,Customer Service,Internal,Completed,5,557.02
1226,Fully Meets,3,20-May-23,Customer Service,Internal,Completed,3,939.92
1227,Fully Meets,3,15-May-23,Communication Skills,External,Failed,3,669.19
1228,Fully Meets,3,05-Oct-22,Technical Skills,Internal,Failed,5,525.69
1229,Fully Meets,3,11-Jan-23,Customer Service,External,Failed,1,173.66
1230,Fully Meets,3,30-Apr-23,Communication Skills,External,Completed,1,635.71
1231,Fully Meets,3,06-Aug-22,Project Management,External,Passed,1,896.8
1232,Fully Meets,3,30-Nov-22,Leadership Development,Internal,Incomplete,4,857.61
1233,Fully Meets,3,29-Nov-22,Customer Service,Internal,Failed,3,460.59
1234,Fully Meets,3,19-Feb-23,Leadership Development,Internal,Passed,1,504.82
1235,Fully Meets,3,10-Apr-23,Project Management,Internal,Failed,3,737.91
1236,Fully Meets,3,17-Apr-23,Customer Service,External,Passed,2,244.25
1237,Fully Meets,3,11-Nov-22,Leadership Development,External,Passed,2,762.82
1238,Fully Meets,3,14-Nov-22,Leadership Development,Internal,Incomplete,2,640.14
1239,Fully Meets,3,28-Apr-23,Project Management,Internal,Incomplete,3,726.03
1240,Fully Meets,3,04-Jan-23,Communication Skills,External,Passed,5,758.75
1241,Fully Meets,3,01-Feb-23,Project Management,External,Failed,5,878.94
1242,Fully Meets,3,14-Mar-23,Project Management,External,Passed,3,227.9
1243,Fully Meets,3,05-Feb-23,Communication Skills,Internal,Incomplete,3,855.27
1244,Fully Meets,3,18-Feb-23,Technical Skills,External,Incomplete,5,170.62
1245,Fully Meets,3,29-Jun-23,Communication Skills,Internal,Incomplete,4,392.14
1246,Fully Meets,3,25-Dec-22,Communication Skills,Internal,Completed,1,206.93
1247,Fully Meets,3,09-Dec-22,Customer Service,External,Completed,5,307.13
1248,Fully Meets,3,24-Aug-22,Communication Skills,Internal,Passed,4,165.05
1249,Fully Meets,3,15-Aug-22,Communication Skills,Internal,Completed,4,371.27
1250,Fully Meets,3,28-Apr-23,Communication Skills,External,Incomplete,3,366.78
1251,Fully Meets,3,04-Feb-23,Communication Skills,External,Failed,5,205.92
1252,Fully Meets,3,20-Nov-22,Leadership Development,Internal,Completed,1,314.51
1253,Fully Meets,3,03-Jun-23,Customer Service,Internal,Completed,2,793.86
1254,Fully Meets,3,20-Apr-23,Project Management,Internal,Passed,3,252.53
1255,Fully Meets,3,23-Oct-22,Customer Service,External,Passed,2,693.25
1256,Fully Meets,3,26-May-23,Project Management,Internal,Completed,4,926.76
1257,Fully Meets,3,23-May-23,Technical Skills,Internal,Failed,1,694.61
1258,Fully Meets,3,30-Jun-23,Project Management,Internal,Incomplete,1,732.02
1259,Fully Meets,3,04-Jan-23,Leadership Development,Internal,Completed,1,897.62
1260,Fully Meets,3,21-Nov-22,Leadership Development,Internal,Completed,2,786.57
1261,Fully Meets,3,26-Jul-23,Project Management,External,Incomplete,3,613.93
1262,Fully Meets,3,17-Jan-23,Communication Skills,Internal,Passed,2,711.8
1263,Fully Meets,3,03-Mar-23,Communication Skills,Internal,Failed,5,784.1
1264,Fully Meets,3,16-May-23,Customer Service,Internal,Failed,5,509.67
1265,Fully Meets,3,15-Jun-23,Leadership Development,Internal,Incomplete,4,494.96
1266,Fully Meets,3,30-Mar-23,Project Management,Internal,Incomplete,5,465.72
1267,Fully Meets,3,27-Feb-23,Technical Skills,Internal,Failed,1,507.43
1268,Fully Meets,3,25-May-23,Project Management,External,Passed,5,401.97
1269,Fully Meets,3,23-Dec-22,Customer Service,External,Passed,4,813.9
1270,Fully Meets,3,21-Aug-22,Leadership Development,External,Completed,2,360.02
1271,Fully Meets,3,15-Feb-23,Customer Service,Internal,Completed,3,692.71
1272,Fully Meets,3,24-Feb-23,Technical Skills,Internal,Failed,3,233.12
1273,Fully Meets,3,24-May-23,Technical Skills,External,Incomplete,1,881.48
1274,Fully Meets,3,22-May-23,Project Management,Internal,Passed,2,448.48
1275,Fully Meets,3,13-Jun-23,Communication Skills,External,Incomplete,3,288.88
1276,Fully Meets,3,15-Jul-23,Communication Skills,Internal,Failed,1,572.45
1277,Fully Meets,3,27-Mar-23,Communication Skills,Internal,Passed,3,141.38
1278,Fully Meets,3,04-Feb-23,Technical Skills,Internal,Incomplete,1,331.46
1279,Fully Meets,3,23-Nov-22,Technical Skills,Internal,Incomplete,4,704.93
1280,Fully Meets,3,08-Jun-23,Leadership Development,External,Completed,4,450.65
1281,Fully Meets,3,31-Jan-23,Project Management,External,Completed,3,775.97
1282,Fully Meets,3,20-Feb-23,Leadership Development,External,Passed,4,376.0
1283,Fully Meets,3,17-Jan-23,Customer Service,External,Failed,2,106.54
1284,Fully Meets,3,10-Nov-22,Communication Skills,External,Completed,1,852.87
1285,Fully Meets,3,08-Nov-22,Project Management,External,Completed,4,469.03
1286,Fully Meets,3,28-May-23,Customer Service,Internal,Incomplete,2,274.85
1287,Fully Meets,3,31-Mar-23,Technical Skills,External,Completed,1,342.57
1288,Fully Meets,3,13-May-23,Technical Skills,External,Incomplete,5,948.31
1289,Fully Meets,3,08-Oct-22,Leadership Development,Internal,Incomplete,3,900.52
1290,Fully Meets,3,14-May-23,Leadership Development,External,Completed,4,140.72
1291,Fully Meets,3,12-Sep-22,Technical Skills,Internal,Passed,3,913.62
1292,Fully Meets,3,22-Feb-23,Customer Service,Internal,Completed,5,950.3
1293,Fully Meets,3,12-Mar-23,Project Management,Internal,Passed,2,668.77
1294,Fully Meets,3,15-Aug-22,Technical Skills,Internal,Passed,3,906.05
1295,Fully Meets,3,03-Jan-23,Communication Skills,Internal,Incomplete,5,689.77
1296,Fully Meets,3,05-Mar-23,Communication Skills,External,Passed,2,694.27
1297,Fully Meets,3,14-Jun-23,Project Management,External,Passed,3,352.75
1298,Fully Meets,3,16-May-23,Project Management,Internal,Passed,3,411.17
1299,Fully Meets,3,21-Jan-23,Project Management,External,Completed,3,358.81
1300,Fully Meets,3,29-Apr-23,Technical Skills,Internal,Passed,4,588.64
1301,Fully Meets,3,22-Sep-22,Communication Skills,Internal,Incomplete,1,472.18
1302,Fully Meets,3,20-Aug-22,Project Management,Internal,Passed,2,758.79
1303,Fully Meets,3,02-Jun-23,Leadership Development,Internal,Failed,3,921.81
1304,Fully Meets,3,16-Jan-23,Communication Skills,External,Completed,3,405.08
1305,Fully Meets,3,08-Jul-23,Technical Skills,Internal,Failed,3,784.22
1306,Fully Meets,3,13-Jul-23,Technical Skills,External,Failed,4,443.99
1307,Fully Meets,3,16-Nov-22,Technical Skills,Internal,Incomplete,3,609.9
1308,Fully Meets,3,10-Oct-22,Leadership Development,External,Failed,5,742.16
1309,Fully Meets,3,09-Sep-22,Technical Skills,External,Failed,3,517.74
1310,Fully Meets,3,16-Oct-22,Project Management,Internal,Incomplete,4,350.59
1311,Fully Meets,3,17-Oct-22,Leadership Development,Internal,Incomplete,1,546.94
1312,Fully Meets,3,29-Apr-23,Communication Skills,Internal,Completed,4,514.37
1313,Fully Meets,3,25-Oct-22,Leadership Development,Internal,Incomplete,5,786.98
1314,Fully Meets,3,18-Mar-23,Project Management,Internal,Passed,4,852.21
1315,Fully Meets,3,29-Jul-23,Communication Skills,External,Failed,4,761.63
1316,Fully Meets,3,20-Apr-23,Technical Skills,External,Passed,5,202.62
1317,Fully Meets,3,20-Aug-22,Communication Skills,External,Passed,5,414.75
1318,Fully Meets,3,17-Oct-22,Communication Skills,External,Completed,4,344.55
1319,Fully Meets,3,19-May-23,Project Management,Internal,Failed,1,777.46
1320,Fully Meets,3,25-Aug-22,Leadership Development,External,Completed,3,948.71
1321,Fully Meets,3,19-Jan-23,Customer Service,Internal,Passed,5,308.77
1322,Fully Meets,3,24-Feb-23,Customer Service,External,Incomplete,1,891.25
1323,Fully Meets,3,30-Mar-23,Customer Service,Internal,Passed,2,659.9
1324,Fully Meets,3,30-Sep-22,Project Management,Internal,Failed,2,858.72
1325,Fully Meets,3,28-Mar-23,Project Management,External,Failed,5,380.24
1326,Fully Meets,3,01-May-23,Leadership Development,External,Passed,5,505.4
1327,Fully Meets,3,02-Jul-23,Leadership Development,Internal,Passed,3,609.01
1328,Fully Meets,3,24-Mar-23,Customer Service,Internal,Failed,3,656.38
1329,Fully Meets,3,11-Jun-23,Project Management,External,Passed,5,692.63
1330,Fully Meets,3,20-Nov-22,Project Management,Internal,Incomplete,3,633.72
1331,Fully Meets,3,14-Sep-22,Communication Skills,Internal,Failed,2,517.62
1332,Fully Meets,3,13-Aug-22,Leadership Development,External,Incomplete,4,231.76
1333,Fully Meets,3,01-Mar-23,Customer Service,Internal,Passed,2,605.12
1334,Fully Meets,3,01-Apr-23,Project Management,Internal,Failed,1,297.12
1335,Fully Meets,3,20-Feb-23,Leadership Development,Internal,Incomplete,2,384.43
1336,Fully Meets,3,19-Dec-22,Leadership Development,Internal,Passed,4,969.95
1337,Fully Meets,3,17-Jan-23,Project Management,External,Failed,5,719.7
1338,Fully Meets,3,30-Oct-22,Leadership Development,External,Incomplete,1,355.83
1339,Fully Meets,3,24-Nov-22,Customer Service,Internal,Incomplete,3,754.47
1340,Fully Meets,3,06-Feb-23,Leadership Development,External,Incomplete,2,890.39
1341,Fully Meets,3,14-Feb-23,Project Management,Internal,Passed,3,268.78
1342,Fully Meets,3,28-Jan-23,Project Management,Internal,Failed,4,930.72
1343,Fully Meets,3,02-Sep-22,Customer Service,External,Completed,5,924.85
1344,Fully Meets,3,01-Nov-22,Technical Skills,Internal,Incomplete,5,284.38
1345,Fully Meets,3,30-Nov-22,Communication Skills,External,Passed,1,395.1
1346,Fully Meets,3,02-Jul-23,Technical Skills,External,Failed,2,501.64
1347,Fully Meets,3,22-Oct-22,Communication Skills,Internal,Failed,5,792.72
1349,Fully Meets,3,26-Nov-22,Technical Skills,Internal,Incomplete,3,870.01
1350,Fully Meets,3,29-Jan-23,Leadership Development,Internal,Incomplete,2,610.06
1351,Fully Meets,3,20-Dec-22,Project Management,Internal,Passed,2,278.16
1352,Fully Meets,3,01-Nov-22,Communication Skills,External,Completed,4,218.93
1353,Fully Meets,3,16-Dec-22,Communication Skills,Internal,Incomplete,5,179.21
1355,Fully Meets,3,13-Mar-23,Project Management,Internal,Completed,5,534.28
1356,Fully Meets,3,06-Apr-23,Technical Skills,Internal,Incomplete,3,301.39
1357,Fully Meets,3,26-May-23,Project Management,External,Incomplete,3,231.65
1358,Fully Meets,3,10-Aug-22,Communication Skills,Internal,Completed,2,994.81
1359,Fully Meets,3,14-Feb-23,Customer Service,External,Incomplete,4,729.91
1360,PIP,3,20-Sep-22,Leadership Development,Internal,Passed,2,538.02
1362,Exceeds,3,29-Aug-22,Customer Service,Internal,Passed,4,196.94
1363,PIP,3,15-Dec-22,Project Management,Internal,Completed,2,285.83
1364,Exceeds,3,28-Dec-22,Project Management,External,Incomplete,4,818.6
1365,Exceeds,3,10-Apr-23,Leadership Development,External,Incomplete,1,610.97
1366,Exceeds,3,18-Nov-22,Technical Skills,Internal,Completed,1,762.83
1367,Exceeds,3,20-Sep-22,Project Management,External,Incomplete,5,438.44
1368,Exceeds,3,19-Oct-22,Project Management,Internal,Incomplete,4,271.9
1369,Exceeds,3,31-Jan-23,Communication Skills,External,Incomplete,2,629.2
1370,Exceeds,3,06-Sep-22,Leadership Development,Internal,Incomplete,1,850.28
1371,Exceeds,3,01-Oct-22,Leadership Development,External,Passed,1,321.25
1372,Exceeds,3,03-Jun-23,Customer Service,Internal,Passed,1,475.32
1373,Exceeds,3,08-Sep-22,Leadership Development,External,Failed,4,847.2
1374,Exceeds,3,08-Oct-22,Customer Service,Internal,Completed,1,983.35
1375,Exceeds,3,25-Jun-23,Technical Skills,External,Passed,3,880.9
1376,Exceeds,3,02-Aug-23,Customer Service,External,Completed,3,795.72
1377,Exceeds,3,20-Jun-23,Communication Skills,Internal,Completed,2,909.56
1378,PIP,3,28-Jan-23,Communication Skills,External,Failed,5,145.7
1379,Exceeds,3,06-Mar-23,Communication Skills,Internal,Passed,1,397.48
1380,Exceeds,3,26-May-23,Communication Skills,External,Failed,3,326.7
1381,PIP,3,20-Sep-22,Leadership Development,Internal,Failed,4,718.16
1382,Exceeds,3,21-Feb-23,Communication Skills,Internal,Passed,5,162.46
1383,Exceeds,3,15-Jan-23,Customer Service,Internal,Completed,3,924.64
1384,PIP,3,04-Oct-22,Leadership Development,Internal,Passed,4,628.48
1385,PIP,3,27-Jun-23,Communication Skills,Internal,Passed,1,678.07
1386,Exceeds,3,29-Jun-23,Technical Skills,External,Passed,1,106.91
1387,PIP,3,20-Dec-22,Communication Skills,External,Incomplete,1,195.95
1388,Exceeds,3,18-Apr-23,Communication Skills,External,Completed,1,918.34
1389,Exceeds,3,16-Jan-23,Communication Skills,External,Incomplete,3,425.34
1390,Exceeds,3,03-Mar-23,Communication Skills,External,Completed,3,512.53
1391,Needs Improvement,3,05-Feb-23,Leadership Development,External,Completed,3,146.48
1392,Exceeds,3,20-Apr-23,Leadership Development,External,Completed,3,578.62
1393,Exceeds,3,02-Apr-23,Technical Skills,External,Failed,3,255.61
1394,Exceeds,3,13-Feb-23,Leadership Development,Internal,Passed,5,370.26
1395,Exceeds,3,28-Dec-22,Communication Skills,Internal,Failed,2,302.97
1396,Exceeds,3,13-Sep-22,Communication Skills,Internal,Completed,3,632.28
1397,Exceeds,3,01-Mar-23,Customer Service,Internal,Incomplete,2,669.41
1398,Needs Improvement,3,04-Jan-23,Communication Skills,External,Passed,3,191.99
1399,Needs Improvement,3,02-May-23,Customer Service,Internal,Incomplete,2,695.11
1400,Exceeds,3,06-Aug-22,Communication Skills,Internal,Failed,2,634.92
1401,Exceeds,3,03-Jul-23,Communication Skills,Internal,Incomplete,5,873.98
1402,Exceeds,3,14-Oct-22,Communication Skills,External,Passed,3,602.33
1403,Exceeds,3,08-Jun-23,Technical Skills,Internal,Failed,3,807.02
1404,Exceeds,3,02-Oct-22,Project Management,Internal,Completed,4,411.94
1405,Exceeds,3,15-Sep-22,Customer Service,External,Completed,4,537.73
1406,Exceeds,3,03-May-23,Technical Skills,Internal,Incomplete,5,930.1
1407,Exceeds,3,23-Nov-22,Communication Skills,External,Completed,3,249.66
1408,Exceeds,3,24-Dec-22,Communication Skills,Internal,Passed,5,691.82
1409,Exceeds,3,23-Aug-22,Customer Service,Internal,Passed,4,938.59
1410,Exceeds,3,25-Nov-22,Project Management,External,Completed,1,746.8
1411,Exceeds,3,14-Dec-22,Technical Skills,External,Incomplete,1,690.75
1412,Exceeds,3,24-Aug-22,Project Management,External,Incomplete,4,544.19
1413,Needs Improvement,3,17-Feb-23,Technical Skills,Internal,Completed,5,918.34
1414,Exceeds,3,21-Jan-23,Customer Service,Internal,Failed,3,997.2
1415,Exceeds,3,28-Dec-22,Customer Service,Internal,Incomplete,3,633.96
1416,Exceeds,3,27-Oct-22,Customer Service,External,Passed,2,638.69
1417,Exceeds,3,05-Jan-23,Project Management,Internal,Passed,1,643.82
1418,Needs Improvement,3,24-Jun-23,Project Management,External,Failed,1,840.76
1419,Exceeds,3,13-Apr-23,Leadership Development,Internal,Passed,1,108.04
1420,Exceeds,3,16-Feb-23,Communication Skills,Internal,Completed,5,889.57
1421,Exceeds,3,08-Dec-22,Customer Service,Internal,Completed,5,835.97
1423,Needs Improvement,3,15-Mar-23,Communication Skills,Internal,Passed,3,255.55
1425,Needs Improvement,3,13-Mar-23,Technical Skills,Internal,Failed,1,850.15
1426,Exceeds,3,02-Dec-22,Project Management,External,Completed,3,938.04
1427,Needs Improvement,3,25-Apr-23,Project Management,External,Passed,1,684.24
1428,Exceeds,3,30-Aug-22,Technical Skills,Internal,Failed,5,956.11
1429,Exceeds,3,26-Nov-22,Communication Skills,External,Failed,4,441.43
1430,Needs Improvement,3,26-Aug-22,Leadership Development,External,Passed,4,193.99
1431,Exceeds,3,15-Oct-22,Technical Skills,External,Failed,3,790.72
1432,Exceeds,3,06-Aug-22,Communication Skills,Internal,Completed,4,894.75
1433,Needs Improvement,3,18-Sep-22,Customer Service,Internal,Passed,4,863.73
1434,Exceeds,3,27-Apr-23,Project Management,External,Incomplete,2,746.99
1435,Exceeds,3,21-Sep-22,Leadership Development,Internal,Passed,4,360.38
1436,Needs Improvement,3,26-Aug-22,Technical Skills,Internal,Incomplete,1,298.3
1437,Exceeds,3,28-Dec-22,Leadership Development,External,Passed,3,537.12
1438,Exceeds,3,12-May-23,Customer Service,External,Passed,2,996.18
1439,Needs Improvement,3,20-Jun-23,Communication Skills,Internal,Completed,4,764.43
1440,Needs Improvement,3,13-Nov-22,Communication Skills,External,Failed,5,490.33
1441,Needs Improvement,3,23-Oct-22,Customer Service,Internal,Incomplete,4,758.41
1442,Needs Improvement,3,21-Feb-23,Technical Skills,External,Incomplete,3,367.56
1443,Needs Improvement,3,03-May-23,Leadership Development,Internal,Failed,5,582.49
1444,Needs Improvement,3,30-Jan-23,Leadership Development,External,Incomplete,2,561.14
1448,Needs Improvement,3,06-Aug-22,Leadership Development,Internal,Failed,5,151.43
1449,Needs Improvement,3,09-Oct-22,Customer Service,Internal,Passed,5,675.71
1450,Needs Improvement,3,23-Jun-23,Project Management,Internal,Incomplete,5,436.63
1451,Needs Improvement,3,25-Oct-22,Communication Skills,External,Completed,2,387.11
1452,Needs Improvement,3,04-Sep-22,Technical Skills,Internal,Passed,4,320.38
1453,Needs Improvement,3,05-Apr-23,Technical Skills,Internal,Passed,2,294.55
1454,Needs Improvement,3,14-Dec-22,Customer Service,External,Completed,1,832.86
1455,Needs Improvement,3,15-May-23,Leadership Development,Internal,Passed,5,223.34
1456,Exceeds,3,30-Sep-22,Customer Service,External,Incomplete,3,456.95
1457,Exceeds,3,11-May-23,Project Management,External,Passed,5,988.47
1458,Exceeds,3,22-May-23,Technical Skills,External,Incomplete,1,429.49
1459,Exceeds,3,18-Oct-22,Project Management,Internal,Failed,3,798.97
1460,Exceeds,3,06-Mar-23,Customer Service,Internal,Incomplete,2,864.22
1461,Exceeds,3,01-Jun-23,Communication Skills,Internal,Passed,1,302.52
1462,Exceeds,3,02-Feb-23,Leadership Development,External,Completed,4,152.66
1463,Exceeds,3,14-Apr-23,Customer Service,Internal,Completed,2,399.05
1464,Exceeds,3,25-Jun-23,Customer Service,Internal,Completed,2,791.74
1465,Exceeds,3,06-Dec-22,Leadership Development,External,Incomplete,4,770.23
1466,Exceeds,3,16-Dec-22,Project Management,External,Completed,3,746.05
1467,Fully Meets,3,13-Jan-23,Technical Skills,External,Completed,2,177.66
1468,Exceeds,3,10-Apr-23,Leadership Development,Internal,Passed,5,429.38
1469,Exceeds,3,25-Aug-22,Leadership Development,External,Incomplete,3,867.59
1470,Exceeds,3,17-Apr-23,Communication Skills,External,Failed,5,502.65
1471,Exceeds,3,06-Mar-23,Technical Skills,Internal,Completed,3,488.68
1472,Exceeds,3,11-Apr-23,Project Management,Internal,Passed,3,416.76
1473,Exceeds,3,11-Feb-23,Leadership Development,External,Passed,4,336.08
1474,Exceeds,3,19-Feb-23,Project Management,External,Failed,1,798.37
1475,Exceeds,3,04-Nov-22,Technical Skills,Internal,Passed,3,499.48
1476,PIP,3,08-Mar-23,Technical Skills,External,Completed,2,615.32
1477,Exceeds,3,12-Mar-23,Technical Skills,External,Failed,5,410.36
1478,Exceeds,3,03-Aug-23,Leadership Development,External,Failed,5,453.86
1479,Exceeds,3,23-Jan-23,Project Management,Internal,Failed,1,975.27
1480,Needs Improvement,3,18-Apr-23,Leadership Development,External,Failed,2,946.81
1481,Exceeds,3,16-May-23,Communication Skills,Internal,Completed,5,142.57
1482,Exceeds,3,13-Oct-22,Customer Service,Internal,Completed,5,186.57
1483,Exceeds,3,22-Aug-22,Communication Skills,External,Incomplete,4,168.71
1484,Exceeds,3,29-Jul-23,Communication Skills,External,Incomplete,1,473.77
1485,Exceeds,3,02-Jul-23,Leadership Development,External,Completed,5,654.35
1486,Fully Meets,3,30-May-23,Customer Service,Internal,Incomplete,2,176.63
1487,Fully Meets,3,08-Aug-22,Customer Service,External,Failed,3,385.82
1489,Fully Meets,3,01-Oct-22,Leadership Development,External,Completed,5,112.64
1490,Needs Improvement,3,23-Jul-23,Communication Skills,External,Incomplete,4,849.95
1491,Exceeds,3,10-Aug-22,Technical Skills,External,Failed,5,187.65
1492,Exceeds,3,25-Dec-22,Customer Service,Internal,Failed,1,285.56
1493,Fully Meets,3,09-Oct-22,Communication Skills,Internal,Incomplete,3,793.43
1494,Fully Meets,3,01-Feb-23,Customer Service,External,Passed,5,978.89
1495,Fully Meets,3,25-Feb-23,Customer Service,Internal,Completed,4,993.66
1496,Fully Meets,3,07-Sep-22,Customer Service,External,Completed,3,768.55
1497,Needs Improvement,3,23-Aug-22,Technical Skills,External,Completed,3,140.78
1498,Exceeds,3,05-Aug-23,Project Management,Internal,Passed,3,598.07
1499,Fully Meets,3,18-Jan-23,Customer Service,External,Incomplete,5,543.52
1500,Fully Meets,3,12-Jan-23,Technical Skills,Internal,Passed,2,916.73
1501,Fully Meets,3,29-Jul-23,Customer Service,Internal,Completed,2,491.99
1502,Fully Meets,3,08-Mar-23,Technical Skills,Internal,Failed,4,245.0
1503,Fully Meets,3,09-Dec-22,Communication Skills,External,Failed,3,574.9
1504,Needs Improvement,3,20-Jun-23,Technical Skills,Internal,Failed,4,684.08
1505,Exceeds,3,08-May-23,Leadership Development,Internal,Passed,2,204.1
1506,Exceeds,3,01-Nov-22,Leadership Development,External,Failed,1,789.33
1507,Fully Meets,3,21-Sep-22,Technical Skills,Internal,Completed,3,812.13
1508,Fully Meets,3,12-May-23,Customer Service,Internal,Passed,2,675.02
1509,Fully Meets,3,29-Jun-23,Project Management,Internal,Incomplete,4,343.07
1510,Fully Meets,3,13-Oct-22,Technical Skills,External,Incomplete,5,986.78
1513,Fully Meets,3,10-Nov-22,Technical Skills,External,Failed,4,746.57
1514,Fully Meets,3,01-Dec-22,Leadership Development,Internal,Failed,5,434.39
1515,Fully Meets,3,03-Apr-23,Communication Skills,External,Completed,3,765.84
1516,Fully Meets,3,18-Nov-22,Communication Skills,Internal,Failed,3,457.4
1517,Fully Meets,3,12-Jan-23,Customer Service,External,Passed,3,615.84
1518,Fully Meets,3,08-Dec-22,Customer Service,Internal,Completed,2,803.79
1519,Fully Meets,3,23-Sep-22,Leadership Development,External,Completed,2,586.89
1520,Fully Meets,3,11-Oct-22,Communication Skills,External,Failed,5,104.48
1521,Needs Improvement,3,02-Jun-23,Project Management,Internal,Passed,1,877.41
1522,Fully Meets,3,17-May-23,Technical Skills,External,Incomplete,3,791.99
1523,Fully Meets,3,11-Dec-22,Technical Skills,External,Incomplete,2,660.4
1524,Fully Meets,3,01-May-23,Communication Skills,Internal,Completed,2,928.81
1525,Needs Improvement,3,10-Dec-22,Technical Skills,Internal,Incomplete,4,347.29
1526,Fully Meets,3,26-May-23,Leadership Development,Internal,Completed,3,190.51
1527,Fully Meets,3,03-Jun-23,Customer Service,External,Incomplete,3,206.53
1528,Fully Meets,3,10-Dec-22,Communication Skills,Internal,Incomplete,1,639.93
1529,Fully Meets,3,14-Apr-23,Communication Skills,External,Incomplete,5,304.06
1530,Fully Meets,3,06-Jun-23,Project Management,External,Passed,4,261.13
1534,Fully Meets,3,27-Oct-22,Project Management,External,Failed,1,857.19
1535,Fully Meets,3,09-Oct-22,Customer Service,Internal,Failed,3,442.86
1536,Fully Meets,3,27-Jan-23,Communication Skills,Internal,Passed,4,382.0
1537,Fully Meets,3,29-Jul-23,Communication Skills,External,Incomplete,2,430.09
1538,Fully Meets,3,21-Oct-22,Leadership Development,External,Failed,3,854.47
1539,Fully Meets,3,20-Dec-22,Communication Skills,Internal,Passed,5,899.57
1540,Fully Meets,3,27-Oct-22,Communication Skills,Internal,Incomplete,1,686.34
1541,Fully Meets,3,17-Feb-23,Communication Skills,Internal,Passed,4,770.12
1542,Fully Meets,3,07-Oct-22,Leadership Development,External,Incomplete,4,180.73
1543,Fully Meets,3,01-May-23,Technical Skills,Internal,Incomplete,2,734.87
1544,Fully Meets,3,23-Oct-22,Communication Skills,Internal,Passed,3,811.24
1545,Fully Meets,3,05-Feb-23,Leadership Development,Internal,Passed,3,566.0
1546,Fully Meets,3,26-Feb-23,Project Management,External,Incomplete,5,638.92
1547,Fully Meets,3,04-Apr-23,Leadership Development,Internal,Incomplete,3,340.07
1548,Needs Improvement,3,12-Apr-23,Communication Skills,Internal,Passed,4,206.75
1549,Fully Meets,3,04-Jun-23,Project Management,External,Completed,1,759.56
1550,Fully Meets,3,09-Nov-22,Customer Service,External,Failed,3,354.19
1553,Fully Meets,3,19-Mar-23,Leadership Development,External,Completed,3,528.55
1555,Fully Meets,3,26-Feb-23,Technical Skills,External,Passed,5,757.78
1556,Fully Meets,3,10-Jun-23,Communication Skills,External,Completed,1,337.94
1557,Fully Meets,3,06-Jun-23,Customer Service,External,Incomplete,5,256.57
1558,Fully Meets,3,25-Sep-22,Leadership Development,External,Passed,2,839.12
1559,Fully Meets,3,08-Apr-23,Project Management,External,Passed,1,281.94
1560,Fully Meets,3,05-Jul-23,Technical Skills,External,Completed,2,821.41
1561,Fully Meets,3,19-Oct-22,Leadership Development,Internal,Incomplete,3,924.06
1562,Fully Meets,3,24-Dec-22,Leadership Development,Internal,Passed,2,578.66
1563,Fully Meets,3,09-Dec-22,Leadership Development,External,Incomplete,3,721.86
1564,Exceeds,3,20-Apr-23,Communication Skills,External,Completed,4,430.3
1565,Fully Meets,3,03-Dec-22,Customer Service,Internal,Completed,3,337.52
1566,Exceeds,3,05-May-23,Communication Skills,Internal,Failed,1,692.71
1567,Fully Meets,3,13-May-23,Project Management,External,Failed,1,177.99
1568,Fully Meets,3,07-Apr-23,Communication Skills,External,Incomplete,5,586.71
1569,Fully Meets,3,20-Mar-23,Customer Service,Internal,Completed,2,771.98
1570,Fully Meets,3,28-Mar-23,Project Management,Internal,Passed,4,121.88
1571,Exceeds,3,15-Mar-23,Project Management,External,Completed,2,379.68
1572,Fully Meets,3,08-Oct-22,Customer Service,Internal,Completed,2,738.65
1573,Fully Meets,3,15-Dec-22,Technical Skills,External,Incomplete,2,159.42
1576,Needs Improvement,3,06-Jul-23,Communication Skills,Internal,Completed,4,104.34
1577,Fully Meets,3,26-Oct-22,Customer Service,External,Failed,5,413.08
1578,Needs Improvement,3,29-Dec-22,Technical Skills,External,Incomplete,1,856.71
1579,Fully Meets,3,20-Oct-22,Communication Skills,Internal,Passed,5,322.3
1580,Needs Improvement,3,29-Mar-23,Project Management,Internal,Passed,3,527.93
1581,Fully Meets,3,10-Jan-23,Project Management,External,Failed,2,480.2
1582,Needs Improvement,3,01-Nov-22,Leadership Development,Internal,Completed,5,323.79
1583,Fully Meets,3,18-Jun-23,Leadership Development,External,Failed,3,184.66
1584,Fully Meets,3,10-May-23,Leadership Development,External,Passed,4,265.22
1585,Fully Meets,3,06-Feb-23,Technical Skills,External,Incomplete,5,843.28
1586,Fully Meets,3,06-Dec-22,Communication Skills,Internal,Passed,3,643.9
1587,Fully Meets,3,10-Mar-23,Customer Service,Internal,Completed,4,876.73
1588,Fully Meets,3,08-Nov-22,Leadership Development,Internal,Failed,1,293.85
1589,Fully Meets,3,22-Oct-22,Project Management,Internal,Incomplete,4,328.06
1590,Fully Meets,3,16-Mar-23,Leadership Development,Internal,Failed,2,187.35
1591,Fully Meets,3,09-Jun-23,Leadership Development,Internal,Passed,5,340.01
1592,Exceeds,3,20-Jun-23,Communication Skills,Internal,Incomplete,1,590.82
1593,Exceeds,3,08-May-23,Leadership Development,External,Failed,1,321.08
1594,Exceeds,3,04-Apr-23,Communication Skills,External,Failed,1,684.45
1595,Exceeds,3,07-May-23,Leadership Development,External,Passed,4,571.48
1599,Exceeds,3,17-May-23,Leadership Development,External,Passed,2,848.72
1600,Exceeds,3,15-Aug-22,Project Management,Internal,Passed,5,851.93
1601,Exceeds,3,20-May-23,Technical Skills,Internal,Incomplete,4,381.09
1602,Exceeds,3,23-Apr-23,Project Management,External,Incomplete,4,175.5
1603,Exceeds,3,11-Mar-23,Communication Skills,External,Completed,2,784.15
1604,Exceeds,3,08-Feb-23,Communication Skills,External,Passed,3,999.97
1605,Exceeds,3,08-Apr-23,Customer Service,Internal,Passed,5,878.65
1606,Exceeds,3,26-Sep-22,Project Management,Internal,Completed,5,937.89
1607,Needs Improvement,3,30-Nov-22,Customer Service,External,Completed,3,961.1
1608,PIP,3,06-Nov-22,Customer Service,Internal,Incomplete,1,820.96
1609,PIP,3,22-Apr-23,Project Management,Internal,Failed,3,455.52
1610,Needs Improvement,3,29-Mar-23,Communication Skills,External,Completed,4,815.24
1611,Needs Improvement,3,01-Oct-22,Leadership Development,External,Failed,5,534.82
1612,Needs Improvement,3,25-Jan-23,Technical Skills,External,Incomplete,4,522.79
1613,Exceeds,3,28-Jan-23,Leadership Development,Internal,Completed,1,868.8
1614,Needs Improvement,3,22-Jul-23,Communication Skills,External,Passed,1,808.85
1615,Exceeds,3,31-Aug-22,Technical Skills,Internal,Passed,1,874.1
1616,Needs Improvement,3,18-Jul-23,Leadership Development,External,Completed,2,206.73
1617,Needs Improvement,3,06-Feb-23,Leadership Development,Internal,Completed,3,586.5
1618,Needs Improvement,3,24-Apr-23,Leadership Development,Internal,Passed,2,779.69
1620,Needs Improvement,3,18-Jan-23,Project Management,External,Completed,5,986.14
1621,Needs Improvement,3,03-Oct-22,Technical Skills,Internal,Completed,2,264.74
1622,Needs Improvement,3,17-Dec-22,Communication Skills,Internal,Passed,4,344.06
1623,Needs Improvement,3,26-Nov-22,Project Management,Internal,Passed,3,232.5
1624,Needs Improvement,3,21-Apr-23,Customer Service,Internal,Failed,1,953.68
1625,Exceeds,3,15-Nov-22,Project Management,External,Passed,5,101.56
1626,Needs Improvement,3,05-May-23,Project Management,Internal,Failed,3,624.8
1627,Exceeds,3,05-Dec-22,Project Management,Internal,Completed,5,943.93
1628,Needs Improvement,3,20-May-23,Customer Service,Internal,Completed,1,781.52
1629,Fully Meets,3,18-Jul-23,Leadership Development,Internal,Failed,2,615.28
1630,Fully Meets,3,26-Mar-23,Customer Service,External,Incomplete,4,779.26
1631,Fully Meets,3,14-Jan-23,Customer Service,External,Incomplete,1,464.49
1632,Fully Meets,3,26-Mar-23,Leadership Development,External,Completed,4,196.31
1633,Fully Meets,3,09-Oct-22,Project Management,External,Passed,3,300.12
1634,Fully Meets,3,26-Mar-23,Communication Skills,External,Failed,3,895.42
1635,Fully Meets,3,15-May-23,Leadership Development,External,Completed,3,619.86
1636,Fully Meets,3,31-Aug-22,Technical Skills,External,Completed,1,943.84
1637,Fully Meets,3,04-Oct-22,Customer Service,External,Failed,5,556.33
1638,Fully Meets,3,27-Dec-22,Customer Service,External,Completed,4,274.97
1639,Fully Meets,3,21-Jan-23,Communication Skills,Internal,Completed,5,359.87
1640,Fully Meets,3,01-Feb-23,Communication Skills,Internal,Completed,1,881.51
1641,Fully Meets,3,22-Dec-22,Project Management,External,Passed,5,879.86
1642,Fully Meets,3,18-Jul-23,Customer Service,External,Passed,3,226.92
1643,Fully Meets,3,13-Jul-23,Technical Skills,External,Completed,3,674.14
1644,Fully Meets,3,13-Dec-22,Customer Service,External,Failed,4,383.95
1645,Fully Meets,3,12-Aug-22,Technical Skills,External,Completed,1,122.81
1646,Fully Meets,3,07-Aug-22,Customer Service,Internal,Completed,5,380.22
1647,Fully Meets,3,15-Sep-22,Communication Skills,External,Passed,5,719.1
1648,Fully Meets,3,11-Jan-23,Project Management,External,Passed,1,699.81
1649,Fully Meets,3,24-Nov-22,Leadership Development,Internal,Passed,5,452.38
1650,Fully Meets,3,08-Oct-22,Leadership Development,Internal,Completed,3,727.36
1651,Fully Meets,3,20-Dec-22,Customer Service,Internal,Passed,5,595.83
1652,Fully Meets,3,09-Dec-22,Leadership Development,Internal,Completed,4,740.51
1653,Fully Meets,3,24-Jul-23,Technical Skills,External,Incomplete,1,886.01
1654,Fully Meets,3,01-May-23,Technical Skills,External,Failed,2,641.09
1655,Fully Meets,3,15-Jun-23,Communication Skills,Internal,Completed,5,780.94
1656,Fully Meets,3,19-Mar-23,Leadership Development,Internal,Completed,3,132.75
1657,Fully Meets,3,01-Oct-22,Technical Skills,Internal,Passed,1,838.52
1658,Fully Meets,3,06-Jun-23,Project Management,External,Failed,4,474.23
1659,Fully Meets,3,23-May-23,Leadership Development,Internal,Incomplete,1,579.06
1660,Fully Meets,3,25-Jul-23,Communication Skills,Internal,Failed,5,698.82
1661,Fully Meets,3,20-Jul-23,Technical Skills,Internal,Failed,5,633.36
1662,Fully Meets,3,18-Feb-23,Technical Skills,Internal,Failed,3,241.19
1663,Fully Meets,3,13-Jul-23,Communication Skills,External,Passed,5,271.37
1664,Fully Meets,3,08-Jul-23,Project Management,Internal,Incomplete,1,137.87
1665,Fully Meets,3,15-Nov-22,Project Management,Internal,Passed,3,999.83
1666,Fully Meets,3,21-Feb-23,Technical Skills,Internal,Failed,5,597.62
1667,Fully Meets,3,11-Sep-22,Leadership Development,External,Completed,1,697.89
1668,Fully Meets,3,23-Jun-23,Customer Service,External,Failed,5,673.27
1669,Fully Meets,3,10-Jan-23,Project Management,External,Passed,5,753.01
1670,Fully Meets,3,01-Feb-23,Leadership Development,Internal,Failed,5,939.02
1671,Fully Meets,3,15-Nov-22,Customer Service,External,Passed,2,680.45
1672,Fully Meets,3,14-Sep-22,Technical Skills,External,Completed,3,263.8
1673,Fully Meets,3,04-Jan-23,Project Management,External,Incomplete,2,981.06
1674,Fully Meets,3,22-Nov-22,Customer Service,Internal,Passed,1,293.55
1675,Fully Meets,3,07-Mar-23,Technical Skills,Internal,Failed,4,904.68
1676,Fully Meets,3,07-Dec-22,Project Management,Internal,Failed,5,104.66
1677,Fully Meets,3,02-Dec-22,Technical Skills,External,Incomplete,2,836.37
1678,Fully Meets,3,14-Apr-23,Leadership Development,Internal,Completed,1,749.64
1679,Fully Meets,3,25-Mar-23,Leadership Development,External,Failed,5,213.06
1680,Fully Meets,3,04-Oct-22,Customer Service,Internal,Completed,3,882.76
1681,Fully Meets,3,20-Dec-22,Customer Service,External,Failed,1,113.42
1682,Fully Meets,3,19-Sep-22,Project Management,External,Failed,3,284.61
1683,Fully Meets,3,28-Jun-23,Project Management,Internal,Failed,1,599.74
1684,Fully Meets,3,05-Jun-23,Leadership Development,Internal,Failed,5,700.99
1685,Fully Meets,3,01-Jan-23,Customer Service,Internal,Passed,1,650.07
1686,Fully Meets,3,11-Nov-22,Communication Skills,External,Completed,2,851.38
1687,Fully Meets,3,24-Feb-23,Customer Service,Internal,Failed,4,455.1
1688,Fully Meets,3,21-Dec-22,Project Management,Internal,Completed,3,880.67
1689,Fully Meets,3,15-Sep-22,Customer Service,External,Passed,2,712.64
1690,Fully Meets,3,21-Jan-23,Communication Skills,Internal,Failed,3,504.34
1691,Fully Meets,3,21-Sep-22,Customer Service,External,Failed,3,120.37
1692,Fully Meets,3,08-Mar-23,Project Management,External,Failed,1,705.24
1693,Fully Meets,3,10-Mar-23,Project Management,External,Passed,5,928.81
1694,Fully Meets,3,30-Aug-22,Communication Skills,Internal,Completed,5,638.07
1695,Fully Meets,3,03-Jan-23,Leadership Development,Internal,Passed,2,913.34
1696,Fully Meets,3,29-May-23,Project Management,Internal,Completed,1,754.78
1697,Fully Meets,3,14-Oct-22,Leadership Development,External,Passed,4,503.3
1698,Fully Meets,3,23-Nov-22,Technical Skills,External,Passed,5,218.31
1699,Fully Meets,3,24-Jul-23,Customer Service,External,Incomplete,3,730.86
1700,Fully Meets,3,19-Sep-22,Customer Service,External,Completed,4,203.34
1701,Fully Meets,3,18-Jun-23,Technical Skills,Internal,Passed,1,460.53
1702,Fully Meets,3,19-Mar-23,Communication Skills,Internal,Completed,5,733.92
1703,Fully Meets,3,06-Oct-22,Customer Service,Internal,Completed,2,987.43
1704,Fully Meets,3,13-May-23,Customer Service,External,Completed,1,691.32
1705,Fully Meets,3,22-Oct-22,Communication Skills,External,Passed,1,663.08
1706,Fully Meets,3,21-Sep-22,Customer Service,External,Incomplete,1,970.01
1707,Fully Meets,3,26-May-23,Customer Service,Internal,Passed,3,496.31
1708,Fully Meets,3,20-Jun-23,Customer Service,Internal,Incomplete,5,640.01
1709,Fully Meets,3,03-Jun-23,Technical Skills,External,Failed,4,858.8
1710,Fully Meets,3,11-Dec-22,Communication Skills,External,Passed,2,300.52
1711,Fully Meets,3,30-Sep-22,Technical Skills,External,Failed,3,102.19
1712,Fully Meets,3,06-Jun-23,Communication Skills,Internal,Completed,2,581.16
1713,Fully Meets,3,11-Mar-23,Leadership Development,Internal,Incomplete,3,752.91
1714,Fully Meets,3,24-Jul-23,Project Management,External,Passed,3,374.58
1715,Fully Meets,3,17-Feb-23,Leadership Development,Internal,Incomplete,3,788.64
1716,Fully Meets,3,13-Feb-23,Communication Skills,External,Incomplete,2,234.05
1717,Fully Meets,3,05-Nov-22,Customer Service,External,Incomplete,1,381.33
1718,Fully Meets,3,24-Dec-22,Leadership Development,Internal,Passed,3,527.62
1719,Fully Meets,3,12-Sep-22,Leadership Development,External,Passed,3,442.1
1720,Fully Meets,3,19-Jan-23,Project Management,Internal,Passed,2,396.81
1721,Fully Meets,3,16-Feb-23,Project Management,External,Failed,2,730.31
1722,Fully Meets,3,14-May-23,Technical Skills,External,Incomplete,2,128.06
1723,Fully Meets,3,25-Sep-22,Technical Skills,External,Passed,5,942.63
1724,Fully Meets,3,11-Apr-23,Customer Service,Internal,Failed,5,733.63
1725,Fully Meets,3,16-Jan-23,Customer Service,External,Completed,1,743.28
1726,Fully Meets,3,19-Oct-22,Technical Skills,Internal,Completed,4,435.18
1727,Fully Meets,3,16-Feb-23,Technical Skills,Internal,Failed,5,252.22
1728,Fully Meets,3,31-Dec-22,Customer Service,External,Completed,2,103.07
1729,Fully Meets,3,22-Mar-23,Technical Skills,Internal,Incomplete,2,386.87
1730,Fully Meets,3,20-Mar-23,Customer Service,External,Incomplete,3,718.21
1731,Fully Meets,3,27-Feb-23,Customer Service,Internal,Failed,1,578.81
1732,Fully Meets,3,06-Jul-23,Project Management,Internal,Completed,1,562.06
1733,Fully Meets,3,08-Jan-23,Leadership Development,External,Incomplete,5,845.86
1734,Fully Meets,3,16-Jan-23,Project Management,External,Completed,2,391.39
1735,Fully Meets,3,22-Jul-23,Project Management,Internal,Passed,1,203.04
1736,Fully Meets,3,09-Mar-23,Leadership Development,Internal,Incomplete,4,717.29
1737,Fully Meets,3,17-Oct-22,Leadership Development,External,Incomplete,5,719.0
1738,Fully Meets,3,09-Jan-23,Customer Service,External,Incomplete,5,802.66
1739,Fully Meets,3,04-Jul-23,Communication Skills,Internal,Incomplete,1,388.07
1740,Fully Meets,3,18-Feb-23,Project Management,Internal,Completed,2,350.26
1741,Fully Meets,3,08-Nov-22,Leadership Development,External,Completed,5,625.76
1742,Fully Meets,3,19-Apr-23,Communication Skills,External,Incomplete,1,206.72
1744,Fully Meets,3,24-Dec-22,Communication Skills,Internal,Failed,4,728.77
1745,Fully Meets,3,05-Sep-22,Leadership Development,External,Completed,1,996.01
1746,Fully Meets,3,18-Nov-22,Communication Skills,Internal,Incomplete,2,787.19
1748,Fully Meets,3,26-Mar-23,Leadership Development,External,Failed,5,433.03
1749,Fully Meets,3,21-Jul-23,Leadership Development,Internal,Incomplete,3,148.69
1750,Fully Meets,3,20-Aug-22,Project Management,Internal,Incomplete,1,523.44
1751,Fully Meets,3,10-Dec-22,Project Management,External,Incomplete,5,719.54
1752,Fully Meets,3,09-Oct-22,Leadership Development,External,Incomplete,3,560.55
1753,Fully Meets,3,18-Mar-23,Customer Service,Internal,Completed,1,711.71
1754,Fully Meets,3,30-Jan-23,Project Management,External,Failed,1,980.65
1755,Fully Meets,3,22-Nov-22,Communication Skills,External,Incomplete,2,367.76
1756,Fully Meets,3,22-Apr-23,Communication Skills,Internal,Failed,1,849.36
1757,Fully Meets,3,31-Dec-22,Technical Skills,Internal,Incomplete,5,305.05
1758,Fully Meets,3,14-May-23,Customer Service,Internal,Completed,5,296.24
1759,Fully Meets,3,21-Oct-22,Project Management,Internal,Completed,4,220.06
1760,Fully Meets,3,20-Jan-23,Technical Skills,External,Passed,3,378.51
1761,Fully Meets,3,07-Nov-22,Technical Skills,External,Completed,4,905.6
1762,Fully Meets,3,02-Sep-22,Customer Service,External,Incomplete,3,669.57
1763,Fully Meets,3,02-Mar-23,Leadership Development,External,Completed,2,723.9
1764,Fully Meets,3,07-May-23,Communication Skills,Internal,Passed,1,834.44
1765,Fully Meets,3,04-Aug-23,Leadership Development,External,Incomplete,1,393.88
1766,Fully Meets,3,07-Jul-23,Customer Service,External,Incomplete,3,637.61
1767,Fully Meets,3,25-Oct-22,Project Management,External,Passed,3,902.11
1768,Fully Meets,3,30-Sep-22,Leadership Development,External,Passed,1,999.79
1769,Fully Meets,3,27-Mar-23,Leadership Development,Internal,Passed,1,976.58
1770,Fully Meets,3,04-Sep-22,Customer Service,External,Incomplete,2,257.2
1771,Fully Meets,3,27-Feb-23,Technical Skills,External,Incomplete,2,991.1
1772,Fully Meets,3,20-Aug-22,Technical Skills,External,Passed,2,205.64
1773,Fully Meets,3,30-Dec-22,Leadership Development,Internal,Passed,2,817.45
1774,Fully Meets,3,08-Jun-23,Customer Service,External,Failed,5,643.22
1775,Fully Meets,3,08-May-23,Project Management,Internal,Failed,4,795.28
1776,Fully Meets,3,07-Sep-22,Project Management,Internal,Failed,2,521.69
1777,Fully Meets,3,24-Apr-23,Customer Service,External,Incomplete,3,157.78
1778,Fully Meets,3,01-Sep-22,Project Management,External,Passed,3,803.94
1779,Fully Meets,3,27-Nov-22,Project Management,Internal,Passed,3,188.56
1780,Fully Meets,3,25-Mar-23,Technical Skills,External,Passed,2,663.72
1781,Fully Meets,3,04-Jul-23,Technical Skills,External,Failed,4,892.3
1782,Fully Meets,3,21-Dec-22,Communication Skills,Internal,Passed,3,560.35
1783,Fully Meets,3,24-Dec-22,Technical Skills,External,Passed,2,595.5
1784,Fully Meets,3,17-Nov-22,Communication Skills,External,Passed,2,242.18
1785,Fully Meets,3,07-Jan-23,Project Management,Internal,Failed,5,104.95
1786,Fully Meets,3,23-Apr-23,Communication Skills,External,Completed,2,942.28
1787,Fully Meets,3,31-Aug-22,Project Management,Internal,Passed,2,756.7
1788,Fully Meets,3,23-Dec-22,Leadership Development,Internal,Completed,4,290.99
1789,Fully Meets,3,08-Jan-23,Leadership Development,External,Incomplete,2,700.97
1790,Fully Meets,3,19-Aug-22,Communication Skills,Internal,Incomplete,4,631.98
1791,Fully Meets,3,26-Nov-22,Project Management,Internal,Failed,5,282.85
1792,Fully Meets,3,29-Nov-22,Technical Skills,Internal,Completed,1,412.58
1793,Fully Meets,3,28-Feb-23,Communication Skills,External,Passed,1,943.91
1794,Fully Meets,3,31-Oct-22,Leadership Development,Internal,Completed,3,208.13
1795,Fully Meets,3,24-Feb-23,Leadership Development,External,Passed,2,145.47
1796,Fully Meets,3,27-Oct-22,Customer Service,External,Failed,1,727.51
1797,Fully Meets,3,24-Dec-22,Project Management,External,Failed,5,581.43
1798,Fully Meets,3,11-Dec-22,Communication Skills,Internal,Incomplete,1,725.94
1799,Fully Meets,3,27-Oct-22,Technical Skills,Internal,Passed,1,338.36
1800,Fully Meets,3,17-Apr-23,Technical Skills,External,Failed,1,732.84
1801,Fully Meets,3,22-Jun-23,Technical Skills,External,Incomplete,1,753.69
1802,Fully Meets,3,16-Jul-23,Customer Service,Internal,Failed,5,131.92
1803,Fully Meets,3,20-Sep-22,Leadership Development,External,Passed,4,550.55
1804,Fully Meets,3,22-Aug-22,Customer Service,Internal,Failed,1,767.49
1805,Fully Meets,3,11-Feb-23,Communication Skills,Internal,Incomplete,5,222.88
1806,Fully Meets,3,27-Jul-23,Communication Skills,Internal,Passed,3,176.2
1807,Fully Meets,3,07-Mar-23,Technical Skills,External,Incomplete,5,794.61
1808,Fully Meets,3,12-Oct-22,Customer Service,External,Passed,1,147.08
1809,Fully Meets,3,15-Aug-22,Communication Skills,Internal,Incomplete,5,488.94
1810,Fully Meets,3,22-Feb-23,Project Management,External,Failed,1,603.57
1811,Fully Meets,3,25-Jul-23,Customer Service,External,Incomplete,3,819.87
1812,Fully Meets,3,04-Mar-23,Leadership Development,Internal,Incomplete,2,836.19
1813,Fully Meets,3,05-Nov-22,Project Management,External,Passed,5,879.94
1814,Fully Meets,3,04-Jun-23,Customer Service,Internal,Failed,3,532.3
1815,Fully Meets,3,03-Oct-22,Leadership Development,External,Incomplete,5,758.21
1816,Fully Meets,3,05-Jun-23,Communication Skills,Internal,Incomplete,2,253.51
1817,Fully Meets,3,20-Aug-22,Leadership Development,Internal,Completed,3,375.86
1818,Fully Meets,3,20-Mar-23,Leadership Development,External,Incomplete,5,909.47
1819,Fully Meets,3,19-Oct-22,Customer Service,Internal,Passed,3,649.51
1820,Fully Meets,3,30-Jun-23,Customer Service,Internal,Failed,1,742.26
1821,Fully Meets,3,12-Oct-22,Communication Skills,Internal,Passed,4,713.84
1822,Fully Meets,3,29-Jul-23,Project Management,External,Incomplete,1,999.06
1823,Fully Meets,3,10-Jul-23,Leadership Development,Internal,Completed,4,977.99
1824,Fully Meets,3,16-Sep-22,Leadership Development,External,Completed,5,136.33
1825,Fully Meets,3,05-Aug-22,Technical Skills,External,Completed,4,946.67
1826,Exceeds,3,24-Jul-23,Technical Skills,External,Passed,4,485.39
1827,Needs Improvement,3,28-Apr-23,Communication Skills,External,Incomplete,5,962.02
1828,Exceeds,3,29-May-23,Technical Skills,External,Failed,1,620.24
1829,Exceeds,3,21-Apr-23,Customer Service,External,Completed,4,333.8
1830,Needs Improvement,3,29-Mar-23,Leadership Development,External,Passed,3,764.21
1831,Needs Improvement,3,11-Dec-22,Project Management,Internal,Failed,3,756.42
1832,Needs Improvement,3,30-Jul-23,Customer Service,Internal,Failed,2,716.62
1833,Needs Improvement,3,26-Mar-23,Technical Skills,Internal,Failed,2,712.9
1834,Needs Improvement,3,11-Mar-23,Technical Skills,Internal,Incomplete,1,845.82
1835,Needs Improvement,3,01-Mar-23,Communication Skills,Internal,Passed,4,727.9
1836,Needs Improvement,3,21-Jul-23,Project Management,Internal,Incomplete,1,760.41
1837,Needs Improvement,3,25-Jul-23,Project Management,Internal,Incomplete,5,567.74
1838,Exceeds,3,14-Jan-23,Communication Skills,External,Incomplete,5,582.7
1839,Exceeds,3,16-Aug-22,Leadership Development,External,Incomplete,2,645.16
1840,Exceeds,3,07-Mar-23,Project Management,External,Passed,5,310.44
1841,Exceeds,3,13-Aug-22,Communication Skills,External,Failed,4,683.42
1842,Exceeds,3,19-Jul-23,Communication Skills,Internal,Completed,3,129.49
1843,Needs Improvement,3,11-Nov-22,Project Management,External,Incomplete,5,349.46
1844,Exceeds,3,19-Aug-22,Project Management,Internal,Failed,5,668.2
1845,Needs Improvement,3,31-Dec-22,Customer Service,External,Passed,5,409.99
1846,Needs Improvement,3,25-Apr-23,Communication Skills,Internal,Passed,4,964.4
1847,Needs Improvement,3,14-Feb-23,Leadership Development,External,Completed,1,777.95
1848,PIP,3,15-Feb-23,Communication Skills,Internal,Completed,5,816.07
1849,PIP,3,04-Jun-23,Leadership Development,External,Passed,4,332.12
1850,PIP,3,02-May-23,Communication Skills,Internal,Completed,1,950.45
1851,PIP,3,04-Sep-22,Communication Skills,External,Passed,4,997.13
1852,PIP,3,16-Oct-22,Customer Service,Internal,Completed,1,917.56
1853,PIP,3,10-Aug-22,Project Management,External,Failed,4,220.2
1854,PIP,3,18-May-23,Technical Skills,External,Failed,1,837.64
1855,Exceeds,3,30-Aug-22,Technical Skills,External,Incomplete,2,648.72
1856,Exceeds,3,04-Jul-23,Leadership Development,External,Failed,4,687.77
1857,Exceeds,3,14-Jun-23,Project Management,External,Incomplete,5,278.62
1858,Exceeds,3,16-Dec-22,Technical Skills,External,Failed,5,568.57
1859,Exceeds,3,07-Oct-22,Technical Skills,Internal,Completed,4,764.64
1860,Exceeds,3,20-Aug-22,Project Management,External,Passed,3,551.45
1861,Exceeds,3,18-Jun-23,Customer Service,Internal,Completed,2,849.52
1862,Exceeds,3,21-Dec-22,Communication Skills,Internal,Incomplete,1,180.61
1863,Exceeds,3,21-Jun-23,Communication Skills,Internal,Passed,3,559.52
1864,Exceeds,3,06-Aug-22,Project Management,Internal,Completed,4,850.57
1865,Exceeds,3,13-Nov-22,Project Management,Internal,Completed,3,802.75
1866,Exceeds,3,22-Apr-23,Customer Service,External,Completed,3,587.63
1867,Needs Improvement,3,04-May-23,Project Management,External,Passed,3,114.45
1868,Needs Improvement,3,27-Mar-23,Leadership Development,Internal,Completed,4,599.79
1869,Exceeds,3,23-Dec-22,Customer Service,Internal,Failed,3,280.46
1870,Fully Meets,3,25-Dec-22,Communication Skills,External,Incomplete,3,969.98
1871,Fully Meets,3,03-Jul-23,Customer Service,Internal,Failed,4,643.07
1872,Fully Meets,3,04-Jul-23,Leadership Development,Internal,Incomplete,4,299.55
1873,Fully Meets,3,02-Mar-23,Technical Skills,External,Incomplete,3,373.67
1874,Fully Meets,3,25-Dec-22,Leadership Development,Internal,Passed,1,902.01
1875,Fully Meets,3,19-Mar-23,Project Management,Internal,Failed,1,105.61
1877,Fully Meets,3,01-May-23,Technical Skills,External,Passed,1,845.17
1878,Fully Meets,3,25-May-23,Technical Skills,External,Passed,5,932.44
1879,Fully Meets,3,29-Apr-23,Leadership Development,Internal,Passed,2,227.51
1880,Fully Meets,3,10-Aug-22,Customer Service,Internal,Incomplete,5,785.05
1881,Fully Meets,3,30-Jun-23,Communication Skills,External,Passed,4,584.92
1882,Fully Meets,3,11-Apr-23,Leadership Development,Internal,Incomplete,5,206.16
1883,Fully Meets,3,19-May-23,Customer Service,Internal,Failed,1,483.43
1884,Fully Meets,3,09-Sep-22,Project Management,External,Incomplete,2,889.87
1885,Fully Meets,3,15-Feb-23,Customer Service,Internal,Incomplete,3,503.04
1886,Fully Meets,3,10-Jun-23,Customer Service,External,Completed,1,349.8
1887,Fully Meets,3,23-Dec-22,Customer Service,External,Passed,4,547.76
1888,Fully Meets,3,23-Dec-22,Technical Skills,External,Completed,2,961.68
1889,Fully Meets,3,09-Feb-23,Leadership Development,Internal,Incomplete,1,993.76
1890,Fully Meets,3,25-Oct-22,Communication Skills,Internal,Failed,2,998.32
1891,Fully Meets,3,13-Jul-23,Leadership Development,External,Incomplete,1,961.55
1892,Fully Meets,3,09-Feb-23,Technical Skills,External,Incomplete,3,192.73
1893,Fully Meets,3,28-Sep-22,Leadership Development,Internal,Completed,1,604.53
1894,Fully Meets,3,29-May-23,Technical Skills,External,Failed,2,144.39
1895,Fully Meets,3,12-Sep-22,Technical Skills,External,Completed,5,517.92
1896,Fully Meets,3,22-Feb-23,Customer Service,External,Completed,4,537.71
1897,Fully Meets,3,16-Mar-23,Communication Skills,External,Completed,2,491.71
1898,Fully Meets,3,10-Jul-23,Project Management,Internal,Completed,3,673.38
1899,Fully Meets,3,29-Jan-23,Leadership Development,Internal,Incomplete,2,724.87
1900,Fully Meets,3,27-Apr-23,Communication Skills,Internal,Passed,4,140.83
1901,Fully Meets,3,22-Sep-22,Project Management,External,Passed,1,113.47
1902,Fully Meets,3,24-Feb-23,Customer Service,External,Incomplete,1,604.93
1903,Fully Meets,3,27-May-23,Project Management,External,Completed,4,699.97
1904,Fully Meets,3,20-Oct-22,Leadership Development,Internal,Failed,1,576.1
1905,Fully Meets,3,24-Nov-22,Leadership Development,Internal,Passed,2,958.46
1906,Fully Meets,3,05-Mar-23,Project Management,External,Passed,5,228.41
1907,Fully Meets,3,10-Nov-22,Technical Skills,Internal,Completed,2,203.44
1908,Fully Meets,3,21-Jul-23,Project Management,External,Incomplete,2,359.08
1909,Fully Meets,3,15-Mar-23,Technical Skills,Internal,Passed,3,653.23
1910,Fully Meets,3,12-Oct-22,Customer Service,Internal,Passed,5,614.4
1911,Fully Meets,3,12-Nov-22,Communication Skills,External,Passed,5,333.08
1912,Fully Meets,3,26-Mar-23,Leadership Development,External,Completed,1,718.38
1913,Fully Meets,3,02-Feb-23,Project Management,External,Failed,3,195.29
1914,Fully Meets,3,11-Jan-23,Leadership Development,External,Passed,2,113.43
1917,Fully Meets,3,24-Jan-23,Customer Service,Internal,Incomplete,3,419.83
1918,Fully Meets,3,03-Aug-23,Communication Skills,Internal,Incomplete,2,226.7
1919,Fully Meets,3,18-Jun-23,Leadership Development,External,Failed,1,583.76
1920,Fully Meets,3,04-Apr-23,Customer Service,Internal,Failed,3,646.65
1921,Fully Meets,3,28-May-23,Technical Skills,External,Incomplete,2,813.17
1922,Fully Meets,3,14-Nov-22,Technical Skills,External,Passed,3,636.38
1923,Fully Meets,3,17-Nov-22,Project Management,External,Failed,3,868.74
1924,Fully Meets,3,14-Jul-23,Customer Service,External,Failed,4,250.41
1925,Fully Meets,3,12-May-23,Communication Skills,Internal,Completed,3,882.06
1926,Fully Meets,3,30-Jun-23,Leadership Development,Internal,Passed,1,350.88
1927,Fully Meets,3,23-Feb-23,Leadership Development,External,Completed,5,571.81
1928,Fully Meets,3,23-Feb-23,Communication Skills,Internal,Failed,3,900.89
1929,Fully Meets,3,04-Aug-23,Customer Service,Internal,Failed,3,312.56
1930,Fully Meets,3,30-Jun-23,Project Management,External,Incomplete,5,533.56
1931,Fully Meets,3,14-May-23,Leadership Development,Internal,Failed,5,381.36
1932,Fully Meets,3,19-Mar-23,Customer Service,Internal,Failed,2,754.08
1933,Fully Meets,3,17-Oct-22,Customer Service,Internal,Incomplete,5,837.19
1934,Fully Meets,3,08-May-23,Leadership Development,External,Incomplete,2,993.7
1935,Fully Meets,3,16-Sep-22,Customer Service,Internal,Completed,2,505.4
1936,Fully Meets,3,21-Aug-22,Leadership Development,External,Failed,5,567.55
1937,Fully Meets,3,08-May-23,Leadership Development,External,Completed,4,774.74
1938,Fully Meets,3,24-Aug-22,Communication Skills,External,Passed,5,316.61
1939,Fully Meets,3,27-Oct-22,Communication Skills,External,Completed,3,531.73
1940,Fully Meets,3,16-Jan-23,Communication Skills,External,Failed,2,342.26
1941,Fully Meets,3,04-Feb-23,Leadership Development,External,Failed,3,158.79
1942,Fully Meets,3,15-Apr-23,Customer Service,Internal,Completed,3,250.51
1943,Fully Meets,3,13-May-23,Technical Skills,Internal,Passed,3,453.4
1944,Fully Meets,3,26-Oct-22,Technical Skills,External,Completed,5,742.31
1945,Fully Meets,3,12-Jan-23,Customer Service,External,Passed,5,341.94
1946,Fully Meets,3,30-Aug-22,Customer Service,Internal,Completed,1,967.18
1947,Fully Meets,3,14-Nov-22,Communication Skills,External,Failed,3,147.4
1948,Fully Meets,3,23-May-23,Project Management,External,Failed,4,884.26
1949,Fully Meets,3,28-Apr-23,Customer Service,Internal,Incomplete,5,592.96
1950,Fully Meets,3,21-Feb-23,Project Management,External,Passed,2,801.28
1951,Fully Meets,3,29-Apr-23,Leadership Development,Internal,Incomplete,2,717.95
1952,Fully Meets,3,05-Mar-23,Leadership Development,Internal,Passed,1,846.22
1953,Fully Meets,3,13-Aug-22,Leadership Development,External,Passed,4,275.62
1954,Fully Meets,3,14-Aug-22,Customer Service,External,Passed,5,837.05
1955,Fully Meets,3,22-Jul-23,Leadership Development,Internal,Incomplete,3,202.35
1956,Fully Meets,3,05-Jun-23,Communication Skills,External,Passed,4,590.97
1957,Fully Meets,3,14-Apr-23,Customer Service,External,Failed,5,744.55
1958,Fully Meets,3,23-May-23,Communication Skills,Internal,Incomplete,2,141.91
1959,Fully Meets,3,13-Sep-22,Project Management,External,Completed,2,883.34
1960,Fully Meets,3,28-Apr-23,Leadership Development,Internal,Passed,4,176.82
1961,Fully Meets,3,25-Apr-23,Customer Service,External,Failed,1,767.22
1962,Fully Meets,3,02-Oct-22,Leadership Development,External,Completed,5,555.6
1963,Fully Meets,3,13-Jun-23,Technical Skills,Internal,Incomplete,2,316.03
1964,Fully Meets,3,22-May-23,Customer Service,Internal,Failed,1,540.96
1965,Fully Meets,3,16-Oct-22,Leadership Development,External,Failed,3,444.23
1966,Fully Meets,3,19-May-23,Communication Skills,Internal,Failed,5,497.54
1967,Fully Meets,3,23-Jul-23,Customer Service,Internal,Incomplete,4,300.95
1968,Fully Meets,3,25-Nov-22,Customer Service,Internal,Incomplete,2,283.06
1970,Fully Meets,3,27-Mar-23,Leadership Development,External,Failed,1,398.23
1971,Fully Meets,3,20-Dec-22,Leadership Development,External,Incomplete,1,331.8
1972,Fully Meets,3,26-Apr-23,Leadership Development,External,Incomplete,4,349.48
1973,Fully Meets,3,01-Apr-23,Communication Skills,External,Failed,1,596.48
1974,Fully Meets,3,08-Oct-22,Project Management,Internal,Incomplete,2,677.45
1975,Fully Meets,3,12-Mar-23,Customer Service,Internal,Failed,5,664.61
1976,Fully Meets,3,16-Nov-22,Communication Skills,External,Completed,5,405.13
1977,Fully Meets,3,26-May-23,Leadership Development,Internal,Incomplete,5,781.27
1978,Fully Meets,3,18-Jan-23,Leadership Development,Internal,Failed,5,983.61
1979,Fully Meets,3,19-May-23,Communication Skills,Internal,Failed,1,656.46
1980,Fully Meets,3,25-Mar-23,Project Management,External,Failed,1,446.07
1981,Fully Meets,3,10-Aug-22,Leadership Development,Internal,Passed,1,676.42
1982,Fully Meets,3,29-Jan-23,Leadership Development,Internal,Passed,5,861.83
1983,Fully Meets,3,28-Dec-22,Customer Service,Internal,Failed,5,769.23
1984,Fully Meets,3,18-Aug-22,Leadership Development,Internal,Failed,4,983.02
1985,Fully Meets,3,28-Sep-22,Communication Skills,Internal,Incomplete,3,474.95
1986,Fully Meets,3,21-Feb-23,Communication Skills,Internal,Failed,3,800.81
1987,Fully Meets,3,27-Jun-23,Communication Skills,Internal,Failed,2,844.93
1988,Fully Meets,3,18-May-23,Project Management,External,Completed,4,903.8
1989,Fully Meets,3,04-Dec-22,Leadership Development,External,Incomplete,4,329.3
1990,Fully Meets,3,18-Sep-22,Leadership Development,Internal,Incomplete,1,332.51
1991,Fully Meets,3,24-Jan-23,Technical Skills,External,Failed,2,643.63
1992,Fully Meets,3,11-Sep-22,Communication Skills,Internal,Failed,2,827.05
1993,Fully Meets,3,02-May-23,Customer Service,External,Failed,3,995.42
1994,Fully Meets,3,20-Apr-23,Technical Skills,External,Passed,4,360.61
1995,Fully Meets,3,23-Aug-22,Communication Skills,External,Passed,3,658.54
1996,Fully Meets,3,16-Dec-22,Communication Skills,Internal,Failed,5,250.11
1997,Fully Meets,3,29-Apr-23,Project Management,Internal,Failed,4,819.65
1998,Fully Meets,3,01-Dec-22,Technical Skills,Internal,Completed,2,186.77
1999,Fully Meets,3,08-May-23,Technical Skills,External,Passed,4,633.67
2000,Fully Meets,3,20-Mar-23,Technical Skills,Internal,Incomplete,3,236.34
2001,Fully Meets,3,04-May-23,Leadership Development,Internal,Incomplete,4,504.62
2002,Fully Meets,3,26-Oct-22,Project Management,External,Incomplete,1,217.86
2003,Fully Meets,3,12-Dec-22,Technical Skills,External,Completed,4,148.97
2004,Fully Meets,3,27-Feb-23,Leadership Development,Internal,Completed,1,628.83
2005,Fully Meets,3,22-Apr-23,Leadership Development,Internal,Completed,2,458.78
2006,Fully Meets,3,22-Dec-22,Communication Skills,External,Completed,2,892.65
2007,Fully Meets,3,28-Feb-23,Communication Skills,External,Passed,1,211.17
2008,Fully Meets,3,24-Oct-22,Project Management,External,Passed,2,478.95
2009,Fully Meets,3,20-Jan-23,Customer Service,Internal,Incomplete,1,319.94
2010,Fully Meets,3,22-Aug-22,Communication Skills,Internal,Passed,2,601.66
2011,Fully Meets,3,30-Apr-23,Leadership Development,Internal,Completed,1,999.96
2012,Fully Meets,3,18-Sep-22,Communication Skills,External,Incomplete,2,138.67
2013,Fully Meets,3,21-Feb-23,Leadership Development,External,Failed,2,962.76
2014,Fully Meets,3,02-Mar-23,Technical Skills,External,Incomplete,4,106.88
2015,Fully Meets,3,30-Sep-22,Leadership Development,Internal,Passed,1,561.89
2016,Fully Meets,3,13-Sep-22,Technical Skills,Internal,Incomplete,5,775.52
2017,Fully Meets,3,03-Dec-22,Communication Skills,External,Incomplete,4,397.01
2018,Fully Meets,3,21-Aug-22,Customer Service,External,Incomplete,5,739.74
2019,Fully Meets,3,06-Oct-22,Technical Skills,External,Completed,2,789.2
2020,Fully Meets,3,18-Aug-22,Leadership Development,Internal,Failed,3,428.51
2021,Fully Meets,3,29-Apr-23,Project Management,External,Incomplete,4,646.72
2022,Fully Meets,3,09-Oct-22,Leadership Development,External,Incomplete,3,742.84
2023,Fully Meets,3,25-Nov-22,Communication Skills,External,Incomplete,2,894.92
2024,Fully Meets,3,11-Jun-23,Communication Skills,External,Failed,1,222.56
2025,Fully Meets,3,17-Jan-23,Technical Skills,Internal,Passed,2,699.76
2026,Fully Meets,3,08-Aug-22,Project Management,External,Incomplete,3,124.93
2027,Fully Meets,3,08-Aug-22,Technical Skills,External,Incomplete,5,664.12
2028,Fully Meets,3,18-Feb-23,Project Management,External,Passed,2,862.82
2029,Fully Meets,3,14-Nov-22,Project Management,External,Passed,1,813.01
2030,Fully Meets,3,28-Jul-23,Communication Skills,External,Incomplete,4,349.75
2031,Fully Meets,3,25-Jul-23,Technical Skills,External,Failed,1,244.5
2032,Fully Meets,3,21-Nov-22,Customer Service,Internal,Completed,3,873.52
2033,Fully Meets,3,11-Mar-23,Leadership Development,External,Passed,1,358.65
2034,Fully Meets,3,20-Jan-23,Technical Skills,Internal,Passed,1,632.33
2035,Fully Meets,3,17-Feb-23,Customer Service,External,Failed,2,565.81
2036,Fully Meets,3,24-Sep-22,Communication Skills,Internal,Completed,3,849.04
2037,Fully Meets,3,16-Jul-23,Leadership Development,Internal,Failed,1,519.43
2039,Fully Meets,3,24-May-23,Customer Service,External,Incomplete,1,738.69
2041,Fully Meets,3,25-Sep-22,Technical Skills,External,Completed,5,970.6
2042,Fully Meets,3,14-Feb-23,Customer Service,External,Passed,1,651.4
2043,Fully Meets,3,08-Oct-22,Project Management,Internal,Passed,5,809.68
2044,Fully Meets,3,05-Aug-23,Customer Service,External,Passed,5,570.91
2045,Fully Meets,3,04-May-23,Customer Service,Internal,Incomplete,1,852.72
2046,Fully Meets,3,25-Dec-22,Technical Skills,Internal,Incomplete,1,787.98
2047,Fully Meets,3,15-Aug-22,Technical Skills,Internal,Failed,1,942.72
2048,Fully Meets,3,02-Nov-22,Customer Service,External,Failed,2,626.4
2049,Fully Meets,3,28-Mar-23,Project Management,Internal,Failed,4,765.68
2050,Fully Meets,3,13-Dec-22,Communication Skills,Internal,Completed,3,904.54
2051,Fully Meets,3,17-Mar-23,Project Management,Internal,Incomplete,2,761.28
2052,Fully Meets,3,06-Nov-22,Project Management,Internal,Completed,4,507.49
2053,Fully Meets,3,13-May-23,Leadership Development,Internal,Incomplete,5,862.9
2054,Fully Meets,3,06-Jun-23,Leadership Development,Internal,Incomplete,4,528.18
2055,Fully Meets,3,08-Nov-22,Technical Skills,External,Passed,2,805.7
2056,Fully Meets,3,02-Feb-23,Technical Skills,External,Failed,1,190.55
2057,Fully Meets,3,01-Jan-23,Customer Service,Internal,Failed,3,605.36
2058,Fully Meets,3,31-Dec-22,Customer Service,Internal,Passed,1,338.16
2059,Fully Meets,3,06-May-23,Customer Service,External,Completed,3,969.03
2060,Fully Meets,3,23-Jul-23,Project Management,External,Failed,3,442.39
2061,Fully Meets,3,15-Mar-23,Technical Skills,External,Incomplete,1,952.69
2062,Fully Meets,3,20-May-23,Project Management,External,Passed,1,842.36
2063,Fully Meets,3,01-Jan-23,Technical Skills,External,Failed,5,333.78
2064,Fully Meets,3,10-Sep-22,Technical Skills,Internal,Passed,2,343.22
2065,Fully Meets,3,15-May-23,Leadership Development,Internal,Failed,1,283.86
2066,Fully Meets,3,03-Sep-22,Customer Service,Internal,Passed,5,107.29
2067,Fully Meets,3,10-May-23,Leadership Development,External,Failed,4,320.87
2068,Fully Meets,3,03-Feb-23,Leadership Development,Internal,Incomplete,3,670.68
2069,Fully Meets,3,10-May-23,Communication Skills,External,Incomplete,3,685.62
2070,Fully Meets,3,12-Apr-23,Technical Skills,Internal,Completed,5,842.88
2071,Fully Meets,3,09-Feb-23,Technical Skills,Internal,Incomplete,5,735.7
2072,Fully Meets,3,17-Jun-23,Customer Service,Internal,Passed,5,974.31
2073,Fully Meets,3,03-Aug-23,Project Management,Internal,Incomplete,3,760.53
2074,Fully Meets,3,20-Sep-22,Project Management,Internal,Passed,5,640.97
2075,Fully Meets,3,27-Oct-22,Customer Service,External,Incomplete,5,807.49
2076,Fully Meets,3,08-Nov-22,Communication Skills,Internal,Completed,3,350.22
2077,Fully Meets,3,07-Apr-23,Communication Skills,Internal,Completed,4,447.67
2078,Fully Meets,3,07-Aug-22,Communication Skills,Internal,Incomplete,5,737.61
2079,Fully Meets,3,15-Jan-23,Leadership Development,External,Completed,4,444.96
2080,Fully Meets,3,09-Jun-23,Project Management,External,Failed,1,605.05
2081,Fully Meets,3,14-May-23,Customer Service,External,Failed,4,744.4
2082,Fully Meets,3,09-Aug-22,Customer Service,External,Incomplete,1,230.77
2083,Fully Meets,3,21-Dec-22,Project Management,External,Incomplete,5,569.44
2084,Fully Meets,3,02-Feb-23,Project Management,External,Passed,1,677.67
2085,Fully Meets,3,29-Mar-23,Project Management,External,Incomplete,1,963.42
2086,Fully Meets,3,03-Apr-23,Communication Skills,External,Completed,3,488.66
2087,Fully Meets,3,02-Apr-23,Leadership Development,Internal,Completed,3,450.94
2088,Fully Meets,3,09-Feb-23,Communication Skills,External,Completed,3,407.99
2089,Fully Meets,3,04-Jan-23,Communication Skills,Internal,Completed,2,423.31
2090,Fully Meets,3,23-Oct-22,Leadership Development,Internal,Incomplete,1,189.64
2091,Fully Meets,3,20-Jul-23,Leadership Development,Internal,Incomplete,3,102.77
2092,Fully Meets,3,13-Mar-23,Communication Skills,External,Completed,5,246.13
2093,Fully Meets,3,23-Apr-23,Leadership Development,External,Failed,5,628.62
2094,Fully Meets,3,11-Mar-23,Leadership Development,Internal,Passed,4,739.32
2095,Fully Meets,3,14-Nov-22,Leadership Development,Internal,Passed,3,773.16
2096,Fully Meets,3,25-Apr-23,Communication Skills,External,Completed,3,838.65
2097,PIP,2,26-Nov-22,Technical Skills,External,Incomplete,3,426.55
2098,PIP,5,25-Sep-22,Project Management,External,Incomplete,2,254.35
2099,PIP,4,28-Feb-23,Customer Service,External,Completed,2,829.08
2100,Exceeds,4,29-Apr-23,Communication Skills,External,Incomplete,2,710.31
2101,PIP,5,29-Jun-23,Leadership Development,External,Completed,1,751.81
2102,Exceeds,2,04-May-23,Communication Skills,Internal,Passed,1,598.51
2103,Exceeds,5,06-Sep-22,Technical Skills,Internal,Incomplete,3,958.29
2104,Exceeds,2,14-Oct-22,Technical Skills,External,Completed,5,200.34
2105,Needs Improvement,4,10-Nov-22,Technical Skills,External,Completed,3,365.03
2106,Exceeds,2,15-Jul-23,Customer Service,Internal,Passed,4,782.43
2107,Exceeds,1,05-Mar-23,Communication Skills,External,Passed,1,668.91
2108,Needs Improvement,2,05-Sep-22,Customer Service,Internal,Completed,5,804.37
2109,Exceeds,5,18-Apr-23,Project Management,External,Failed,3,869.94
2110,Exceeds,4,30-Dec-22,Communication Skills,Internal,Passed,4,399.55
2111,Needs Improvement,5,17-Nov-22,Customer Service,Internal,Passed,4,470.24
2112,Exceeds,4,17-Sep-22,Customer Service,External,Failed,2,157.04
2113,Exceeds,2,18-Aug-22,Project Management,Internal,Passed,2,394.54
2114,Exceeds,4,26-Feb-23,Communication Skills,External,Completed,2,326.98
2115,Exceeds,2,24-Sep-22,Leadership Development,Internal,Incomplete,5,752.82
2116,Needs Improvement,4,26-Aug-22,Leadership Development,Internal,Completed,2,990.89
2117,Exceeds,2,27-May-23,Customer Service,External,Incomplete,4,531.69
2118,Exceeds,5,21-Apr-23,Leadership Development,Internal,Completed,3,384.28
2119,Exceeds,5,15-Jul-23,Technical Skills,External,Passed,5,803.08
2120,Needs Improvement,2,22-May-23,Project Management,External,Incomplete,1,131.78
2121,Exceeds,5,31-Dec-22,Project Management,Internal,Passed,2,459.39
2122,Needs Improvement,5,02-Jan-23,Technical Skills,External,Passed,1,949.46
2123,Exceeds,2,23-Sep-22,Project Management,External,Failed,4,169.71
2124,Exceeds,2,26-Apr-23,Leadership Development,Internal,Completed,2,238.23
2125,Exceeds,4,19-Aug-22,Communication Skills,External,Incomplete,2,486.63
2126,PIP,1,24-Jan-23,Communication Skills,External,Failed,2,692.5
2127,Needs Improvement,4,03-Apr-23,Leadership Development,Internal,Passed,5,119.71
2128,Needs Improvement,2,22-Dec-22,Project Management,External,Passed,2,168.47
2129,Needs Improvement,2,03-Mar-23,Communication Skills,External,Incomplete,4,951.82
2130,Needs Improvement,1,21-Nov-22,Project Management,Internal,Completed,4,444.22
2131,Needs Improvement,4,21-Jan-23,Project Management,Internal,Passed,5,591.83
2132,Needs Improvement,2,15-Sep-22,Communication Skills,Internal,Passed,5,936.77
2133,PIP,1,16-Mar-23,Technical Skills,External,Passed,4,797.13
2134,Exceeds,2,20-Oct-22,Technical Skills,Internal,Completed,1,420.72
2135,Exceeds,2,21-Nov-22,Technical Skills,Internal,Completed,5,218.13
2136,Exceeds,1,28-Nov-22,Communication Skills,Internal,Incomplete,1,659.25
2138,Exceeds,2,17-Aug-22,Project Management,Internal,Completed,3,282.21
2139,Exceeds,2,21-May-23,Technical Skills,Internal,Passed,2,935.49
2140,Exceeds,2,27-Apr-23,Project Management,External,Completed,3,264.84
2141,Exceeds,2,07-Jun-23,Customer Service,Internal,Completed,1,619.72
2142,Exceeds,2,11-Jan-23,Leadership Development,Internal,Failed,3,248.83
2144,Exceeds,2,26-Jan-23,Communication Skills,Internal,Completed,4,474.09
2145,Exceeds,1,05-Dec-22,Project Management,External,Failed,4,251.83
2146,Exceeds,2,09-Mar-23,Leadership Development,External,Completed,1,386.89
2147,Exceeds,4,25-Jan-23,Technical Skills,External,Passed,3,535.19
2148,Exceeds,5,16-Apr-23,Communication Skills,Internal,Passed,1,409.66
2149,Exceeds,5,08-May-23,Technical Skills,Internal,Failed,2,747.63
2150,Exceeds,5,03-Aug-23,Project Management,External,Incomplete,3,794.12
2151,Exceeds,1,10-Mar-23,Leadership Development,External,Failed,3,845.94
2152,Exceeds,2,15-Oct-22,Communication Skills,External,Completed,4,606.89
2153,Exceeds,4,24-Feb-23,Customer Service,Internal,Completed,2,190.07
2154,Exceeds,4,11-Mar-23,Project Management,External,Failed,4,795.38
2155,Exceeds,4,21-Mar-23,Customer Service,Internal,Passed,1,972.82
2156,Exceeds,3,19-Jan-23,Customer Service,Internal,Failed,2,763.44
2157,Exceeds,4,02-Oct-22,Leadership Development,Internal,Incomplete,1,152.69
2158,Exceeds,3,06-Apr-23,Communication Skills,External,Failed,1,989.3
2159,Exceeds,5,24-Jan-23,Customer Service,External,Completed,3,833.52
2160,Exceeds,3,16-Jun-23,Customer Service,Internal,Completed,5,329.65
2161,Exceeds,3,29-Sep-22,Communication Skills,Internal,Completed,1,443.04
2162,Exceeds,3,03-Jun-23,Project Management,External,Incomplete,5,136.81
2163,Exceeds,1,19-Jan-23,Communication Skills,Internal,Failed,3,665.2
2164,Exceeds,3,11-Jun-23,Technical Skills,Internal,Incomplete,2,978.55
2165,Exceeds,3,23-Jul-23,Project Management,External,Failed,4,652.57
2166,Exceeds,3,02-Oct-22,Technical Skills,External,Passed,2,953.59
2168,Exceeds,3,01-Aug-23,Customer Service,Internal,Incomplete,2,851.51
2169,Exceeds,3,17-Mar-23,Customer Service,External,Failed,1,200.13
2170,Exceeds,3,14-Mar-23,Leadership Development,External,Completed,2,347.4
2171,Exceeds,3,19-Jun-23,Communication Skills,External,Passed,3,243.07
2172,Exceeds,3,23-Jun-23,Project Management,External,Incomplete,2,198.08
2173,Exceeds,3,18-Apr-23,Technical Skills,External,Completed,5,372.55
2174,Exceeds,3,13-Nov-22,Technical Skills,External,Incomplete,2,446.22
2175,Exceeds,2,22-Feb-23,Communication Skills,External,Completed,2,512.6
2176,Exceeds,2,19-Apr-23,Communication Skills,External,Completed,5,357.52
2177,PIP,4,07-Jul-23,Customer Service,External,Passed,4,616.66
2178,PIP,4,08-May-23,Communication Skills,Internal,Completed,5,368.55
2179,PIP,4,08-Sep-22,Leadership Development,External,Passed,4,937.57
2180,PIP,5,05-Feb-23,Technical Skills,External,Incomplete,4,706.08
2181,PIP,5,28-Jun-23,Communication Skills,Internal,Incomplete,2,542.94
2182,Exceeds,4,22-Jul-23,Communication Skills,External,Completed,2,105.18
2183,Exceeds,5,23-Apr-23,Communication Skills,External,Completed,3,287.3
2184,Exceeds,2,25-Sep-22,Communication Skills,External,Failed,3,661.36
2185,Exceeds,5,01-Aug-23,Customer Service,Internal,Incomplete,5,220.95
2186,Exceeds,1,21-Sep-22,Leadership Development,External,Failed,5,747.61
2187,Exceeds,5,07-Jun-23,Communication Skills,Internal,Completed,1,575.77
2188,Exceeds,2,17-Jun-23,Leadership Development,Internal,Incomplete,2,754.8
2189,Needs Improvement,5,28-Nov-22,Customer Service,External,Passed,2,585.65
2190,Needs Improvement,5,29-Apr-23,Technical Skills,Internal,Completed,2,623.98
2191,Needs Improvement,5,13-May-23,Communication Skills,Internal,Failed,3,774.02
2192,Needs Improvement,1,02-Oct-22,Leadership Development,External,Completed,4,866.14
2193,Needs Improvement,4,16-Jul-23,Technical Skills,External,Incomplete,2,704.42
2194,Needs Improvement,2,08-Mar-23,Customer Service,External,Incomplete,5,164.41
2195,Needs Improvement,2,08-May-23,Project Management,External,Failed,3,559.87
2196,Needs Improvement,5,10-Dec-22,Technical Skills,External,Completed,2,572.11
2197,Needs Improvement,4,17-Mar-23,Technical Skills,External,Passed,2,724.83
2198,Exceeds,1,14-Aug-22,Leadership Development,Internal,Failed,5,198.35
2199,Exceeds,4,19-Jun-23,Project Management,External,Passed,3,142.7
2200,Exceeds,4,29-Mar-23,Project Management,External,Incomplete,2,910.99
2201,Exceeds,2,15-Mar-23,Leadership Development,Internal,Completed,4,863.83
2202,Exceeds,4,08-Sep-22,Customer Service,Internal,Completed,4,606.57
2203,Exceeds,1,14-Dec-22,Technical Skills,External,Incomplete,2,333.27
2204,Needs Improvement,2,27-Nov-22,Customer Service,Internal,Passed,3,284.05
2205,Needs Improvement,4,23-Jun-23,Leadership Development,Internal,Incomplete,1,271.69
2206,Needs Improvement,5,16-Sep-22,Technical Skills,Internal,Completed,3,274.22
2207,Needs Improvement,5,26-Jun-23,Project Management,External,Incomplete,1,448.93
2208,Needs Improvement,5,02-Sep-22,Technical Skills,Internal,Incomplete,3,907.13
2209,Needs Improvement,5,02-Nov-22,Technical Skills,External,Completed,3,545.69
2210,Exceeds,4,17-Jul-23,Technical Skills,Internal,Completed,5,220.14
2211,Exceeds,5,21-Nov-22,Leadership Development,External,Completed,3,906.62
2212,Exceeds,1,19-Jul-23,Technical Skills,Internal,Incomplete,1,160.81
2213,Exceeds,5,09-Apr-23,Technical Skills,Internal,Passed,1,196.03
2214,Exceeds,4,16-Mar-23,Leadership Development,Internal,Passed,4,973.62
2215,Exceeds,1,30-Sep-22,Customer Service,External,Failed,3,227.0
2216,Exceeds,1,25-Dec-22,Customer Service,External,Incomplete,4,587.29
2217,Exceeds,4,23-Mar-23,Communication Skills,External,Failed,1,315.39
2218,Exceeds,4,27-Dec-22,Technical Skills,Internal,Incomplete,5,222.99
2219,Exceeds,5,03-Jan-23,Technical Skills,External,Failed,5,401.35
2220,Exceeds,4,02-Jun-23,Leadership Development,External,Completed,4,938.01
2221,Exceeds,4,07-Aug-22,Technical Skills,Internal,Incomplete,1,737.04
2222,Exceeds,4,04-Jun-23,Project Management,External,Failed,3,303.01
2223,Exceeds,2,07-Apr-23,Communication Skills,External,Completed,2,905.55
2224,Exceeds,4,23-Sep-22,Customer Service,Internal,Failed,2,914.52
2225,Exceeds,2,09-Dec-22,Project Management,External,Passed,3,789.98
2226,Exceeds,1,10-Sep-22,Project Management,Internal,Completed,3,125.06
2227,Needs Improvement,5,28-Apr-23,Project Management,Internal,Passed,2,894.09
2228,PIP,4,21-Feb-23,Technical Skills,External,Passed,3,713.03
2229,PIP,4,28-Jan-23,Communication Skills,Internal,Incomplete,5,897.51
2230,Fully Meets,2,03-Aug-23,Project Management,External,Passed,3,634.34
2231,Fully Meets,2,20-Apr-23,Technical Skills,Internal,Failed,3,352.54
2232,Fully Meets,5,23-Mar-23,Customer Service,External,Completed,4,128.25
2233,Fully Meets,1,13-Jun-23,Customer Service,Internal,Passed,1,893.71
2234,Fully Meets,2,04-Feb-23,Communication Skills,External,Completed,3,693.52
2235,Fully Meets,1,09-Mar-23,Customer Service,Internal,Failed,1,162.62
2236,Fully Meets,1,13-Jul-23,Customer Service,External,Passed,2,144.74
2237,Fully Meets,2,10-May-23,Leadership Development,External,Completed,3,240.77
2238,Fully Meets,2,14-Apr-23,Communication Skills,External,Completed,5,905.56
2239,Fully Meets,5,11-Apr-23,Technical Skills,Internal,Passed,4,273.84
2240,Fully Meets,2,17-Mar-23,Communication Skills,Internal,Incomplete,4,980.41
2241,Fully Meets,2,26-Jan-23,Communication Skills,External,Failed,5,834.95
2242,Fully Meets,4,17-Dec-22,Project Management,External,Failed,1,627.11
2243,Fully Meets,4,30-Dec-22,Leadership Development,External,Passed,4,242.22
2244,Fully Meets,4,14-Dec-22,Leadership Development,Internal,Passed,2,804.01
2245,Fully Meets,5,04-Apr-23,Project Management,Internal,Incomplete,1,968.2
2246,Fully Meets,4,10-Feb-23,Project Management,Internal,Completed,2,364.36
2247,Fully Meets,2,19-Apr-23,Communication Skills,External,Incomplete,3,803.16
2248,Fully Meets,2,29-Mar-23,Leadership Development,External,Incomplete,2,571.12
2249,Fully Meets,4,06-Jul-23,Customer Service,External,Failed,2,705.36
2250,Fully Meets,5,08-Apr-23,Communication Skills,Internal,Failed,5,565.78
2251,Fully Meets,2,19-Nov-22,Technical Skills,External,Incomplete,5,593.14
2252,Fully Meets,4,10-Dec-22,Communication Skills,Internal,Completed,1,648.23
2253,Fully Meets,1,07-Jan-23,Communication Skills,External,Incomplete,1,426.97
2254,Fully Meets,2,20-Nov-22,Project Management,Internal,Failed,4,267.76
2255,Fully Meets,2,05-Feb-23,Customer Service,Internal,Completed,1,357.69
2256,Fully Meets,5,13-Jan-23,Leadership Development,Internal,Completed,1,312.42
2257,Fully Meets,2,25-Mar-23,Customer Service,External,Incomplete,2,456.3
2258,Fully Meets,2,03-Jul-23,Technical Skills,Internal,Failed,2,675.95
2259,Fully Meets,1,03-May-23,Communication Skills,External,Failed,3,754.61
2260,Fully Meets,1,23-Aug-22,Customer Service,Internal,Incomplete,2,377.64
2261,Fully Meets,2,04-Jun-23,Project Management,External,Failed,3,647.41
2262,Fully Meets,2,29-May-23,Communication Skills,External,Incomplete,3,122.43
2263,Fully Meets,2,05-Oct-22,Project Management,Internal,Incomplete,5,662.94
2264,Fully Meets,5,06-May-23,Communication Skills,External,Failed,3,465.3
2265,Fully Meets,1,23-Nov-22,Customer Service,Internal,Failed,4,680.88
2266,Fully Meets,5,23-Oct-22,Leadership Development,External,Completed,5,898.01
2267,Fully Meets,4,11-Nov-22,Technical Skills,Internal,Passed,1,518.79
2268,Fully Meets,2,26-Nov-22,Communication Skills,Internal,Failed,2,677.84
2269,Fully Meets,1,09-Dec-22,Technical Skills,Internal,Incomplete,1,109.33
2270,Fully Meets,4,11-May-23,Technical Skills,Internal,Passed,2,781.35
2271,Fully Meets,2,02-Feb-23,Customer Service,Internal,Failed,4,632.57
2272,Fully Meets,2,15-Apr-23,Communication Skills,Internal,Passed,5,233.42
2273,Fully Meets,4,01-Apr-23,Leadership Development,External,Passed,4,301.15
2274,Fully Meets,4,03-Jun-23,Customer Service,External,Failed,2,255.54
2275,Fully Meets,2,05-Mar-23,Technical Skills,External,Incomplete,5,138.4
2276,Fully Meets,1,17-May-23,Customer Service,External,Completed,3,851.87
2277,Fully Meets,5,22-Dec-22,Communication Skills,Internal,Completed,3,592.23
2278,Fully Meets,4,05-Mar-23,Leadership Development,External,Completed,4,544.43
2279,Fully Meets,1,23-Mar-23,Technical Skills,External,Passed,4,230.57
2280,Fully Meets,4,05-Apr-23,Customer Service,External,Passed,3,493.98
2281,Fully Meets,4,29-Nov-22,Technical Skills,Internal,Failed,4,761.7
2282,Fully Meets,4,20-Oct-22,Leadership Development,External,Incomplete,5,454.55
2283,Fully Meets,4,23-Apr-23,Leadership Development,External,Failed,1,183.88
2284,Fully Meets,2,09-Jul-23,Technical Skills,External,Passed,3,839.16
2285,Fully Meets,5,02-Dec-22,Customer Service,Internal,Completed,4,679.57
2286,Fully Meets,2,27-Sep-22,Project Management,External,Failed,5,107.64
2287,Fully Meets,2,29-Mar-23,Communication Skills,Internal,Passed,4,560.64
2288,Fully Meets,5,25-Sep-22,Communication Skills,Internal,Failed,2,187.85
2289,Fully Meets,4,14-Jun-23,Technical Skills,External,Completed,3,353.58
2290,Fully Meets,2,23-Apr-23,Communication Skills,Internal,Failed,4,575.55
2291,Fully Meets,4,01-Jul-23,Project Management,Internal,Incomplete,5,973.53
2292,Fully Meets,2,11-Mar-23,Communication Skills,External,Completed,3,894.38
2293,Fully Meets,2,17-Apr-23,Project Management,Internal,Failed,1,510.67
2294,Fully Meets,4,09-Apr-23,Communication Skills,External,Failed,1,261.17
2295,Fully Meets,5,12-Nov-22,Communication Skills,Internal,Passed,5,448.38
2296,Fully Meets,1,09-Nov-22,Technical Skills,Internal,Passed,4,808.77
2297,Fully Meets,2,28-Dec-22,Leadership Development,Internal,Completed,5,691.71
2298,Fully Meets,4,02-Mar-23,Communication Skills,External,Failed,1,145.08
2299,Fully Meets,2,13-Apr-23,Customer Service,External,Failed,4,922.03
2300,Fully Meets,5,27-Sep-22,Customer Service,External,Completed,2,668.1
2301,Fully Meets,1,27-Feb-23,Technical Skills,Internal,Incomplete,4,475.03
2302,Fully Meets,4,11-Mar-23,Project Management,Internal,Passed,2,173.45
2303,Fully Meets,5,13-Jan-23,Customer Service,External,Passed,2,813.39
2304,Fully Meets,2,19-Oct-22,Customer Service,Internal,Passed,5,759.9
2305,Fully Meets,2,24-Apr-23,Communication Skills,External,Incomplete,2,933.39
2306,Fully Meets,1,28-Feb-23,Communication Skills,External,Failed,2,217.33
2307,Fully Meets,2,21-May-23,Customer Service,Internal,Passed,2,856.15
2308,Fully Meets,5,08-Sep-22,Communication Skills,Internal,Completed,4,751.86
2309,Fully Meets,2,20-Jul-23,Communication Skills,Internal,Incomplete,1,309.24
2310,Fully Meets,5,27-Dec-22,Leadership Development,Internal,Incomplete,4,581.95
2311,Fully Meets,2,04-Apr-23,Leadership Development,External,Passed,5,616.43
2312,Fully Meets,4,06-Jan-23,Leadership Development,Internal,Completed,3,623.75
2313,Fully Meets,2,04-Feb-23,Project Management,External,Passed,1,802.99
2314,Fully Meets,1,18-Nov-22,Communication Skills,External,Failed,1,725.98
2315,Fully Meets,4,05-Dec-22,Customer Service,External,Incomplete,1,252.59
2316,Fully Meets,2,23-May-23,Communication Skills,Internal,Failed,1,731.84
2317,Fully Meets,1,09-Feb-23,Customer Service,External,Failed,1,787.01
2318,Fully Meets,2,22-Jun-23,Communication Skills,External,Incomplete,2,303.8
2319,Fully Meets,5,21-Dec-22,Customer Service,Internal,Passed,3,832.15
2320,Fully Meets,4,25-Jul-23,Communication Skills,External,Incomplete,5,509.71
2321,Fully Meets,2,06-Sep-22,Communication Skills,Internal,Incomplete,3,781.95
2322,Fully Meets,5,04-Mar-23,Communication Skills,Internal,Completed,3,178.4
2323,Fully Meets,5,30-Dec-22,Project Management,External,Incomplete,3,964.4
2324,Fully Meets,4,29-Apr-23,Communication Skills,External,Incomplete,1,299.75
2325,Fully Meets,1,04-Jan-23,Project Management,Internal,Completed,2,745.68
2326,Fully Meets,2,06-Jan-23,Customer Service,External,Completed,5,263.21
2327,Fully Meets,4,20-Oct-22,Customer Service,External,Incomplete,1,802.98
2328,Fully Meets,4,01-Mar-23,Communication Skills,Internal,Passed,3,960.9
2329,Fully Meets,2,21-Jan-23,Leadership Development,External,Incomplete,2,209.86
2330,Fully Meets,2,21-Mar-23,Customer Service,Internal,Passed,2,942.81
2331,Fully Meets,1,16-Jan-23,Technical Skills,Internal,Failed,3,108.2
2332,Fully Meets,4,29-Nov-22,Communication Skills,Internal,Completed,3,144.68
2333,Fully Meets,1,01-Apr-23,Technical Skills,Internal,Failed,4,769.76
2334,Fully Meets,4,21-Mar-23,Project Management,Internal,Failed,5,860.16
2335,Fully Meets,4,01-Sep-22,Communication Skills,Internal,Completed,4,957.24
2336,Fully Meets,4,06-Feb-23,Communication Skills,External,Completed,3,301.03
2337,Fully Meets,4,15-Jul-23,Project Management,Internal,Incomplete,2,366.82
2338,Fully Meets,4,18-Jun-23,Customer Service,External,Completed,2,819.8
2339,Fully Meets,1,02-Dec-22,Leadership Development,Internal,Failed,5,369.94
2340,Fully Meets,5,05-May-23,Project Management,External,Failed,1,811.91
2341,Fully Meets,2,06-Apr-23,Communication Skills,Internal,Failed,2,121.05
2342,Fully Meets,5,30-May-23,Communication Skills,Internal,Completed,1,704.53
2343,Fully Meets,4,31-May-23,Customer Service,Internal,Completed,5,959.22
2344,Fully Meets,1,13-Mar-23,Technical Skills,External,Completed,2,967.05
2345,Fully Meets,2,09-Oct-22,Project Management,External,Incomplete,3,379.57
2346,Fully Meets,4,02-Oct-22,Customer Service,External,Completed,3,811.14
2347,Fully Meets,1,14-Dec-22,Communication Skills,Internal,Passed,1,780.53
2348,Fully Meets,1,13-Apr-23,Technical Skills,Internal,Passed,1,927.52
2349,Fully Meets,4,22-Apr-23,Communication Skills,Internal,Completed,2,317.31
2350,Fully Meets,2,09-Mar-23,Leadership Development,Internal,Failed,3,858.34
2351,Fully Meets,4,11-Mar-23,Communication Skills,Internal,Incomplete,4,173.96
2352,Fully Meets,2,11-Sep-22,Communication Skills,External,Completed,4,889.07
2353,Fully Meets,2,18-Jul-23,Technical Skills,Internal,Failed,3,198.56
2354,Fully Meets,2,13-Jun-23,Communication Skills,External,Completed,5,572.14
2355,Fully Meets,1,16-Jul-23,Customer Service,External,Failed,3,945.93
2356,Fully Meets,4,25-May-23,Technical Skills,External,Passed,4,668.66
2357,Fully Meets,1,17-May-23,Leadership Development,Internal,Failed,3,483.49
2358,Fully Meets,4,14-Apr-23,Project Management,External,Incomplete,3,164.22
2359,Fully Meets,2,30-May-23,Technical Skills,External,Failed,3,850.73
2360,Fully Meets,1,13-Oct-22,Project Management,Internal,Passed,1,400.62
2361,Fully Meets,2,08-Sep-22,Customer Service,External,Failed,4,148.29
2362,Fully Meets,2,06-Feb-23,Project Management,Internal,Incomplete,3,543.65
2363,Fully Meets,2,04-Feb-23,Communication Skills,External,Incomplete,3,282.26
2364,Fully Meets,5,04-Dec-22,Project Management,External,Completed,3,123.81
2365,Fully Meets,1,11-Aug-22,Communication Skills,External,Passed,5,355.8
2366,Fully Meets,2,16-Aug-22,Project Management,Internal,Incomplete,3,184.59
2367,Fully Meets,5,27-Apr-23,Project Management,Internal,Completed,3,249.77
2368,Fully Meets,1,30-Mar-23,Technical Skills,External,Completed,4,285.54
2369,Fully Meets,5,26-Jul-23,Leadership Development,External,Failed,5,711.15
2370,Fully Meets,5,07-Jun-23,Leadership Development,External,Incomplete,3,644.97
2371,Fully Meets,1,19-Apr-23,Customer Service,Internal,Passed,4,133.56
2372,Fully Meets,2,27-Jan-23,Leadership Development,Internal,Completed,2,784.93
2373,Fully Meets,2,16-Feb-23,Project Management,External,Completed,4,801.63
2374,Fully Meets,2,01-May-23,Customer Service,External,Incomplete,2,650.48
2375,Fully Meets,1,20-Nov-22,Project Management,External,Failed,5,770.33
2376,Fully Meets,4,26-Apr-23,Communication Skills,Internal,Completed,5,755.69
2377,Fully Meets,4,25-Dec-22,Leadership Development,External,Failed,1,921.26
2378,Fully Meets,2,07-Apr-23,Leadership Development,Internal,Passed,3,751.79
2379,Fully Meets,2,24-Aug-22,Communication Skills,External,Completed,4,146.18
2380,Fully Meets,2,03-Nov-22,Customer Service,Internal,Completed,5,910.96
2381,Fully Meets,2,27-Jan-23,Technical Skills,External,Passed,1,404.78
2382,Fully Meets,1,01-Aug-23,Project Management,Internal,Completed,1,751.78
2383,Fully Meets,4,09-Aug-22,Customer Service,External,Incomplete,1,374.73
2384,Fully Meets,5,03-Oct-22,Communication Skills,Internal,Failed,3,166.1
2385,Fully Meets,2,31-Mar-23,Technical Skills,Internal,Incomplete,1,574.91
2386,Fully Meets,1,28-Sep-22,Customer Service,External,Failed,3,390.96
2387,Fully Meets,1,05-Mar-23,Communication Skills,Internal,Failed,2,459.27
2388,Fully Meets,2,30-Jun-23,Project Management,Internal,Completed,4,949.32
2389,Fully Meets,2,28-Jul-23,Technical Skills,Internal,Completed,1,718.39
2390,Fully Meets,1,19-Jul-23,Customer Service,External,Completed,5,923.06
2391,Fully Meets,1,10-Dec-22,Technical Skills,External,Failed,3,363.35
2392,Fully Meets,1,17-Dec-22,Customer Service,External,Failed,5,652.9
2393,Fully Meets,5,27-Feb-23,Project Management,External,Completed,5,803.82
2394,Fully Meets,2,22-Sep-22,Customer Service,Internal,Completed,1,661.88
2395,Fully Meets,1,29-Mar-23,Customer Service,External,Completed,5,337.08
2396,Fully Meets,1,22-Nov-22,Project Management,External,Completed,5,887.46
2397,Fully Meets,2,10-Nov-22,Project Management,External,Completed,5,514.94
2398,Fully Meets,5,13-Dec-22,Technical Skills,External,Incomplete,3,304.35
2399,Fully Meets,4,15-Mar-23,Customer Service,External,Passed,1,329.83
2400,Fully Meets,2,23-Jul-23,Communication Skills,External,Completed,4,872.57
2401,Fully Meets,5,01-Nov-22,Customer Service,Internal,Failed,4,935.2
2402,Fully Meets,2,18-Feb-23,Communication Skills,External,Failed,1,478.73
2403,Fully Meets,4,25-Aug-22,Technical Skills,External,Failed,5,766.04
2404,Fully Meets,2,21-Apr-23,Project Management,External,Failed,3,561.63
2405,Fully Meets,4,19-Mar-23,Technical Skills,External,Completed,1,722.5
2406,Fully Meets,1,19-May-23,Communication Skills,Internal,Failed,1,100.04
2407,Fully Meets,4,15-Nov-22,Project Management,Internal,Completed,2,545.35
2408,Fully Meets,5,04-Sep-22,Project Management,Internal,Failed,1,968.87
2409,Fully Meets,4,07-Apr-23,Customer Service,External,Passed,1,949.78
2410,Fully Meets,2,24-Sep-22,Technical Skills,External,Failed,3,341.65
2411,Fully Meets,2,27-Feb-23,Project Management,External,Failed,4,798.7
2412,Fully Meets,2,21-Jan-23,Project Management,Internal,Passed,5,859.0
2413,Fully Meets,4,01-Sep-22,Communication Skills,External,Failed,1,193.51
2414,Fully Meets,2,01-Sep-22,Technical Skills,External,Failed,5,506.08
2415,Fully Meets,4,18-Aug-22,Customer Service,Internal,Failed,4,938.18
2416,Fully Meets,2,06-May-23,Communication Skills,Internal,Failed,2,344.8
2417,Fully Meets,4,31-Oct-22,Communication Skills,External,Passed,4,587.29
2418,Fully Meets,1,27-Jan-23,Technical Skills,External,Failed,5,966.19
2419,Fully Meets,2,05-Jul-23,Project Management,External,Completed,4,433.85
2420,Fully Meets,5,29-Jan-23,Project Management,Internal,Passed,3,684.64
2421,Fully Meets,2,08-Jul-23,Customer Service,Internal,Completed,3,442.48
2422,Fully Meets,2,29-Aug-22,Leadership Development,External,Failed,1,400.73
2423,Fully Meets,1,15-Jun-23,Technical Skills,Internal,Failed,5,523.75
2424,Fully Meets,2,18-Oct-22,Customer Service,Internal,Failed,1,292.85
2425,Fully Meets,2,23-Apr-23,Technical Skills,External,Failed,3,136.76
2426,Fully Meets,2,21-Nov-22,Leadership Development,External,Incomplete,4,107.48
2427,Fully Meets,5,27-Jan-23,Communication Skills,Internal,Passed,2,528.76
2428,Fully Meets,4,13-Jul-23,Customer Service,External,Passed,4,549.8
2429,Fully Meets,4,09-Dec-22,Communication Skills,External,Completed,5,308.1
2430,Fully Meets,2,26-May-23,Technical Skills,External,Passed,2,622.08
2431,Fully Meets,4,17-Mar-23,Customer Service,External,Incomplete,3,730.23
2432,Fully Meets,2,17-Aug-22,Customer Service,External,Failed,1,353.71
2433,Fully Meets,1,20-Apr-23,Technical Skills,Internal,Completed,4,580.82
2434,Fully Meets,5,06-Sep-22,Leadership Development,External,Failed,4,810.59
2435,Fully Meets,2,26-Mar-23,Communication Skills,Internal,Incomplete,5,150.58
2436,Fully Meets,4,09-May-23,Project Management,External,Failed,5,985.02
2437,Fully Meets,2,02-May-23,Customer Service,External,Completed,2,669.99
2438,Fully Meets,5,14-Nov-22,Customer Service,External,Failed,1,101.26
2439,Fully Meets,5,29-Oct-22,Project Management,External,Failed,4,816.24
2440,Fully Meets,1,24-Nov-22,Communication Skills,Internal,Failed,4,809.02
2441,Fully Meets,2,17-Oct-22,Project Management,External,Passed,5,559.08
2442,Fully Meets,1,18-Jan-23,Communication Skills,Internal,Failed,2,688.8
2443,Fully Meets,1,30-Dec-22,Project Management,External,Completed,5,300.21
2444,Fully Meets,4,03-Nov-22,Project Management,External,Completed,1,851.57
2445,Fully Meets,2,11-May-23,Leadership Development,External,Failed,1,833.89
2446,Fully Meets,5,19-Jun-23,Communication Skills,External,Passed,1,129.32
2447,Fully Meets,4,21-Aug-22,Technical Skills,Internal,Completed,1,505.6
2448,Fully Meets,4,29-Sep-22,Customer Service,Internal,Passed,5,633.54
2449,Fully Meets,4,18-Jan-23,Project Management,External,Passed,4,485.29
2450,Fully Meets,1,18-Jan-23,Project Management,Internal,Completed,5,302.62
2451,Fully Meets,5,31-Jul-23,Communication Skills,External,Incomplete,1,510.72
2452,Fully Meets,2,29-Jun-23,Communication Skills,Internal,Incomplete,3,241.25
2453,Fully Meets,1,28-Nov-22,Technical Skills,External,Incomplete,3,285.55
2454,Fully Meets,5,06-Oct-22,Leadership Development,Internal,Completed,1,524.51
2455,Fully Meets,2,08-Jun-23,Customer Service,External,Completed,4,218.61
2456,Fully Meets,5,22-Aug-22,Customer Service,External,Failed,2,263.3
2457,Fully Meets,2,19-May-23,Technical Skills,Internal,Incomplete,5,423.81
2458,Fully Meets,2,20-May-23,Customer Service,Internal,Failed,5,912.62
2459,Fully Meets,4,27-Nov-22,Project Management,External,Failed,4,973.11
2460,Fully Meets,2,25-Nov-22,Communication Skills,External,Passed,5,637.58
2461,Fully Meets,5,13-Jul-23,Communication Skills,External,Completed,2,103.04
2462,Fully Meets,2,05-Feb-23,Customer Service,External,Completed,3,758.62
2463,Fully Meets,4,02-Jun-23,Leadership Development,Internal,Passed,3,792.67
2464,Fully Meets,2,14-Jul-23,Leadership Development,External,Passed,1,795.5
2465,Fully Meets,2,22-Jul-23,Project Management,Internal,Incomplete,3,475.26
2466,Fully Meets,2,04-Nov-22,Customer Service,External,Failed,3,652.89
2467,Fully Meets,5,08-Mar-23,Customer Service,External,Passed,1,832.16
2468,Fully Meets,5,24-Feb-23,Communication Skills,Internal,Passed,3,629.25
2469,Fully Meets,4,15-Sep-22,Project Management,External,Completed,5,780.71
2470,Fully Meets,5,05-Apr-23,Communication Skills,Internal,Completed,2,999.0
2471,Fully Meets,2,06-Aug-22,Leadership Development,External,Passed,3,489.29
2472,Fully Meets,2,28-Apr-23,Project Management,External,Failed,1,942.75
2473,Fully Meets,4,02-Nov-22,Leadership Development,Internal,Completed,5,938.63
2474,Fully Meets,4,18-Nov-22,Project Management,Internal,Completed,5,543.64
2475,Fully Meets,4,30-Nov-22,Leadership Development,Internal,Failed,2,117.83
2476,Fully Meets,2,29-Jun-23,Technical Skills,External,Completed,3,350.21
2477,Fully Meets,2,26-Oct-22,Leadership Development,Internal,Passed,4,961.47
2478,Fully Meets,5,26-Sep-22,Customer Service,Internal,Passed,4,548.18
2479,Fully Meets,4,18-Jun-23,Technical Skills,Internal,Passed,2,439.17
2480,Fully Meets,2,11-Jan-23,Customer Service,External,Passed,1,610.88
2481,Fully Meets,1,11-Nov-22,Technical Skills,External,Incomplete,4,994.03
2482,Fully Meets,4,23-May-23,Customer Service,External,Incomplete,4,688.55
2483,Fully Meets,2,22-Oct-22,Communication Skills,Internal,Failed,4,889.91
2484,Fully Meets,4,03-Apr-23,Communication Skills,External,Failed,3,163.61
2485,Fully Meets,4,30-Aug-22,Communication Skills,Internal,Completed,2,642.68
2486,Fully Meets,5,11-May-23,Technical Skills,Internal,Passed,4,703.29
2487,Fully Meets,4,26-Nov-22,Technical Skills,Internal,Failed,4,102.96
2488,Fully Meets,1,03-Dec-22,Customer Service,External,Completed,5,278.96
2489,Fully Meets,5,30-Mar-23,Communication Skills,Internal,Incomplete,4,168.1
2490,Fully Meets,4,04-Jun-23,Leadership Development,Internal,Incomplete,1,886.63
2491,Fully Meets,1,27-Jun-23,Customer Service,External,Incomplete,5,721.79
2492,Fully Meets,2,14-Nov-22,Leadership Development,External,Completed,4,765.32
2493,Fully Meets,4,07-Jan-23,Communication Skills,Internal,Completed,2,443.46
2494,Fully Meets,4,06-Nov-22,Customer Service,Internal,Incomplete,2,203.97
2495,Fully Meets,1,27-Aug-22,Project Management,Internal,Incomplete,3,180.44
2496,Fully Meets,2,12-Feb-23,Technical Skills,Internal,Passed,3,647.25
2497,Fully Meets,4,07-Sep-22,Customer Service,Internal,Passed,4,833.99
2498,Fully Meets,4,30-Nov-22,Project Management,Internal,Incomplete,4,825.58
2499,Fully Meets,4,12-Oct-22,Project Management,Internal,Failed,2,190.49
2500,Fully Meets,2,08-Jul-23,Project Management,Internal,Completed,3,961.33
2501,Fully Meets,2,20-Sep-22,Communication Skills,Internal,Completed,2,608.46
2502,Fully Meets,2,08-Aug-22,Technical Skills,Internal,Passed,3,971.57
2503,Fully Meets,5,14-May-23,Technical Skills,External,Incomplete,3,354.28
2504,Fully Meets,4,02-Sep-22,Communication Skills,Internal,Failed,5,108.02
2505,Fully Meets,1,23-Nov-22,Communication Skills,External,Completed,5,508.85
2506,Fully Meets,5,13-Feb-23,Communication Skills,Internal,Passed,3,811.4
2507,Fully Meets,5,06-Dec-22,Technical Skills,External,Incomplete,2,680.09
2508,Fully Meets,5,25-Apr-23,Technical Skills,External,Completed,3,133.88
2509,Fully Meets,2,08-Feb-23,Communication Skills,Internal,Completed,1,433.69
2510,Fully Meets,1,22-Aug-22,Customer Service,Internal,Completed,2,580.84
2511,Fully Meets,4,20-Apr-23,Technical Skills,External,Incomplete,4,830.45
2512,Fully Meets,4,19-Feb-23,Communication Skills,External,Failed,5,802.2
2513,Fully Meets,2,05-Dec-22,Communication Skills,Internal,Failed,4,337.06
2514,Fully Meets,1,14-Jun-23,Technical Skills,Internal,Incomplete,3,538.16
2515,Fully Meets,4,19-Jul-23,Technical Skills,Internal,Passed,1,190.1
2516,Fully Meets,5,31-Jan-23,Customer Service,Internal,Completed,1,397.27
2517,Fully Meets,2,01-Apr-23,Technical Skills,Internal,Incomplete,5,826.65
2518,Fully Meets,4,29-Oct-22,Customer Service,Internal,Completed,4,732.18
2519,Fully Meets,4,08-Feb-23,Technical Skills,External,Failed,2,564.38
2520,Fully Meets,1,07-Feb-23,Customer Service,Internal,Incomplete,2,512.02
2521,Fully Meets,1,18-Nov-22,Project Management,Internal,Completed,1,599.41
2522,Fully Meets,4,30-Jun-23,Communication Skills,Internal,Passed,4,839.04
2523,Fully Meets,5,28-Jun-23,Customer Service,External,Incomplete,4,391.4
2524,Fully Meets,1,15-Oct-22,Leadership Development,Internal,Incomplete,1,569.5
2525,Fully Meets,2,24-Apr-23,Leadership Development,External,Incomplete,3,450.81
2526,Fully Meets,1,23-Jun-23,Technical Skills,Internal,Passed,2,265.46
2527,Fully Meets,2,24-Nov-22,Technical Skills,Internal,Passed,2,462.98
2528,Fully Meets,1,25-Jul-23,Communication Skills,Internal,Passed,3,760.34
2529,Fully Meets,2,16-Oct-22,Communication Skills,External,Failed,1,383.84
2530,Fully Meets,2,11-Dec-22,Technical Skills,External,Failed,4,723.57
2531,Fully Meets,2,01-Nov-22,Communication Skills,Internal,Incomplete,1,725.34
2532,Fully Meets,4,18-May-23,Leadership Development,Internal,Incomplete,2,119.48
2533,Fully Meets,1,22-Jul-23,Communication Skills,External,Completed,1,226.93
2534,Fully Meets,1,22-Aug-22,Leadership Development,Internal,Passed,3,739.85
2535,Fully Meets,2,02-Oct-22,Project Management,Internal,Incomplete,2,369.68
2536,Fully Meets,2,26-Aug-22,Leadership Development,External,Completed,1,243.63
2537,Fully Meets,2,19-Mar-23,Project Management,External,Failed,5,475.8
2538,Fully Meets,5,06-Apr-23,Leadership Development,External,Passed,3,418.25
2539,Fully Meets,2,10-Nov-22,Communication Skills,Internal,Passed,4,703.84
2540,Fully Meets,4,12-Oct-22,Project Management,Internal,Failed,2,602.26
2541,Fully Meets,1,11-Aug-22,Communication Skills,Internal,Passed,2,517.83
2542,Fully Meets,4,21-Aug-22,Communication Skills,External,Completed,5,605.99
2543,Fully Meets,2,04-Sep-22,Communication Skills,Internal,Passed,1,100.45
2544,Fully Meets,1,27-Jan-23,Communication Skills,Internal,Completed,2,767.56
2545,Fully Meets,4,27-Jun-23,Leadership Development,Internal,Completed,1,352.45
2546,Fully Meets,4,22-May-23,Customer Service,Internal,Completed,3,463.57
2547,Fully Meets,4,07-Sep-22,Leadership Development,Internal,Completed,4,372.08
2548,Fully Meets,1,14-Jan-23,Project Management,External,Failed,3,670.58
2549,Fully Meets,5,18-Dec-22,Project Management,Internal,Passed,2,399.97
2550,Fully Meets,5,09-Oct-22,Project Management,Internal,Incomplete,5,997.89
2551,Fully Meets,1,02-Aug-23,Communication Skills,Internal,Completed,2,985.0
2552,Fully Meets,5,21-Sep-22,Customer Service,Internal,Completed,5,573.47
2553,Fully Meets,2,03-Oct-22,Project Management,External,Failed,2,414.08
2554,Fully Meets,1,29-Jul-23,Communication Skills,External,Completed,5,889.09
2555,Fully Meets,2,18-Jan-23,Technical Skills,Internal,Passed,3,650.08
2556,Fully Meets,2,19-Aug-22,Customer Service,Internal,Passed,5,283.57
2557,Fully Meets,2,20-Aug-22,Technical Skills,Internal,Completed,1,908.5
2558,Fully Meets,4,07-Nov-22,Technical Skills,Internal,Failed,2,900.85
2559,Fully Meets,1,19-Sep-22,Communication Skills,External,Passed,3,449.84
2560,Fully Meets,4,03-Aug-23,Communication Skills,External,Failed,5,981.9
2561,Fully Meets,2,19-Dec-22,Technical Skills,External,Failed,4,289.37
2562,Fully Meets,4,09-Jul-23,Customer Service,Internal,Failed,1,657.23
2563,Fully Meets,2,03-Aug-23,Customer Service,External,Passed,5,416.37
2564,Fully Meets,1,18-Jul-23,Leadership Development,Internal,Completed,4,624.9
2565,Fully Meets,2,11-Sep-22,Communication Skills,Internal,Passed,2,559.06
2566,Fully Meets,2,29-Jul-23,Project Management,External,Incomplete,5,327.37
2567,Fully Meets,5,24-Oct-22,Communication Skills,Internal,Failed,2,660.4
2568,Fully Meets,4,15-Dec-22,Leadership Development,External,Passed,5,477.46
2569,Fully Meets,2,15-Jan-23,Project Management,Internal,Completed,2,694.21
2570,Fully Meets,4,23-May-23,Customer Service,Internal,Incomplete,2,737.84
2571,Fully Meets,2,15-Aug-22,Technical Skills,Internal,Failed,2,919.95
2572,Fully Meets,4,02-Sep-22,Technical Skills,Internal,Completed,5,797.82
2573,Fully Meets,4,27-Sep-22,Customer Service,Internal,Passed,2,806.47
2574,Fully Meets,2,18-Jul-23,Technical Skills,External,Failed,1,376.59
2575,Fully Meets,4,26-Feb-23,Communication Skills,Internal,Incomplete,2,157.17
2576,Fully Meets,1,23-Feb-23,Leadership Development,External,Incomplete,2,608.82
2577,Fully Meets,2,04-Jul-23,Communication Skills,Internal,Failed,5,928.48
2578,Fully Meets,5,10-Oct-22,Customer Service,External,Incomplete,1,812.01
2579,Fully Meets,2,02-Oct-22,Project Management,External,Incomplete,4,941.61
2580,Fully Meets,2,07-Mar-23,Communication Skills,Internal,Incomplete,1,227.13
2581,Fully Meets,1,13-May-23,Project Management,External,Passed,1,257.4
2582,Fully Meets,1,17-Mar-23,Leadership Development,Internal,Incomplete,2,360.65
2583,Fully Meets,5,25-May-23,Customer Service,External,Completed,5,892.97
2584,Fully Meets,4,16-Mar-23,Technical Skills,Internal,Incomplete,4,746.93
2585,Fully Meets,2,18-Feb-23,Customer Service,External,Incomplete,1,909.6
2586,Fully Meets,4,05-Aug-22,Customer Service,Internal,Completed,5,222.04
2587,Fully Meets,5,27-Jan-23,Project Management,Internal,Failed,3,583.69
2588,Fully Meets,5,09-Jul-23,Communication Skills,Internal,Passed,3,856.44
2589,Fully Meets,5,03-Apr-23,Communication Skills,External,Completed,4,919.1
2590,Fully Meets,5,14-Jun-23,Leadership Development,External,Incomplete,3,606.76
2591,Fully Meets,4,06-Oct-22,Customer Service,Internal,Completed,2,745.31
2592,Fully Meets,2,10-Feb-23,Technical Skills,Internal,Incomplete,3,240.57
2593,Fully Meets,1,16-Aug-22,Communication Skills,Internal,Failed,3,659.82
2594,Fully Meets,1,01-Dec-22,Communication Skills,Internal,Failed,3,273.94
2595,Fully Meets,4,12-Aug-22,Customer Service,External,Failed,4,920.91
2596,Fully Meets,2,22-Feb-23,Communication Skills,External,Incomplete,2,114.28
2597,Fully Meets,2,22-Oct-22,Communication Skills,External,Passed,3,242.28
2598,Fully Meets,4,14-Dec-22,Customer Service,External,Completed,3,420.06
2599,Fully Meets,2,13-Feb-23,Customer Service,External,Failed,2,288.93
2600,Fully Meets,2,14-May-23,Project Management,Internal,Completed,3,637.45
2601,Fully Meets,1,29-Jun-23,Communication Skills,External,Failed,5,944.24
2602,Fully Meets,2,25-Dec-22,Leadership Development,Internal,Failed,4,364.41
2603,Fully Meets,2,20-Oct-22,Communication Skills,Internal,Passed,5,605.84
2604,Fully Meets,5,01-Nov-22,Leadership Development,Internal,Failed,5,990.59
2605,Fully Meets,4,14-Nov-22,Project Management,External,Completed,4,549.19
2606,Fully Meets,2,15-Nov-22,Leadership Development,External,Incomplete,1,587.34
2607,Fully Meets,2,26-Dec-22,Technical Skills,External,Completed,3,918.96
2608,Fully Meets,4,21-Jan-23,Project Management,Internal,Incomplete,2,525.41
2609,Fully Meets,2,04-Sep-22,Communication Skills,External,Passed,1,484.08
2610,Fully Meets,2,25-Jun-23,Customer Service,External,Passed,5,184.63
2611,Fully Meets,2,29-Oct-22,Customer Service,Internal,Failed,3,793.77
2612,Fully Meets,4,23-Apr-23,Customer Service,Internal,Completed,3,301.02
2613,Fully Meets,5,28-Oct-22,Leadership Development,Internal,Failed,3,253.86
2614,Fully Meets,5,09-Nov-22,Project Management,External,Completed,2,468.59
2615,Fully Meets,4,10-Mar-23,Leadership Development,Internal,Completed,5,689.87
2616,Fully Meets,1,16-Apr-23,Customer Service,External,Failed,5,428.33
2617,Fully Meets,4,24-Jul-23,Project Management,External,Completed,2,806.47
2618,Fully Meets,4,23-Jan-23,Communication Skills,Internal,Passed,3,399.63
2619,Fully Meets,5,30-Dec-22,Technical Skills,Internal,Completed,3,440.24
2620,Fully Meets,1,24-Jan-23,Communication Skills,External,Passed,1,485.2
2621,Fully Meets,2,03-Mar-23,Project Management,Internal,Incomplete,2,451.56
2622,Fully Meets,4,08-Dec-22,Leadership Development,External,Passed,5,159.37
2623,Fully Meets,2,28-Aug-22,Leadership Development,Internal,Incomplete,4,310.28
2624,Fully Meets,2,04-Nov-22,Customer Service,Internal,Incomplete,2,227.91
2625,Fully Meets,2,01-Oct-22,Technical Skills,Internal,Failed,3,379.25
2626,Fully Meets,4,05-Jan-23,Technical Skills,Internal,Incomplete,3,197.3
2627,Fully Meets,4,18-Aug-22,Customer Service,Internal,Completed,4,862.64
2628,Fully Meets,2,05-Sep-22,Technical Skills,Internal,Passed,1,896.12
2629,Fully Meets,1,05-Jan-23,Communication Skills,External,Completed,4,750.65
2630,Fully Meets,5,07-Sep-22,Technical Skills,External,Incomplete,4,424.19
2631,Fully Meets,2,11-Oct-22,Customer Service,External,Incomplete,4,775.32
2632,Fully Meets,4,19-Apr-23,Customer Service,External,Incomplete,2,209.47
2633,Fully Meets,5,09-Feb-23,Project Management,Internal,Completed,2,859.39
2634,Fully Meets,4,26-May-23,Project Management,External,Completed,1,532.85
2635,Fully Meets,1,03-Feb-23,Communication Skills,External,Passed,2,136.6
2636,Fully Meets,5,14-Jul-23,Communication Skills,Internal,Passed,4,483.54
2637,Fully Meets,5,24-Apr-23,Communication Skills,Internal,Completed,1,709.79
2638,Fully Meets,2,28-May-23,Technical Skills,External,Passed,2,152.85
2639,Fully Meets,2,19-Feb-23,Project Management,Internal,Completed,4,977.29
2640,Fully Meets,4,20-Feb-23,Project Management,Internal,Failed,4,237.14
2641,Fully Meets,2,25-Aug-22,Technical Skills,Internal,Passed,5,637.84
2642,Fully Meets,4,01-Jul-23,Project Management,Internal,Completed,1,889.73
2643,Fully Meets,5,15-Jun-23,Project Management,Internal,Failed,2,357.94
2644,Fully Meets,5,01-Apr-23,Customer Service,Internal,Incomplete,1,150.96
2645,Fully Meets,4,02-Nov-22,Technical Skills,Internal,Completed,2,933.2
2646,Fully Meets,1,15-Jul-23,Project Management,External,Failed,3,378.6
2647,Fully Meets,5,28-Jan-23,Project Management,Internal,Completed,5,162.93
2648,Fully Meets,2,07-Mar-23,Project Management,External,Incomplete,3,294.91
2649,Fully Meets,4,25-Sep-22,Communication Skills,Internal,Passed,1,836.76
2650,Fully Meets,1,29-Aug-22,Communication Skills,Internal,Passed,1,136.23
2651,Fully Meets,2,12-Jun-23,Customer Service,External,Completed,3,236.69
2652,Fully Meets,4,23-Oct-22,Customer Service,External,Incomplete,1,424.44
2653,Fully Meets,1,24-Jan-23,Technical Skills,Internal,Incomplete,3,139.71
2654,Fully Meets,4,18-Mar-23,Communication Skills,External,Passed,3,428.13
2655,Fully Meets,2,31-May-23,Project Management,External,Incomplete,3,972.66
2656,Fully Meets,4,25-Feb-23,Communication Skills,External,Failed,1,877.57
2657,Fully Meets,2,08-May-23,Project Management,External,Failed,3,751.13
2658,Fully Meets,2,29-Jun-23,Technical Skills,External,Passed,1,471.89
2659,Fully Meets,2,30-Aug-22,Customer Service,External,Failed,3,957.63
2660,Fully Meets,4,07-Sep-22,Project Management,External,Passed,1,788.33
2661,Fully Meets,2,12-Jan-23,Communication Skills,Internal,Completed,4,220.32
2662,Fully Meets,2,10-Mar-23,Project Management,External,Completed,5,406.1
2663,Fully Meets,5,17-Dec-22,Customer Service,External,Passed,4,819.64
2664,Fully Meets,1,13-Sep-22,Project Management,External,Incomplete,3,355.84
2665,Fully Meets,4,03-Sep-22,Communication Skills,Internal,Completed,4,786.38
2666,Fully Meets,4,02-Feb-23,Project Management,Internal,Failed,2,460.62
2667,Fully Meets,2,05-Feb-23,Leadership Development,External,Passed,4,821.39
2668,Fully Meets,2,19-Jan-23,Project Management,Internal,Passed,3,968.31
2669,Fully Meets,1,17-Mar-23,Project Management,Internal,Completed,3,912.22
2670,Fully Meets,1,28-Jun-23,Project Management,External,Completed,4,144.83
2671,Fully Meets,5,14-Jan-23,Project Management,Internal,Passed,4,425.59
2672,Fully Meets,1,18-Jul-23,Project Management,Internal,Incomplete,2,118.43
2673,Fully Meets,4,11-May-23,Customer Service,Internal,Incomplete,2,281.27
2674,Fully Meets,1,05-Apr-23,Customer Service,External,Incomplete,5,283.65
2675,Fully Meets,5,07-Oct-22,Customer Service,Internal,Completed,3,475.75
2676,Fully Meets,2,11-Oct-22,Leadership Development,External,Failed,3,188.07
2677,Fully Meets,1,30-Dec-22,Technical Skills,External,Incomplete,4,843.69
2678,Fully Meets,5,06-Apr-23,Project Management,External,Failed,3,166.28
2679,Fully Meets,5,17-Aug-22,Communication Skills,External,Completed,2,119.62
2680,Fully Meets,2,11-May-23,Customer Service,Internal,Failed,2,400.81
2681,Fully Meets,1,26-Jan-23,Leadership Development,Internal,Completed,1,318.38
2682,Fully Meets,2,05-May-23,Communication Skills,External,Failed,3,238.12
2683,Fully Meets,4,26-Aug-22,Technical Skills,External,Passed,2,412.34
2684,Fully Meets,5,23-Jan-23,Communication Skills,Internal,Passed,5,776.58
2685,Fully Meets,2,07-Feb-23,Project Management,External,Passed,4,231.34
2686,Fully Meets,4,12-Nov-22,Project Management,External,Completed,1,278.7
2687,Fully Meets,2,20-Jul-23,Technical Skills,External,Incomplete,1,272.22
2688,Fully Meets,1,18-Nov-22,Customer Service,External,Completed,2,638.6
2689,Fully Meets,1,12-Jul-23,Project Management,External,Passed,1,812.6
2690,Fully Meets,4,23-Feb-23,Technical Skills,External,Completed,1,134.11
2691,Fully Meets,1,29-Dec-22,Project Management,External,Failed,3,934.3
2692,Fully Meets,4,30-May-23,Communication Skills,External,Completed,1,614.11
2693,Fully Meets,4,16-May-23,Project Management,External,Failed,2,175.75
2694,Fully Meets,4,08-Aug-22,Customer Service,External,Failed,2,167.34
2695,Fully Meets,2,25-Jan-23,Customer Service,External,Passed,2,123.83
2696,Fully Meets,4,29-Mar-23,Technical Skills,External,Incomplete,2,932.48
2697,Fully Meets,1,19-Feb-23,Project Management,Internal,Completed,4,714.81
2698,Fully Meets,4,12-Dec-22,Project Management,Internal,Incomplete,3,152.78
2699,Fully Meets,5,31-Jan-23,Technical Skills,External,Incomplete,2,717.16
2700,Fully Meets,4,29-Jun-23,Technical Skills,External,Failed,1,272.59
2701,Fully Meets,5,20-Apr-23,Leadership Development,External,Incomplete,5,155.14
2702,Fully Meets,2,05-Sep-22,Communication Skills,Internal,Completed,1,328.74
2703,Fully Meets,5,31-Mar-23,Leadership Development,Internal,Passed,2,775.58
2704,Fully Meets,4,10-Dec-22,Leadership Development,Internal,Incomplete,2,499.97
2705,Fully Meets,2,24-May-23,Communication Skills,External,Incomplete,1,826.31
2706,Fully Meets,2,28-Mar-23,Leadership Development,Internal,Failed,5,258.38
2707,Fully Meets,4,16-Nov-22,Customer Service,External,Incomplete,3,412.09
2708,Fully Meets,2,04-Dec-22,Leadership Development,Internal,Failed,5,294.23
2709,Fully Meets,2,15-Oct-22,Technical Skills,Internal,Failed,2,415.45
2710,Fully Meets,5,20-Jul-23,Customer Service,Internal,Failed,5,807.71
2711,Fully Meets,2,13-Sep-22,Leadership Development,Internal,Completed,1,408.39
2712,Fully Meets,1,30-Jan-23,Communication Skills,External,Passed,1,741.6
2713,Fully Meets,5,09-Apr-23,Technical Skills,External,Completed,3,193.48
2714,Fully Meets,1,08-Jan-23,Technical Skills,Internal,Incomplete,5,831.09
2715,Fully Meets,4,14-Oct-22,Customer Service,External,Completed,5,573.56
2716,Fully Meets,2,16-Jan-23,Leadership Development,Internal,Completed,4,247.11
2717,Fully Meets,1,25-Mar-23,Communication Skills,Internal,Passed,5,866.13
2718,Fully Meets,5,13-Nov-22,Project Management,Internal,Incomplete,5,760.24
2719,Fully Meets,4,25-Jul-23,Leadership Development,Internal,Passed,5,992.93
2720,Fully Meets,4,09-May-23,Customer Service,External,Failed,2,960.4
2721,Fully Meets,4,19-Oct-22,Project Management,Internal,Incomplete,4,173.54
2722,Fully Meets,2,17-Jul-23,Leadership Development,External,Passed,1,334.08
2723,Fully Meets,2,22-Jul-23,Leadership Development,External,Incomplete,3,763.23
2724,Fully Meets,1,03-Jun-23,Leadership Development,External,Completed,2,611.51
2725,Fully Meets,4,29-Dec-22,Technical Skills,Internal,Incomplete,2,354.21
2726,Fully Meets,2,16-Jan-23,Customer Service,External,Passed,3,502.39
2727,Fully Meets,5,31-Dec-22,Communication Skills,Internal,Incomplete,2,687.99
2728,Fully Meets,2,27-Jan-23,Project Management,Internal,Completed,5,877.47
2729,Fully Meets,2,06-Jul-23,Leadership Development,External,Passed,2,700.04
2730,Fully Meets,2,20-May-23,Project Management,External,Incomplete,5,486.43
2731,Fully Meets,1,20-Apr-23,Technical Skills,Internal,Failed,1,897.96
2732,Fully Meets,2,23-Feb-23,Customer Service,Internal,Completed,3,147.28
2733,Fully Meets,5,12-Feb-23,Leadership Development,Internal,Completed,5,612.96
2734,Fully Meets,4,22-Feb-23,Communication Skills,External,Completed,5,953.92
2735,Fully Meets,2,12-Nov-22,Leadership Development,External,Incomplete,1,519.23
2736,Fully Meets,5,05-Mar-23,Technical Skills,Internal,Passed,1,297.94
2737,Fully Meets,4,18-Apr-23,Communication Skills,Internal,Failed,5,317.55
2738,Fully Meets,5,01-Oct-22,Communication Skills,Internal,Incomplete,5,880.42
2739,Fully Meets,4,21-Aug-22,Customer Service,Internal,Completed,1,457.71
2740,Fully Meets,1,17-May-23,Communication Skills,Internal,Completed,3,200.27
2741,Fully Meets,4,26-Sep-22,Technical Skills,External,Failed,5,573.08
2742,Fully Meets,2,05-Sep-22,Communication Skills,Internal,Incomplete,4,785.39
2743,Fully Meets,4,20-Apr-23,Technical Skills,Internal,Failed,3,437.36
2744,Fully Meets,4,29-Oct-22,Technical Skills,External,Incomplete,5,955.17
2745,Fully Meets,5,12-Oct-22,Technical Skills,Internal,Failed,3,542.56
2746,Fully Meets,5,12-Feb-23,Project Management,External,Incomplete,5,399.23
2747,Fully Meets,4,15-Oct-22,Technical Skills,External,Failed,2,677.74
2748,Fully Meets,1,14-Jan-23,Project Management,External,Completed,2,301.42
2749,Fully Meets,5,19-Nov-22,Customer Service,External,Failed,5,149.65
2750,Fully Meets,4,27-Feb-23,Customer Service,Internal,Passed,1,462.45
2752,Fully Meets,4,06-Dec-22,Customer Service,Internal,Incomplete,5,450.64
2753,Fully Meets,4,18-Oct-22,Communication Skills,Internal,Completed,1,437.7
2754,Fully Meets,2,04-Apr-23,Project Management,Internal,Failed,1,823.08
2755,Fully Meets,2,21-Dec-22,Technical Skills,Internal,Completed,4,118.68
2756,Fully Meets,2,04-Apr-23,Communication Skills,External,Completed,5,120.79
2758,Fully Meets,2,17-May-23,Technical Skills,External,Incomplete,4,100.17
2759,Fully Meets,2,30-Jun-23,Project Management,Internal,Incomplete,1,662.8
2760,Fully Meets,2,03-May-23,Leadership Development,Internal,Completed,3,287.59
2761,Fully Meets,4,26-Nov-22,Project Management,External,Incomplete,4,653.32
2762,Fully Meets,4,26-Apr-23,Leadership Development,Internal,Failed,3,254.85
2763,Fully Meets,2,24-Nov-22,Technical Skills,External,Completed,4,430.35
2764,Fully Meets,2,14-Jun-23,Communication Skills,External,Incomplete,5,755.77
2765,Fully Meets,4,30-Mar-23,Customer Service,Internal,Incomplete,2,529.91
2766,Fully Meets,2,25-Mar-23,Technical Skills,External,Completed,1,440.14
2767,Fully Meets,2,21-Jan-23,Customer Service,Internal,Passed,2,972.3
2768,Fully Meets,2,24-Oct-22,Project Management,Internal,Incomplete,5,176.6
2769,Fully Meets,4,17-Jul-23,Project Management,Internal,Completed,1,747.74
2770,Fully Meets,5,07-Jul-23,Customer Service,External,Passed,5,451.03
2771,Fully Meets,5,11-Dec-22,Technical Skills,Internal,Incomplete,5,255.16
2772,Fully Meets,1,06-Feb-23,Leadership Development,Internal,Passed,5,258.08
2773,Fully Meets,2,02-Feb-23,Communication Skills,Internal,Completed,4,697.67
2774,Fully Meets,5,05-Aug-23,Communication Skills,Internal,Passed,5,694.23
2775,Fully Meets,2,05-Nov-22,Technical Skills,Internal,Incomplete,1,703.45
2776,Fully Meets,4,09-Jul-23,Leadership Development,External,Incomplete,1,134.44
2777,Fully Meets,5,25-Jul-23,Communication Skills,Internal,Failed,2,458.37
2778,Fully Meets,5,06-Oct-22,Project Management,External,Failed,5,594.73
2779,Fully Meets,2,13-Feb-23,Leadership Development,Internal,Completed,3,330.68
2780,Fully Meets,4,24-Dec-22,Communication Skills,Internal,Incomplete,3,625.69
2781,Fully Meets,4,12-Nov-22,Leadership Development,Internal,Completed,5,437.26
2782,Fully Meets,2,17-Oct-22,Leadership Development,Internal,Passed,2,134.99
2783,Fully Meets,1,20-May-23,Technical Skills,External,Incomplete,4,880.21
2784,Fully Meets,2,08-Sep-22,Customer Service,Internal,Completed,5,427.99
2785,Fully Meets,4,26-Nov-22,Technical Skills,Internal,Completed,1,925.68
2786,Fully Meets,1,16-Jun-23,Communication Skills,External,Incomplete,4,485.05
2787,Fully Meets,4,18-Apr-23,Technical Skills,External,Passed,5,720.07
2788,Fully Meets,1,21-Jan-23,Project Management,External,Incomplete,5,161.15
2789,Fully Meets,4,06-Jun-23,Project Management,Internal,Completed,4,899.17
2790,Fully Meets,4,20-Sep-22,Communication Skills,External,Incomplete,1,438.31
2791,Fully Meets,2,08-Apr-23,Communication Skills,Internal,Passed,3,903.18
2792,Fully Meets,1,21-May-23,Technical Skills,External,Passed,2,607.81
2793,Fully Meets,1,09-Oct-22,Project Management,External,Incomplete,1,774.44
2794,Fully Meets,5,10-Jan-23,Customer Service,Internal,Incomplete,3,644.38
2795,Fully Meets,4,30-Apr-23,Customer Service,Internal,Failed,4,457.74
2796,Fully Meets,1,19-Oct-22,Communication Skills,External,Incomplete,2,840.27
2797,Exceeds,1,18-Dec-22,Communication Skills,External,Failed,1,559.59
2798,Fully Meets,2,24-Apr-23,Leadership Development,External,Completed,1,840.65
2799,Fully Meets,2,28-Jul-23,Communication Skills,Internal,Incomplete,1,543.46
2800,Fully Meets,1,20-Dec-22,Customer Service,External,Incomplete,1,729.03
2801,Fully Meets,5,14-Jun-23,Leadership Development,External,Incomplete,4,449.65
2802,Fully Meets,4,21-Apr-23,Technical Skills,External,Passed,3,213.38
2803,Fully Meets,5,29-Jan-23,Leadership Development,Internal,Failed,4,106.21
2804,Fully Meets,4,26-Jan-23,Leadership Development,Internal,Completed,5,483.07
2805,Fully Meets,1,18-Jul-23,Project Management,Internal,Passed,2,515.31
2806,Fully Meets,2,27-May-23,Communication Skills,Internal,Incomplete,5,290.8
2807,Fully Meets,2,16-Apr-23,Customer Service,Internal,Passed,4,977.46
2808,Fully Meets,4,23-Sep-22,Communication Skills,External,Passed,5,105.41
2809,Fully Meets,2,21-Dec-22,Technical Skills,Internal,Failed,2,856.23
2810,Fully Meets,4,05-Apr-23,Technical Skills,Internal,Incomplete,3,964.33
2811,Fully Meets,2,04-Nov-22,Technical Skills,External,Completed,3,589.88
2812,Fully Meets,4,25-Nov-22,Leadership Development,External,Incomplete,4,663.36
2813,Fully Meets,1,20-Apr-23,Technical Skills,Internal,Completed,2,249.88
2814,Fully Meets,2,31-Jul-23,Leadership Development,Internal,Passed,2,809.89
2815,Fully Meets,4,10-May-23,Project Management,Internal,Completed,5,224.58
2816,Fully Meets,5,17-Mar-23,Project Management,External,Incomplete,3,251.78
2817,Fully Meets,4,13-Jan-23,Technical Skills,External,Failed,2,314.0
2818,Exceeds,2,27-Feb-23,Technical Skills,External,Completed,5,453.51
2819,Fully Meets,4,31-Jul-23,Leadership Development,Internal,Failed,2,595.4
2820,Fully Meets,2,23-Oct-22,Project Management,External,Completed,2,606.3
2821,Fully Meets,2,06-Mar-23,Technical Skills,Internal,Incomplete,5,841.22
2822,Fully Meets,4,18-Sep-22,Communication Skills,Internal,Failed,4,912.5
2823,Fully Meets,2,04-Sep-22,Communication Skills,External,Incomplete,2,196.27
2824,Fully Meets,5,07-Sep-22,Project Management,Internal,Incomplete,1,224.09
2825,Fully Meets,4,02-Nov-22,Technical Skills,External,Completed,2,363.8
2827,Fully Meets,4,07-Sep-22,Leadership Development,Internal,Incomplete,1,629.85
2828,Fully Meets,2,30-Jan-23,Communication Skills,Internal,Completed,3,915.92
2829,Fully Meets,2,26-Oct-22,Customer Service,External,Passed,3,487.27
2830,Fully Meets,1,06-Dec-22,Project Management,External,Completed,1,266.42
2831,Fully Meets,2,09-Feb-23,Communication Skills,External,Incomplete,1,277.22
2832,Fully Meets,5,23-Dec-22,Customer Service,Internal,Incomplete,1,545.87
2833,Fully Meets,2,24-Aug-22,Leadership Development,External,Incomplete,3,182.84
2834,Fully Meets,5,10-Jun-23,Technical Skills,External,Completed,4,149.67
2835,Fully Meets,5,22-Nov-22,Customer Service,Internal,Completed,4,939.72
2836,Fully Meets,2,18-May-23,Customer Service,External,Completed,5,410.04
2837,Fully Meets,4,08-Jun-23,Communication Skills,External,Incomplete,1,945.59
2838,Fully Meets,5,18-May-23,Communication Skills,Internal,Completed,4,539.06
2839,Fully Meets,1,07-Aug-22,Customer Service,External,Incomplete,2,837.22
2840,Fully Meets,2,04-Oct-22,Customer Service,Internal,Incomplete,3,360.08
2841,Fully Meets,5,22-Apr-23,Customer Service,Internal,Completed,2,405.48
2842,Fully Meets,1,22-Dec-22,Project Management,Internal,Failed,4,577.78
2843,Fully Meets,1,01-Oct-22,Leadership Development,External,Completed,2,102.16
2845,Fully Meets,4,06-Feb-23,Customer Service,External,Completed,2,764.22
2846,Fully Meets,5,02-Sep-22,Communication Skills,Internal,Incomplete,2,326.54
2848,Exceeds,1,21-Jul-23,Customer Service,Internal,Failed,2,510.12
2849,Fully Meets,5,06-May-23,Technical Skills,Internal,Failed,3,706.23
2850,Exceeds,1,26-Apr-23,Technical Skills,External,Passed,2,634.36
2851,Fully Meets,4,16-Jul-23,Communication Skills,Internal,Failed,2,718.77
2852,Fully Meets,1,23-Jun-23,Communication Skills,Internal,Incomplete,3,820.39
2853,Needs Improvement,5,01-Jan-23,Leadership Development,Internal,Passed,1,835.07
2854,Needs Improvement,2,18-Apr-23,Project Management,External,Incomplete,4,670.82
2855,Needs Improvement,4,05-Sep-22,Technical Skills,External,Passed,1,596.23
2856,Needs Improvement,5,03-Jan-23,Customer Service,Internal,Completed,2,842.67
2857,Fully Meets,2,25-Dec-22,Customer Service,Internal,Completed,3,229.18
2858,Fully Meets,5,10-Nov-22,Project Management,Internal,Failed,3,851.72
2859,Needs Improvement,2,23-Sep-22,Technical Skills,Internal,Completed,1,798.08
2860,Fully Meets,2,13-Sep-22,Leadership Development,External,Passed,3,587.16
2861,Fully Meets,2,07-Nov-22,Project Management,External,Completed,2,828.48
2862,Fully Meets,4,11-Apr-23,Communication Skills,Internal,Incomplete,3,192.39
2863,Needs Improvement,4,08-Dec-22,Customer Service,Internal,Completed,4,422.27
2864,Fully Meets,2,16-Jun-23,Leadership Development,External,Failed,4,242.25
2865,Fully Meets,1,22-Mar-23,Customer Service,External,Passed,4,653.99
2866,Fully Meets,2,11-Apr-23,Project Management,External,Passed,5,792.46
2867,Fully Meets,2,21-Feb-23,Leadership Development,External,Incomplete,4,317.26
2868,Fully Meets,5,17-Jun-23,Leadership Development,External,Failed,5,866.79
2869,Fully Meets,2,04-May-23,Leadership Development,Internal,Completed,2,422.63
2870,Fully Meets,4,24-Feb-23,Project Management,Internal,Passed,5,413.42
2871,Fully Meets,5,16-Oct-22,Communication Skills,External,Incomplete,5,900.02
2872,Fully Meets,2,20-Mar-23,Communication Skills,Internal,Passed,3,573.84
2873,Fully Meets,4,05-Jun-23,Project Management,Internal,Failed,2,801.16
2874,Fully Meets,1,27-Sep-22,Project Management,Internal,Passed,5,107.25
2875,Fully Meets,4,17-Sep-22,Project Management,External,Incomplete,1,892.56
2876,Fully Meets,4,05-Jul-23,Project Management,External,Failed,1,429.89
2877,Fully Meets,2,10-Dec-22,Customer Service,Internal,Failed,4,664.5
2878,Fully Meets,2,01-Dec-22,Project Management,Internal,Incomplete,5,925.8
2879,Fully Meets,2,15-Jun-23,Customer Service,External,Failed,3,118.94
2880,Fully Meets,4,15-Feb-23,Project Management,Internal,Failed,4,932.34
2881,Fully Meets,4,18-May-23,Leadership Development,External,Incomplete,1,624.59
2882,Fully Meets,4,21-Apr-23,Leadership Development,Internal,Failed,4,835.35
2883,Fully Meets,4,11-May-23,Customer Service,External,Completed,4,597.63
2884,Fully Meets,2,01-May-23,Technical Skills,External,Passed,4,974.28
2886,Fully Meets,2,09-Jul-23,Technical Skills,External,Incomplete,4,263.04
2887,Fully Meets,5,15-Apr-23,Communication Skills,Internal,Completed,5,411.52
2890,Fully Meets,2,10-Oct-22,Technical Skills,Internal,Completed,5,838.84
2891,Fully Meets,1,31-Dec-22,Technical Skills,External,Incomplete,4,767.51
2892,Fully Meets,2,10-Aug-22,Technical Skills,External,Passed,5,990.52
2893,Fully Meets,2,05-Jun-23,Leadership Development,Internal,Completed,5,205.24
2894,Fully Meets,4,30-Jun-23,Customer Service,Internal,Completed,5,203.06
2895,Fully Meets,2,15-Nov-22,Project Management,External,Incomplete,4,555.6
2896,Fully Meets,4,01-Jul-23,Technical Skills,Internal,Passed,5,794.92
2897,Fully Meets,4,26-Nov-22,Leadership Development,Internal,Passed,2,926.17
2898,Fully Meets,4,22-Jun-23,Leadership Development,Internal,Completed,1,832.37
2899,Fully Meets,5,26-Mar-23,Leadership Development,Internal,Completed,5,128.8
2900,Exceeds,2,16-Jan-23,Customer Service,External,Passed,4,255.02
2901,Fully Meets,4,13-Jul-23,Leadership Development,Internal,Incomplete,4,674.34
2902,Fully Meets,1,31-Mar-23,Project Management,External,Incomplete,2,778.36
2903,Needs Improvement,5,22-Jun-23,Customer Service,External,Failed,2,906.63
2904,Exceeds,4,06-May-23,Technical Skills,External,Failed,4,986.01
2905,Fully Meets,1,14-Oct-22,Leadership Development,External,Passed,5,846.88
2906,Needs Improvement,5,06-Dec-22,Technical Skills,External,Incomplete,1,998.74
2907,Needs Improvement,4,12-Feb-23,Communication Skills,External,Completed,4,510.69
2908,Exceeds,1,28-Nov-22,Leadership Development,External,Passed,1,100.55
2909,Needs Improvement,1,12-May-23,Technical Skills,Internal,Passed,4,818.39
2910,Exceeds,1,19-Sep-22,Technical Skills,Internal,Incomplete,1,763.78
2911,Exceeds,2,28-Mar-23,Technical Skills,Internal,Passed,1,292.36
2912,Needs Improvement,4,11-Jan-23,Communication Skills,Internal,Completed,2,990.45
2913,Needs Improvement,2,01-Dec-22,Communication Skills,External,Completed,3,989.75
2914,Exceeds,2,15-Oct-22,Communication Skills,Internal,Failed,1,194.13
2915,Exceeds,1,25-Mar-23,Technical Skills,Internal,Incomplete,2,993.79
2916,Needs Improvement,2,09-Oct-22,Technical Skills,Internal,Incomplete,2,932.4
2917,Exceeds,4,15-Oct-22,Customer Service,External,Passed,3,636.37
2918,Exceeds,4,28-Aug-22,Project Management,External,Failed,1,333.03
2919,Needs Improvement,5,23-Apr-23,Technical Skills,Internal,Failed,1,195.63
2920,Exceeds,5,27-Sep-22,Technical Skills,External,Completed,2,140.27
2921,Exceeds,2,11-Jan-23,Customer Service,External,Incomplete,1,465.54
2922,Exceeds,5,19-May-23,Technical Skills,External,Incomplete,1,713.3
2923,Needs Improvement,4,15-Oct-22,Technical Skills,Internal,Failed,4,632.73
2924,Exceeds,5,31-Oct-22,Technical Skills,External,Failed,1,244.84
2925,Exceeds,4,14-Apr-23,Communication Skills,External,Failed,4,689.93
2928,Fully Meets,5,21-Jun-23,Communication Skills,External,Incomplete,2,175.63
2929,Needs Improvement,2,23-Sep-22,Project Management,Internal,Passed,5,120.14
2930,Exceeds,2,23-Feb-23,Technical Skills,External,Failed,5,871.29
2931,Exceeds,2,23-Jul-23,Leadership Development,External,Passed,1,485.84
2932,Fully Meets,4,17-May-23,Communication Skills,External,Completed,2,275.36
2933,Needs Improvement,1,02-Jul-23,Communication Skills,External,Incomplete,3,933.67
2934,Fully Meets,2,14-Mar-23,Technical Skills,Internal,Passed,4,927.08
2935,Fully Meets,5,25-Jul-23,Communication Skills,External,Passed,4,395.52
2936,Needs Improvement,1,23-Dec-22,Leadership Development,Internal,Completed,3,123.26
2937,Needs Improvement,2,25-Jul-23,Leadership Development,Internal,Completed,3,198.45
2938,Needs Improvement,1,18-May-23,Communication Skills,Internal,Passed,2,478.07
2939,Needs Improvement,2,06-Sep-22,Project Management,External,Completed,3,285.5
2940,Needs Improvement,5,14-Jun-23,Communication Skills,External,Passed,2,490.26
2941,Needs Improvement,2,11-Nov-22,Customer Service,Internal,Completed,3,828.68
2942,Needs Improvement,2,20-Feb-23,Technical Skills,External,Incomplete,2,858.29
2943,Needs Improvement,2,04-Apr-23,Communication Skills,External,Completed,3,494.19
2944,Needs Improvement,1,17-Feb-23,Communication Skills,Internal,Passed,4,502.56
2945,Needs Improvement,4,01-Jul-23,Communication Skills,External,Failed,5,826.82
2946,Needs Improvement,2,12-Jul-23,Leadership Development,Internal,Failed,4,655.83
2947,Fully Meets,1,13-Aug-22,Project Management,External,Incomplete,1,543.81
2950,Needs Improvement,4,19-Mar-23,Technical Skills,Internal,Completed,2,331.52
2951,Fully Meets,2,07-Sep-22,Leadership Development,External,Passed,3,973.96
2952,Fully Meets,4,08-May-23,Communication Skills,Internal,Completed,3,149.09
2953,Fully Meets,5,11-Dec-22,Leadership Development,External,Incomplete,4,925.16
2954,Fully Meets,2,23-Oct-22,Project Management,External,Passed,2,833.13
2955,Fully Meets,1,04-Jun-23,Project Management,External,Failed,5,191.49
2956,Fully Meets,2,13-Oct-22,Customer Service,External,Passed,3,474.15
2957,Fully Meets,1,30-Aug-22,Project Management,External,Failed,1,550.42
2958,Fully Meets,4,09-Feb-23,Technical Skills,External,Incomplete,1,681.23
2959,Fully Meets,2,06-Jul-23,Customer Service,Internal,Incomplete,5,657.64
2960,Fully Meets,2,16-Dec-22,Project Management,Internal,Incomplete,4,449.66
2961,Fully Meets,2,19-Jan-23,Leadership Development,External,Passed,5,587.25
2962,Fully Meets,1,28-Aug-22,Customer Service,Internal,Failed,2,198.55
2963,Fully Meets,2,08-Jun-23,Customer Service,External,Completed,5,629.24
2964,Fully Meets,2,14-Oct-22,Communication Skills,Internal,Incomplete,2,614.06
2965,Fully Meets,1,07-Mar-23,Project Management,External,Completed,3,426.26
2966,Fully Meets,4,17-Oct-22,Project Management,Internal,Passed,5,197.73
2967,Fully Meets,4,21-Jul-23,Customer Service,External,Incomplete,3,145.68
2968,Fully Meets,4,20-Nov-22,Customer Service,Internal,Failed,3,764.74
2969,Fully Meets,2,18-Oct-22,Customer Service,Internal,Passed,3,405.4
2970,Fully Meets,5,16-Jan-23,Leadership Development,External,Failed,4,689.49
2971,Fully Meets,1,12-Apr-23,Project Management,Internal,Incomplete,2,141.14
2972,Fully Meets,1,01-Mar-23,Leadership Development,Internal,Passed,1,788.69
2973,Fully Meets,5,13-Jul-23,Technical Skills,Internal,Failed,5,458.81
2974,Fully Meets,5,27-Apr-23,Project Management,Internal,Passed,5,140.91
2975,Fully Meets,4,12-Jul-23,Leadership Development,External,Completed,5,551.76
2977,Fully Meets,2,01-Apr-23,Project Management,Internal,Passed,4,640.05
2978,Fully Meets,4,02-Nov-22,Communication Skills,Internal,Failed,1,470.62
2979,Fully Meets,2,10-Jun-23,Leadership Development,External,Failed,4,257.87
2980,Fully Meets,2,17-Feb-23,Customer Service,External,Passed,4,970.09
2981,Fully Meets,1,25-Jun-23,Communication Skills,External,Completed,2,197.96
2982,Fully Meets,2,31-Oct-22,Project Management,External,Failed,2,166.78
2983,Fully Meets,2,25-Jun-23,Project Management,External,Passed,4,267.6
2984,Fully Meets,5,24-May-23,Project Management,Internal,Incomplete,1,671.21
2985,Fully Meets,1,25-Oct-22,Customer Service,Internal,Failed,4,813.43
2986,Fully Meets,1,20-Feb-23,Communication Skills,Internal,Completed,1,501.89
2987,Fully Meets,4,20-Jan-23,Leadership Development,External,Failed,4,133.4
2988,Fully Meets,1,03-Jan-23,Customer Service,Internal,Failed,4,312.8
2989,Fully Meets,4,24-Nov-22,Communication Skills,External,Failed,3,272.76
2990,Fully Meets,2,14-May-23,Project Management,External,Passed,3,494.03
2991,Exceeds,2,02-Dec-22,Project Management,Internal,Completed,3,722.92
2992,Fully Meets,4,03-Feb-23,Leadership Development,Internal,Passed,1,125.34
2993,Fully Meets,4,03-Nov-22,Communication Skills,Internal,Incomplete,3,559.24
2994,Fully Meets,4,14-Dec-22,Project Management,External,Incomplete,1,936.24
2995,Needs Improvement,4,03-Jul-23,Technical Skills,Internal,Passed,1,440.35
2996,Fully Meets,4,30-Sep-22,Technical Skills,Internal,Passed,2,727.12
2997,Fully Meets,2,16-Feb-23,Communication Skills,External,Completed,4,433.14
2998,Needs Improvement,1,17-Oct-22,Customer Service,External,Failed,1,764.14
2999,Fully Meets,2,14-Jun-23,Customer Service,Internal,Passed,5,800.21
3000,Fully Meets,1,11-May-23,Technical Skills,External,Incomplete,2,172.72
3001,Fully Meets,5,26-Dec-22,Communication Skills,Internal,Passed,5,346.93
3002,Fully Meets,2,05-Feb-23,Leadership Development,Internal,Passed,4,247.81
3003,Fully Meets,5,16-Nov-22,Technical Skills,Internal,Passed,4,144.84
3004,Fully Meets,5,07-Mar-23,Technical Skills,Internal,Incomplete,1,183.63
3005,Fully Meets,2,21-Mar-23,Communication Skills,Internal,Passed,5,997.4
3006,Fully Meets,1,13-May-23,Communication Skills,External,Passed,3,415.18
3007,Fully Meets,2,19-Jul-23,Customer Service,External,Incomplete,5,147.35
3008,Fully Meets,4,15-Mar-23,Leadership Development,Internal,Incomplete,3,967.08
3009,Fully Meets,2,20-Nov-22,Leadership Development,Internal,Incomplete,4,637.86
3013,PIP,1,23-May-23,Leadership Development,Internal,Incomplete,4,776.3
3014,PIP,2,01-Feb-23,Leadership Development,Internal,Completed,3,326.37
3015,PIP,2,18-Nov-22,Customer Service,External,Completed,1,108.95
3016,PIP,4,26-Jan-23,Communication Skills,Internal,Completed,4,550.9
3017,PIP,5,19-Aug-22,Technical Skills,Internal,Incomplete,4,795.89
3018,PIP,2,02-Apr-23,Communication Skills,External,Passed,1,980.49
3019,PIP,2,18-Nov-22,Technical Skills,External,Failed,1,155.46
3020,PIP,2,19-Jun-23,Project Management,External,Completed,2,367.74
3021,PIP,2,04-Aug-23,Customer Service,External,Passed,3,115.55
3022,PIP,1,15-Dec-22,Communication Skills,External,Completed,3,848.52
3023,PIP,2,04-May-23,Project Management,Internal,Passed,5,321.61
3024,Fully Meets,2,21-Dec-22,Technical Skills,External,Passed,4,957.12
3025,Fully Meets,1,27-Aug-22,Communication Skills,External,Incomplete,3,177.63
3026,Fully Meets,2,02-Nov-22,Customer Service,External,Passed,3,864.03
3027,Fully Meets,5,05-Jul-23,Communication Skills,External,Incomplete,4,707.06
3028,Fully Meets,2,20-Oct-22,Communication Skills,Internal,Completed,4,690.29
3029,Fully Meets,4,03-Jul-23,Project Management,External,Incomplete,1,721.83
3030,Fully Meets,1,24-Dec-22,Technical Skills,Internal,Passed,2,287.34
3031,Fully Meets,1,31-Dec-22,Technical Skills,External,Incomplete,2,783.36
3034,Fully Meets,2,25-Nov-22,Leadership Development,Internal,Passed,2,947.76
3035,Fully Meets,1,09-May-23,Customer Service,Internal,Completed,1,498.19
3036,Fully Meets,2,19-Jun-23,Technical Skills,Internal,Failed,3,516.4
3037,Fully Meets,4,01-May-23,Leadership Development,Internal,Failed,5,374.69
3038,Fully Meets,2,17-Aug-22,Customer Service,Internal,Incomplete,5,244.22
3039,Fully Meets,5,05-Jan-23,Leadership Development,Internal,Completed,2,130.81
3040,Fully Meets,5,30-Dec-22,Technical Skills,Internal,Passed,5,321.03
3041,Fully Meets,2,28-Jul-23,Project Management,Internal,Completed,4,354.82
3042,Exceeds,4,03-Feb-23,Technical Skills,Internal,Incomplete,2,513.54
3043,Exceeds,2,21-Feb-23,Customer Service,External,Completed,5,658.12
3044,Exceeds,2,20-Dec-22,Leadership Development,Internal,Passed,2,643.75
3045,Exceeds,2,03-Mar-23,Communication Skills,External,Incomplete,2,290.75
3046,Exceeds,4,14-Jan-23,Communication Skills,Internal,Passed,2,767.56
3047,Exceeds,5,13-Jun-23,Customer Service,External,Passed,1,507.74
3048,Fully Meets,2,08-Jan-23,Customer Service,Internal,Completed,2,919.75
3049,Fully Meets,4,20-Jan-23,Project Management,External,Incomplete,4,510.95
3050,Fully Meets,4,06-Nov-22,Project Management,External,Completed,2,826.19
3051,Fully Meets,5,02-May-23,Leadership Development,External,Incomplete,1,992.48
3052,Fully Meets,5,01-Oct-22,Technical Skills,External,Incomplete,3,824.73
3053,Fully Meets,2,04-Jul-23,Communication Skills,External,Failed,2,588.35
3054,Fully Meets,1,07-Jun-23,Leadership Development,External,Incomplete,5,144.66
3056,Fully Meets,5,20-Jun-23,Communication Skills,External,Passed,1,535.51
3059,Fully Meets,1,10-Jul-23,Communication Skills,External,Completed,1,164.35
3060,Fully Meets,2,30-Aug-22,Customer Service,Internal,Failed,3,165.67
3061,Fully Meets,4,10-Sep-22,Technical Skills,External,Incomplete,5,602.56
3062,Fully Meets,1,26-Jul-23,Leadership Development,Internal,Passed,1,312.91
3063,Fully Meets,5,28-Sep-22,Project Management,External,Failed,3,767.52
3064,Fully Meets,4,31-Jul-23,Project Management,Internal,Incomplete,5,166.35
3065,Fully Meets,4,11-Jun-23,Project Management,Internal,Incomplete,1,997.24
3066,Fully Meets,1,18-Oct-22,Communication Skills,External,Failed,3,258.73
3067,Fully Meets,4,01-Sep-22,Communication Skills,External,Completed,1,483.26
3068,Fully Meets,5,18-Nov-22,Customer Service,External,Completed,3,261.81
3069,Fully Meets,4,10-May-23,Technical Skills,External,Incomplete,1,767.33
3070,Fully Meets,1,05-Dec-22,Communication Skills,External,Failed,5,848.76
3071,Fully Meets,2,30-May-23,Project Management,External,Incomplete,4,647.01
3072,Fully Meets,1,19-Jan-23,Project Management,Internal,Failed,1,230.6
3073,Fully Meets,4,28-Jan-23,Customer Service,Internal,Completed,1,681.4
3074,Fully Meets,1,03-Jul-23,Leadership Development,Internal,Passed,1,356.98
3075,Fully Meets,5,20-Feb-23,Leadership Development,External,Completed,4,602.12
3076,Fully Meets,5,14-Nov-22,Communication Skills,External,Passed,5,547.83
3077,Fully Meets,1,31-Oct-22,Project Management,External,Failed,3,726.88
3078,Fully Meets,1,05-Mar-23,Leadership Development,Internal,Completed,1,548.95
3081,Fully Meets,2,28-Aug-22,Customer Service,Internal,Completed,2,316.38
3082,Fully Meets,1,15-May-23,Project Management,External,Incomplete,4,696.51
3083,Fully Meets,2,08-May-23,Technical Skills,External,Completed,2,413.66
3084,Fully Meets,4,14-Mar-23,Customer Service,External,Completed,5,109.14
3085,Fully Meets,2,23-Feb-23,Technical Skills,External,Failed,2,855.84
3086,Fully Meets,1,27-Jun-23,Communication Skills,Internal,Incomplete,2,288.09
3087,Fully Meets,4,08-Jul-23,Communication Skills,Internal,Passed,2,776.34
3088,Fully Meets,5,25-May-23,Customer Service,External,Incomplete,3,732.88
3089,Fully Meets,4,02-Jan-23,Leadership Development,Internal,Failed,4,788.1
3090,Fully Meets,5,24-Nov-22,Technical Skills,Internal,Incomplete,4,284.29
3091,Fully Meets,5,10-Nov-22,Project Management,External,Completed,5,872.29
3092,Fully Meets,2,07-Oct-22,Leadership Development,Internal,Passed,1,372.99
3093,Fully Meets,2,25-Apr-23,Communication Skills,Internal,Passed,5,229.87
3094,Fully Meets,1,01-Mar-23,Project Management,Internal,Failed,2,544.31
3095,Fully Meets,4,26-Aug-22,Communication Skills,Internal,Failed,4,461.79
3096,Fully Meets,5,29-Apr-23,Technical Skills,Internal,Failed,1,108.99
3097,Fully Meets,4,30-Dec-22,Project Management,Internal,Incomplete,5,166.08
3098,Fully Meets,4,04-Oct-22,Leadership Development,External,Passed,1,801.69
3099,Exceeds,4,31-May-23,Technical Skills,Internal,Passed,4,355.34
3100,Fully Meets,5,16-Jul-23,Technical Skills,External,Incomplete,4,136.94
3101,Fully Meets,2,21-May-23,Technical Skills,Internal,Completed,4,849.63
3104,Fully Meets,2,02-Aug-23,Project Management,Internal,Incomplete,3,852.79
3105,Fully Meets,1,30-Aug-22,Technical Skills,External,Failed,3,805.93
3106,Fully Meets,4,06-May-23,Communication Skills,External,Incomplete,3,957.31
3107,Fully Meets,4,16-May-23,Leadership Development,Internal,Failed,1,855.26
3108,Fully Meets,2,07-Jul-23,Customer Service,External,Completed,1,755.13
3109,PIP,2,12-Jun-23,Customer Service,External,Failed,1,260.84
3110,Fully Meets,2,29-Oct-22,Technical Skills,External,Completed,3,299.97
3111,Fully Meets,1,06-Jun-23,Leadership Development,Internal,Incomplete,1,374.9
3112,Fully Meets,4,23-Sep-22,Technical Skills,Internal,Passed,5,168.79
3113,Fully Meets,4,19-Nov-22,Leadership Development,Internal,Passed,5,236.27
3114,Fully Meets,2,10-Jan-23,Technical Skills,Internal,Passed,5,569.5
3115,Fully Meets,4,02-Jul-23,Technical Skills,Internal,Incomplete,3,386.26
3116,Fully Meets,5,23-Aug-22,Project Management,External,Failed,4,323.12
3117,Fully Meets,2,16-Apr-23,Communication Skills,External,Passed,5,461.57
3118,Fully Meets,2,06-Nov-22,Technical Skills,External,Incomplete,2,543.74
3119,Fully Meets,5,26-Feb-23,Leadership Development,External,Passed,1,899.2
3120,Fully Meets,4,05-Jul-23,Project Management,External,Incomplete,2,144.25
3121,Fully Meets,4,22-Apr-23,Leadership Development,External,Failed,1,854.54
3123,Fully Meets,4,01-Jan-23,Communication Skills,External,Failed,4,479.0
3126,Fully Meets,2,21-Jul-23,Communication Skills,External,Passed,4,667.54
3127,Fully Meets,2,19-Feb-23,Project Management,External,Failed,5,309.74
3128,Fully Meets,2,28-Feb-23,Communication Skills,Internal,Completed,1,830.63
3129,Fully Meets,5,11-Jun-23,Technical Skills,Internal,Incomplete,4,277.31
3130,Fully Meets,5,21-Mar-23,Customer Service,Internal,Incomplete,3,501.5
3131,Fully Meets,2,15-Jan-23,Leadership Development,Internal,Completed,3,937.85
3132,Fully Meets,4,16-Mar-23,Communication Skills,Internal,Incomplete,3,134.92
3133,Fully Meets,5,10-Oct-22,Communication Skills,External,Incomplete,3,946.99
3134,Exceeds,5,18-Mar-23,Technical Skills,External,Completed,4,945.68
3135,Fully Meets,4,28-Jan-23,Communication Skills,Internal,Passed,5,142.21
3136,Fully Meets,4,22-Nov-22,Project Management,External,Failed,2,386.95
3137,Fully Meets,2,11-Jun-23,Technical Skills,External,Passed,4,641.68
3138,Fully Meets,4,26-Jul-23,Project Management,Internal,Failed,2,295.67
3139,Fully Meets,4,23-Apr-23,Communication Skills,External,Completed,4,649.64
3140,Fully Meets,5,12-Dec-22,Technical Skills,External,Failed,1,402.77
3141,Exceeds,2,01-Apr-23,Leadership Development,Internal,Incomplete,3,311.92
3142,Fully Meets,4,09-Jan-23,Communication Skills,External,Incomplete,5,730.99
3143,Fully Meets,2,22-May-23,Project Management,Internal,Incomplete,3,330.04
3144,Exceeds,2,15-Jul-23,Communication Skills,Internal,Passed,3,848.99
3146,Fully Meets,4,06-Mar-23,Technical Skills,External,Passed,5,560.03
3147,Fully Meets,5,20-Dec-22,Project Management,External,Completed,4,820.65
3148,Exceeds,2,10-Apr-23,Communication Skills,External,Completed,2,727.06
3149,Exceeds,2,07-Jul-23,Customer Service,Internal,Failed,2,858.12
3150,Fully Meets,2,28-Jan-23,Customer Service,External,Failed,4,781.04
3151,Exceeds,4,06-Oct-22,Project Management,Internal,Passed,2,978.88
3152,Exceeds,5,24-Mar-23,Communication Skills,Internal,Failed,4,955.95
3153,Fully Meets,4,11-Jul-23,Communication Skills,External,Passed,5,897.64
3154,Fully Meets,2,25-May-23,Customer Service,External,Passed,4,418.08
3155,Fully Meets,2,27-Aug-22,Communication Skills,External,Failed,5,336.64
3156,Fully Meets,5,02-Apr-23,Communication Skills,External,Failed,4,171.46
3157,Exceeds,5,26-May-23,Project Management,Internal,Incomplete,3,401.9
3158,Exceeds,2,19-Dec-22,Communication Skills,Internal,Passed,5,266.62
3159,Fully Meets,4,19-Apr-23,Technical Skills,External,Failed,2,913.36
3160,Exceeds,4,11-Jan-23,Leadership Development,Internal,Failed,3,619.29
3161,Fully Meets,1,15-Sep-22,Customer Service,External,Passed,3,398.98
3162,Fully Meets,5,24-Jul-23,Technical Skills,Internal,Failed,5,569.76
3163,Fully Meets,4,01-Oct-22,Project Management,Internal,Passed,4,807.32
3164,Fully Meets,5,10-Feb-23,Project Management,External,Passed,3,981.17
3165,Fully Meets,2,28-Aug-22,Leadership Development,External,Failed,4,972.9
3166,Exceeds,2,27-Jan-23,Project Management,Internal,Incomplete,4,928.71
3167,Exceeds,4,15-Jan-23,Leadership Development,External,Passed,1,975.21
3169,Exceeds,4,25-Feb-23,Communication Skills,Internal,Completed,4,109.96
3170,Fully Meets,2,28-Aug-22,Technical Skills,External,Failed,2,361.28
3171,Fully Meets,5,30-Jun-23,Leadership Development,External,Failed,4,248.66
3172,Fully Meets,4,25-Dec-22,Customer Service,External,Failed,5,742.18
3173,Fully Meets,1,01-Jun-23,Communication Skills,External,Incomplete,3,573.31
3174,Fully Meets,5,09-Dec-22,Communication Skills,External,Completed,4,860.91
3175,Fully Meets,1,22-May-23,Technical Skills,External,Failed,4,686.77
3176,Exceeds,1,24-Jan-23,Leadership Development,External,Passed,5,638.26
3177,Fully Meets,1,25-Mar-23,Leadership Development,External,Incomplete,2,423.71
3178,PIP,1,02-May-23,Communication Skills,Internal,Incomplete,3,708.78
3179,Fully Meets,2,03-May-23,Leadership Development,Internal,Passed,2,376.96
3180,Fully Meets,4,03-Jul-23,Project Management,External,Completed,1,829.59
3181,Fully Meets,4,13-Jan-23,Leadership Development,Internal,Incomplete,4,900.21
3182,PIP,2,02-May-23,Technical Skills,Internal,Passed,2,825.61
3183,PIP,3,28-Jul-23,Customer Service,External,Completed,1,205.22
3184,PIP,5,09-Sep-22,Technical Skills,Internal,Failed,3,441.79
3185,PIP,2,28-Nov-22,Communication Skills,External,Passed,3,491.87
3186,Fully Meets,2,10-Apr-23,Technical Skills,Internal,Failed,4,927.48
3187,PIP,3,26-Jul-23,Leadership Development,Internal,Completed,3,831.15
3188,Fully Meets,4,16-May-23,Leadership Development,Internal,Incomplete,3,976.9
3189,PIP,1,11-Sep-22,Leadership Development,Internal,Passed,5,574.76
3190,PIP,2,13-Jul-23,Leadership Development,External,Passed,3,911.6
3191,Fully Meets,2,05-Feb-23,Project Management,External,Incomplete,3,476.39
3192,Fully Meets,3,28-Aug-22,Technical Skills,Internal,Incomplete,1,752.12
3193,PIP,3,16-Apr-23,Project Management,External,Completed,3,240.94
3194,Fully Meets,1,23-Jan-23,Leadership Development,Internal,Passed,5,143.28
3195,Fully Meets,2,28-Jun-23,Customer Service,External,Failed,1,556.09
3196,Fully Meets,2,06-Jun-23,Customer Service,Internal,Passed,5,518.62
3197,PIP,1,10-Nov-22,Customer Service,Internal,Failed,4,694.79
3198,Fully Meets,2,01-Jun-23,Communication Skills,Internal,Completed,2,445.34
3199,Fully Meets,2,23-Sep-22,Technical Skills,Internal,Incomplete,5,609.18
3200,Fully Meets,4,18-Mar-23,Communication Skills,Internal,Completed,1,473.02
3201,Fully Meets,4,05-Jun-23,Leadership Development,Internal,Failed,2,758.46
3202,Fully Meets,4,30-Aug-22,Customer Service,Internal,Passed,3,194.06
3203,Fully Meets,4,01-Sep-22,Project Management,External,Passed,2,317.06
3204,Fully Meets,4,09-Aug-22,Communication Skills,Internal,Passed,1,291.9
3206,Fully Meets,2,01-Apr-23,Leadership Development,Internal,Passed,2,143.32
3207,Fully Meets,5,17-Feb-23,Technical Skills,External,Passed,3,724.51
3208,Fully Meets,2,03-Apr-23,Leadership Development,Internal,Passed,2,955.32
3209,Fully Meets,5,06-Mar-23,Project Management,Internal,Incomplete,5,259.71
3210,Fully Meets,5,31-Dec-22,Project Management,External,Failed,2,128.89
3211,Fully Meets,2,13-Oct-22,Customer Service,External,Incomplete,4,513.76
3212,Fully Meets,5,20-Jan-23,Customer Service,External,Failed,2,944.89
3213,Fully Meets,2,09-Apr-23,Communication Skills,External,Passed,2,494.29
3214,Fully Meets,2,25-Jan-23,Project Management,Internal,Incomplete,4,521.05
3215,Fully Meets,3,06-Jul-23,Communication Skills,External,Failed,3,183.77
3216,Fully Meets,5,17-Mar-23,Leadership Development,External,Passed,5,143.08
3217,Fully Meets,3,09-Jun-23,Customer Service,External,Passed,3,723.2
3218,Fully Meets,5,21-Jan-23,Leadership Development,External,Incomplete,2,526.6
3219,Fully Meets,3,28-Mar-23,Communication Skills,External,Passed,2,771.06
3220,Fully Meets,1,11-Nov-22,Technical Skills,Internal,Failed,4,839.86
3221,Fully Meets,4,11-May-23,Communication Skills,Internal,Failed,4,628.77
3222,Fully Meets,2,25-Sep-22,Communication Skills,Internal,Completed,3,433.67
3223,Fully Meets,5,14-Mar-23,Communication Skills,Internal,Incomplete,4,158.97
3224,Fully Meets,5,14-Sep-22,Project Management,External,Completed,2,107.77
3225,Fully Meets,3,26-Jul-23,Communication Skills,Internal,Completed,1,374.1
3226,Fully Meets,4,01-Mar-23,Leadership Development,External,Incomplete,2,471.42
3228,Fully Meets,2,09-Aug-22,Customer Service,External,Passed,3,272.77
3229,Fully Meets,1,30-Dec-22,Technical Skills,Internal,Incomplete,3,757.48
3231,Exceeds,2,24-Oct-22,Customer Service,External,Failed,3,668.59
3234,Fully Meets,3,03-Nov-22,Leadership Development,Internal,Completed,3,185.58
3235,Fully Meets,2,08-Feb-23,Project Management,Internal,Failed,3,667.23
3236,Fully Meets,5,17-Dec-22,Communication Skills,Internal,Completed,5,209.99
3237,Fully Meets,4,12-Jun-23,Leadership Development,Internal,Failed,5,114.81
3238,Fully Meets,4,08-Feb-23,Project Management,External,Incomplete,2,964.12
3239,Fully Meets,3,15-Oct-22,Leadership Development,External,Passed,1,818.77
3240,Fully Meets,2,15-Oct-22,Project Management,External,Passed,3,801.31
3241,Fully Meets,1,14-Oct-22,Communication Skills,Internal,Completed,5,674.84
3242,Fully Meets,3,25-Oct-22,Communication Skills,Internal,Incomplete,2,364.55
3243,Fully Meets,2,20-Sep-22,Technical Skills,Internal,Completed,1,174.03
3244,Fully Meets,2,01-Dec-22,Communication Skills,Internal,Failed,4,816.37
3245,Fully Meets,1,29-Apr-23,Project Management,External,Incomplete,1,163.79
3246,Fully Meets,4,31-Jan-23,Technical Skills,Internal,Failed,1,325.19
3247,Fully Meets,3,26-Feb-23,Communication Skills,Internal,Completed,1,834.12
3248,Fully Meets,5,28-Jan-23,Customer Service,External,Completed,2,222.11
3249,Fully Meets,3,08-Mar-23,Communication Skills,Internal,Failed,4,875.83
3250,Fully Meets,2,06-Feb-23,Communication Skills,External,Completed,1,232.39
3251,Fully Meets,5,25-Nov-22,Leadership Development,Internal,Completed,4,719.24
3252,PIP,4,08-Nov-22,Communication Skills,Internal,Incomplete,5,102.7
3255,Fully Meets,3,07-Aug-22,Leadership Development,External,Incomplete,3,975.75
3256,Fully Meets,5,01-Apr-23,Customer Service,External,Failed,4,202.81
3257,Fully Meets,3,24-Jun-23,Project Management,External,Completed,3,309.86
3258,Fully Meets,2,16-Jul-23,Leadership Development,Internal,Completed,2,909.73
3259,Fully Meets,2,11-Jan-23,Project Management,Internal,Failed,5,577.84
3260,Fully Meets,3,03-Dec-22,Customer Service,External,Failed,2,681.18
3262,PIP,4,10-May-23,Communication Skills,Internal,Passed,4,959.73
3263,PIP,2,11-Apr-23,Project Management,Internal,Passed,5,320.26
3264,Fully Meets,5,01-Sep-22,Leadership Development,Internal,Failed,4,506.18
3265,Fully Meets,1,07-Dec-22,Customer Service,External,Failed,1,721.96
3266,Fully Meets,2,17-Nov-22,Project Management,External,Incomplete,5,157.85
3267,Fully Meets,5,27-Oct-22,Communication Skills,External,Incomplete,1,980.78
3268,Fully Meets,2,24-Jun-23,Project Management,Internal,Failed,5,988.08
3269,Fully Meets,1,11-Apr-23,Customer Service,Internal,Passed,1,322.45
3270,Fully Meets,2,13-Oct-22,Leadership Development,External,Passed,1,147.59
3271,Fully Meets,3,15-Mar-23,Technical Skills,External,Passed,3,747.02
3272,Fully Meets,3,30-Jan-23,Leadership Development,External,Passed,2,419.09
3273,Fully Meets,4,04-Nov-22,Technical Skills,Internal,Passed,3,484.19
3275,PIP,3,28-Nov-22,Technical Skills,Internal,Incomplete,3,942.66
3276,Fully Meets,2,15-Aug-22,Project Management,External,Completed,3,826.54
3277,Fully Meets,5,14-Mar-23,Project Management,Internal,Passed,1,997.87
3278,Fully Meets,4,15-Mar-23,Leadership Development,Internal,Failed,3,855.9
3279,Fully Meets,5,30-Oct-22,Technical Skills,Internal,Incomplete,4,518.24
3280,Fully Meets,5,24-Sep-22,Project Management,External,Incomplete,3,580.09
3281,Fully Meets,5,23-Jan-23,Project Management,Internal,Passed,3,104.8
3282,Fully Meets,3,09-May-23,Project Management,External,Failed,2,939.86
3283,Fully Meets,3,03-Mar-23,Communication Skills,Internal,Incomplete,2,353.7
3284,Fully Meets,2,20-Oct-22,Technical Skills,External,Incomplete,5,538.22
3285,PIP,4,07-May-23,Project Management,External,Incomplete,2,698.54
3286,PIP,3,16-May-23,Project Management,External,Completed,1,692.96
3287,Fully Meets,1,18-Aug-22,Project Management,Internal,Incomplete,3,997.37
3288,Fully Meets,2,15-Dec-22,Customer Service,Internal,Failed,1,523.79
3289,Fully Meets,4,31-Mar-23,Customer Service,Internal,Completed,5,923.23
3290,Fully Meets,3,24-Jan-23,Customer Service,External,Completed,5,406.19
3291,Fully Meets,2,02-Oct-22,Technical Skills,Internal,Completed,2,394.74
3292,Fully Meets,4,03-Jan-23,Leadership Development,Internal,Passed,5,237.3
3293,Fully Meets,3,19-Jan-23,Leadership Development,Internal,Incomplete,2,261.25
3295,Fully Meets,5,04-Oct-22,Leadership Development,Internal,Passed,4,286.88
3298,Fully Meets,5,15-Apr-23,Customer Service,Internal,Completed,1,549.56
3299,Fully Meets,4,02-Apr-23,Leadership Development,Internal,Incomplete,4,721.03
3300,Fully Meets,2,24-Apr-23,Leadership Development,External,Incomplete,2,897.32
3301,Fully Meets,1,03-Feb-23,Customer Service,Internal,Incomplete,1,443.13
3303,Fully Meets,3,19-Jul-23,Customer Service,Internal,Incomplete,2,249.76
3304,Fully Meets,4,15-Jun-23,Communication Skills,External,Incomplete,2,123.32
3305,Fully Meets,4,01-Dec-22,Project Management,Internal,Completed,1,149.24
3306,PIP,4,13-Jan-23,Project Management,External,Incomplete,3,267.72
3307,Fully Meets,4,28-Jan-23,Leadership Development,Internal,Passed,5,837.16
3308,Fully Meets,3,05-Apr-23,Project Management,Internal,Passed,4,864.47
3309,Fully Meets,1,15-Sep-22,Customer Service,External,Completed,3,547.86
3310,Fully Meets,3,22-Jul-23,Project Management,External,Incomplete,3,514.23
3311,Fully Meets,4,10-Dec-22,Communication Skills,Internal,Passed,3,773.82
3312,Fully Meets,4,11-Nov-22,Communication Skills,Internal,Failed,4,760.81
3313,Fully Meets,3,30-Mar-23,Technical Skills,Internal,Failed,1,705.95
3314,Fully Meets,4,10-Jun-23,Customer Service,External,Incomplete,2,651.52
3315,Fully Meets,3,03-Feb-23,Leadership Development,Internal,Incomplete,1,976.59
3317,Fully Meets,3,20-Dec-22,Customer Service,External,Passed,1,870.15
3319,Fully Meets,3,27-Jun-23,Technical Skills,Internal,Completed,2,141.88
3320,Fully Meets,5,16-Oct-22,Project Management,Internal,Completed,3,678.77
3321,Fully Meets,2,23-Aug-22,Project Management,Internal,Passed,1,134.05
3322,Fully Meets,4,11-May-23,Communication Skills,External,Failed,5,371.76
3325,Fully Meets,3,17-Apr-23,Technical Skills,External,Completed,4,747.42
3326,Fully Meets,3,06-Nov-22,Project Management,Internal,Completed,3,115.27
3327,Fully Meets,1,04-Jun-23,Customer Service,Internal,Incomplete,3,454.55
3328,Fully Meets,3,26-Nov-22,Technical Skills,Internal,Failed,1,391.22
3329,Fully Meets,4,21-Dec-22,Customer Service,External,Incomplete,3,845.51
3330,Fully Meets,4,22-Apr-23,Project Management,External,Incomplete,2,713.22
3331,Fully Meets,2,11-Aug-22,Communication Skills,Internal,Passed,2,242.55
3332,Fully Meets,3,09-Feb-23,Technical Skills,Internal,Completed,5,385.68
3333,Fully Meets,3,05-Jan-23,Customer Service,Internal,Passed,4,995.4
3334,Fully Meets,3,23-Oct-22,Project Management,External,Completed,5,583.4
3335,Fully Meets,3,17-Mar-23,Project Management,Internal,Incomplete,5,388.61
3336,Fully Meets,3,02-Apr-23,Leadership Development,Internal,Incomplete,4,290.13
3337,Fully Meets,3,28-Apr-23,Customer Service,Internal,Failed,3,933.76
3338,Fully Meets,3,23-Jun-23,Project Management,External,Incomplete,3,796.62
3339,Fully Meets,5,02-Feb-23,Customer Service,External,Failed,4,986.69
3340,Fully Meets,3,09-Jul-23,Technical Skills,External,Failed,4,965.82
3341,Fully Meets,1,19-Jul-23,Technical Skills,Internal,Failed,1,933.59
3342,Fully Meets,2,15-Nov-22,Leadership Development,Internal,Failed,4,583.66
3343,Fully Meets,4,05-Jul-23,Technical Skills,External,Failed,2,819.62
3344,Fully Meets,3,20-Nov-22,Communication Skills,Internal,Failed,5,925.0
3345,Fully Meets,4,28-Dec-22,Project Management,External,Incomplete,5,127.93
3348,Fully Meets,2,29-Apr-23,Project Management,Internal,Passed,2,922.33
3349,Fully Meets,3,31-Aug-22,Project Management,Internal,Incomplete,5,306.01
3350,Fully Meets,5,30-Sep-22,Project Management,Internal,Passed,2,963.95
3351,Fully Meets,2,17-Feb-23,Communication Skills,External,Incomplete,1,388.02
3352,Fully Meets,3,26-Apr-23,Project Management,Internal,Failed,1,140.61
3353,Fully Meets,3,14-Mar-23,Project Management,External,Incomplete,3,749.47
3354,Fully Meets,3,19-Nov-22,Communication Skills,Internal,Incomplete,5,503.22
3355,Fully Meets,5,14-Jun-23,Leadership Development,Internal,Passed,4,492.21
3356,Needs Improvement,3,08-Aug-22,Leadership Development,External,Completed,5,890.94
3357,Exceeds,1,12-Jul-23,Technical Skills,Internal,Failed,2,621.3
3359,Exceeds,3,13-Apr-23,Project Management,External,Passed,5,886.07
3360,Exceeds,2,14-Dec-22,Customer Service,External,Passed,3,740.89
3361,Exceeds,3,14-Nov-22,Communication Skills,External,Passed,1,921.81
3362,Exceeds,1,31-Jul-23,Customer Service,Internal,Passed,2,348.84
3363,Exceeds,5,22-May-23,Customer Service,External,Completed,2,826.15
3364,Exceeds,3,01-Dec-22,Leadership Development,Internal,Completed,1,205.35
3365,Fully Meets,3,23-Aug-22,Communication Skills,External,Incomplete,1,349.86
3366,Exceeds,4,20-Sep-22,Project Management,External,Passed,1,546.47
3367,Exceeds,2,09-Jun-23,Leadership Development,Internal,Passed,2,448.21
3370,Exceeds,3,06-Jun-23,Customer Service,External,Completed,2,264.88
3371,Exceeds,3,01-Dec-22,Communication Skills,Internal,Passed,2,210.15
3372,Fully Meets,4,05-May-23,Technical Skills,External,Passed,4,627.18
3373,Exceeds,2,29-Dec-22,Customer Service,External,Incomplete,1,575.42
3374,Exceeds,4,27-Nov-22,Communication Skills,Internal,Completed,4,123.64
3375,Exceeds,3,30-Jun-23,Technical Skills,Internal,Failed,1,655.61
3376,Exceeds,5,20-Feb-23,Project Management,External,Incomplete,4,410.54
3377,Exceeds,4,24-Oct-22,Communication Skills,Internal,Completed,2,485.17
3378,Exceeds,3,08-Jul-23,Technical Skills,External,Passed,1,731.18
3380,Exceeds,1,26-Oct-22,Technical Skills,Internal,Incomplete,1,399.81
3381,Exceeds,3,30-Aug-22,Customer Service,Internal,Incomplete,4,604.06
3382,Exceeds,5,14-Apr-23,Project Management,Internal,Failed,2,815.35
3383,Exceeds,2,16-Nov-22,Leadership Development,Internal,Failed,4,750.79
3384,Fully Meets,3,19-Nov-22,Leadership Development,Internal,Passed,1,981.44
3385,Fully Meets,3,10-Feb-23,Technical Skills,External,Failed,5,553.4
3386,Fully Meets,2,26-Aug-22,Leadership Development,External,Incomplete,1,348.3
3387,Fully Meets,3,16-Oct-22,Technical Skills,Internal,Completed,3,912.09
3388,Fully Meets,1,03-Nov-22,Leadership Development,External,Failed,2,278.04
3389,Fully Meets,1,18-Oct-22,Project Management,External,Completed,5,812.22
3391,Fully Meets,3,01-Apr-23,Communication Skills,Internal,Incomplete,2,374.13
3392,Fully Meets,2,23-Jan-23,Technical Skills,External,Completed,3,319.39
3393,Needs Improvement,3,30-Jul-23,Leadership Development,External,Passed,5,538.8
3394,Fully Meets,2,12-Sep-22,Leadership Development,External,Incomplete,3,845.75
3395,Needs Improvement,3,24-Aug-22,Communication Skills,Internal,Failed,3,745.69
3396,Fully Meets,4,15-Apr-23,Leadership Development,External,Passed,4,743.92
3397,Fully Meets,3,05-Oct-22,Project Management,Internal,Incomplete,2,826.58
3398,Fully Meets,3,24-Aug-22,Project Management,External,Passed,2,155.61
3399,Fully Meets,2,01-Dec-22,Leadership Development,External,Failed,3,898.26
3400,Fully Meets,1,21-Jul-23,Leadership Development,External,Passed,1,639.06
3402,Fully Meets,3,05-Jul-23,Customer Service,External,Incomplete,2,783.25
3403,Exceeds,3,08-Jun-23,Communication Skills,External,Completed,5,406.68
3406,Fully Meets,5,27-Apr-23,Customer Service,Internal,Incomplete,1,538.94
3407,Fully Meets,5,06-Feb-23,Leadership Development,External,Incomplete,1,501.87
3408,Fully Meets,3,13-Aug-22,Leadership Development,External,Failed,5,877.62
3409,Fully Meets,4,27-Jul-23,Technical Skills,Internal,Failed,2,575.11
3410,Fully Meets,3,05-Mar-23,Leadership Development,External,Failed,2,729.76
3411,Fully Meets,2,31-May-23,Customer Service,Internal,Incomplete,5,961.53
3412,Exceeds,3,07-Oct-22,Leadership Development,External,Incomplete,2,966.67
3413,Fully Meets,5,20-Mar-23,Customer Service,External,Passed,5,394.1
3414,Exceeds,3,23-Jul-23,Project Management,External,Incomplete,2,616.09
3415,Fully Meets,3,16-Sep-22,Leadership Development,Internal,Completed,4,103.35
3416,Fully Meets,2,18-Feb-23,Leadership Development,External,Incomplete,5,488.05
3417,Fully Meets,1,10-Mar-23,Project Management,External,Incomplete,5,906.21
3418,Fully Meets,4,15-Jun-23,Technical Skills,Internal,Completed,4,397.08
3419,Fully Meets,2,18-May-23,Project Management,External,Passed,3,999.72
3420,Fully Meets,2,15-Dec-22,Project Management,External,Passed,2,489.02
3421,Fully Meets,1,22-Jan-23,Customer Service,External,Passed,1,786.71
3423,Fully Meets,3,14-Oct-22,Technical Skills,External,Completed,1,439.65
3424,Fully Meets,2,18-Aug-22,Project Management,Internal,Completed,5,981.13
3425,Fully Meets,2,19-May-23,Technical Skills,External,Completed,3,184.27
3426,Fully Meets,2,02-May-23,Leadership Development,Internal,Failed,5,675.37
